-4980, 2737, 1
-4370, 2320, 1
-5174, -20, 1
-4610, -1734, 1
-4672, 2330, 1
-4485, 1727, 1
-4791, 2324, 1
-4621, 2608, 1
-8970, 1223, 1
-5159, 2172, 1
-4918, -874, 1
-4505, 3531, 1
-8526, 2750, 1
-4323, -982, 1
-4689, -1926, 1
-4406, -219, 1
-4414, 524, 1
-5097, 21, 1
-4454, 2182, 1
-9319, 3363, 1
-8372, 2857, 1
-4452, -1848, 1
-5060, -735, 1
-4274, 2865, 1
-4395, -1050, 1
-4209, 2280, 1
-5104, -650, 1
-4281, -474, 1
-9135, -1147, 1
-5190, 2362, 1
-8568, -820, 1
-4661, -997, 1
-4874, -648, 1
-5122, -99, 1
-4769, 1515, 1
-4581, 267, 1
-4840, 2470, 1
-4723, 2466, 1
-4840, 258, 1
-4538, 3646, 1
-4299, 288, 1
-5125, -461, 1
-5155, 2376, 1
-5056, 2062, 1
-4459, 639, 1
-4882, 380, 1
-4479, 2325, 1
-8565, 2721, 1
-5104, 2159, 1
-4430, 1885, 1
-4638, 3831, 1
-4627, -397, 1
-4787, 2751, 1
-4201, -679, 1
-5002, 1929, 1
-4539, -671, 1
-9158, -1621, 1
-4454, 2692, 1
-4093, -721, 1
-4648, 3710, 1
-4874, 571, 1
-5204, 2120, 1
-4925, 1932, 1
-4638, 3986, 1
-4979, -816, 1
-8604, 2695, 1
-4778, 1608, 1
-5254, 1106, 1
-4585, 286, 1
-8989, -2024, 1
-4984, -840, 1
-4389, -1854, 1
-4938, 474, 1
-8911, 3947, 1
-4550, 518, 1
-4489, -1070, 1
-4122, 2703, 1
-4350, -89, 1
-4123, 2810, 1
-4900, -94, 1
-4682, 438, 1
-4572, 3635, 1
-4614, 366, 1
-4434, 2744, 1
-4964, -405, 1
-3701, 3855, 1
-4978, 2668, 1
-4778, 176, 1
-5006, -495, 1
-4433, 229, 1
-4487, 1765, 1
-9147, -1302, 1
-4544, -969, 1
-4485, 3406, 1
-4414, 3877, 1
-8965, 3290, 1
-4791, -137, 1
-4835, -1074, 1
-4753, 2303, 1
-4960, -835, 1
-5000, 2170, 1
-4434, 531, 1
-4812, -1439, 1
-4775, -1625, 1
-4391, 3624, 1
-4410, 2102, 1
-4607, -1540, 1
-8464, -544, 1
-4605, -208, 1
-8473, -910, 1
-5182, 2184, 1
-4873, -543, 1
-5041, 2181, 1
-4643, -1141, 1
-4447, 1983, 1
-4437, 2174, 1
-4489, 2626, 1
-9305, -1846, 1
-4763, 1892, 1
-4847, 259, 1
-4559, -844, 1
-4756, 1193, 1
-4792, -384, 1
-5121, -404, 1
-8404, -523, 1
-4609, -34, 1
-9029, 2817, 1
-4345, 2596, 1
-5162, 2349, 1
-4402, 76, 1
-4599, 3423, 1
-4733, 1945, 1
-4379, -426, 1
-4856, 2479, 1
-4603, 203, 1
-4761, 2313, 1
-5159, -13, 1
-4705, 34, 1
-4705, 2113, 1
-4281, 3933, 1
-5042, -542, 1
-4326, 197, 1
-8510, 2858, 1
-5167, 2335, 1
-4476, -144, 1
-4717, 3229, 1
-8627, 2726, 1
-4834, 1651, 1
-4506, 2108, 1
-4778, 3328, 1
-5251, 920, 1
-4953, 230, 1
-4490, 754, 1
-5034, 2994, 1
-5022, 1609, 1
-5178, -469, 1
-5255, 447, 1
-5229, 243, 1
-4864, 2260, 1
-9095, 4042, 1
-4459, 1977, 1
-4351, 2865, 1
-4353, 508, 1
-4483, 4075, 1
-4567, 511, 1
-4675, -215, 1
-4870, -283, 1
-4868, -1020, 1
-4969, 2637, 1
-4419, 159, 1
-4333, 1833, 1
-4291, 95, 1
-4490, 179, 1
-4451, 3564, 1
-4956, -1155, 1
-8555, 2796, 1
-4400, 295, 1
-8752, -1149, 1
-5063, 2256, 1
-9043, 3137, 1
-9035, -1005, 1
-5159, -86, 1
-4578, -920, 1
-9185, -1580, 1
-4414, 1541, 1
-4788, -52, 1
-4375, 1765, 1
-9028, 3404, 1
-4778, 48, 1
-5149, 2188, 1
-4874, 2630, 1
-4800, 2725, 1
-4568, -1381, 1
-4248, -617, 1
-4962, 2353, 1
-4598, 1852, 1
-4518, -1736, 1
-4354, 2379, 1
-5242, 1066, 1
-4686, 224, 1
-4853, 587, 1
-4901, 1873, 1
-8915, -1543, 1
-4716, -277, 1
-4233, 2172, 1
-4182, 2475, 1
-5038, 1640, 1
-4624, -1667, 1
-4843, 369, 1
-9085, 3799, 1
-5165, 1978, 1
-4629, 1202, 1
-4526, 38, 1
-4812, -681, 1
-4698, 2366, 1
-4767, -1028, 1
-4354, -1945, 1
-5136, 132, 1
-4818, 2780, 1
-4674, 251, 1
-4933, -1323, 1
-4885, 3430, 1
-4659, -1257, 1
-4690, -1495, 1
-4584, -1344, 1
-4329, 4082, 1
-5039, 296, 1
-4980, -889, 1
-8872, 3746, 1
-8744, 2531, 1
-4389, 1412, 1
-4848, 3530, 1
-4549, 1699, 1
-4428, 22, 1
-4501, -2025, 1
-4847, -393, 1
-4597, -1800, 1
-4427, 3011, 1
-4632, -1532, 1
-4899, 3186, 1
-8962, 3362, 1
-4128, -660, 1
-8660, 3738, 1
-4442, 1933, 1
-4604, 3147, 1
-4543, 1756, 1
-9051, 1134, 1
-8997, -874, 1
-5053, -143, 1
-4609, 4041, 1
-8590, 3046, 1
-8832, 2443, 1
-4504, 3598, 1
-4956, 1797, 1
-4455, 1785, 1
-4829, 1530, 1
-4323, -181, 1
-4513, -956, 1
-4807, -182, 1
-5059, 93, 1
-9040, -1849, 1
-4420, 1297, 1
-8674, 3086, 1
-5129, -458, 1
-8996, -1827, 1
-4833, 1605, 1
-4571, -385, 1
-5036, -969, 1
-4602, 570, 1
-4401, -753, 1
-4674, -105, 1
-9185, -2026, 1
-4873, -500, 1
-8781, -826, 1
-4243, -751, 1
-4572, 1540, 1
-3694, 3817, 1
-4683, 2203, 1
-8525, -644, 1
-4337, 1770, 1
-4746, 1755, 1
-4288, 1907, 1
-8730, -1861, 1
-8620, 3110, 1
-8950, -1599, 1
-4231, 2436, 1
-4861, 2377, 1
-4285, 2581, 1
-5190, 1927, 1
-4793, 2793, 1
-4843, 63, 1
-4772, 2123, 1
-8916, 3437, 1
-5054, -727, 1
-5110, -58, 1
-8733, -695, 1
-4830, 2541, 1
-4610, 364, 1
-4825, -1185, 1
-8900, 3074, 1
-4747, -634, 1
-4752, 3600, 1
-4704, -1733, 1
-4275, 4046, 1
-4696, -1607, 1
-8861, -1541, 1
-5255, 1085, 1
-4362, 2381, 1
-4654, 3820, 1
-5038, 2806, 1
-4647, 2724, 1
-4496, 3, 1
-4690, -1630, 1
-4853, 3366, 1
-4887, -1441, 1
-8966, 3533, 1
-4649, -1991, 1
-4712, 2506, 1
-4331, -1003, 1
-4769, -557, 1
-5024, 2046, 1
-4482, 2532, 1
-4710, -535, 1
-4863, 3079, 1
-4746, -1425, 1
-4882, 1399, 1
-5171, 8, 1
-9038, 3106, 1
-9127, 2990, 1
-4714, 1618, 1
-5083, 1865, 1
-4622, -1442, 1
-5063, 2160, 1
-4705, -1270, 1
-4825, 1579, 1
-4313, 168, 1
-4627, 2881, 1
-4991, 1648, 1
-4505, 2695, 1
-8563, -654, 1
-4405, 4035, 1
-4621, -1515, 1
-4328, -906, 1
-4942, 2908, 1
-4577, 1972, 1
-4687, -785, 1
-4342, 2048, 1
-4518, 3385, 1
-8622, -920, 1
-4587, 2910, 1
-4643, 3763, 1
-8399, 2627, 1
-8653, -1025, 1
-9016, 3938, 1
-9106, -1871, 1
-8938, -2039, 1
-4688, 3077, 1
-4860, -255, 1
-4508, -649, 1
-4224, -405, 1
-5097, 2340, 1
-4355, 1438, 1
-8638, -549, 1
-8949, 3486, 1
-4891, -969, 1
-4265, 2356, 1
-4936, 141, 1
-4652, -711, 1
-4698, -120, 1
-4965, -631, 1
-8671, -964, 1
-4843, -1158, 1
-5334, 948, 1
-4704, 156, 1
-4259, 2430, 1
-3719, 3735, 1
-4613, -190, 1
-4715, -822, 1
-9282, 3698, 1
-5013, 2907, 1
-4795, 2272, 1
-4347, -323, 1
-4559, 3145, 1
-9202, -1550, 1
-8928, 1226, 1
-4673, -262, 1
-4417, -541, 1
-4403, 1396, 1
-5115, -549, 1
-8904, 2358, 1
-5147, 360, 1
-8837, 3606, 1
-4357, 1596, 1
-5086, 2235, 1
-5046, 1, 1
-4806, 2600, 1
-5264, 314, 1
-4894, 598, 1
-4547, -119, 1
-4773, 2245, 1
-3672, -1989, 1
-4529, -2021, 1
-4622, 2720, 1
-4449, 3703, 1
-4938, 3312, 1
-4970, 2936, 1
-4847, 399, 1
-4350, 1836, 1
-4387, 1784, 1
-4781, 2431, 1
-4645, -921, 1
-4855, -524, 1
-8743, 3901, 1
-4776, -691, 1
-4881, -381, 1
-4515, -423, 1
-4558, 2536, 1
-4709, 2516, 1
-4659, -315, 1
-8573, 2841, 1
-4651, 2556, 1
-4790, -294, 1
-5195, 960, 1
-4331, -305, 1
-4842, -97, 1
-4464, 2673, 1
-4479, -1062, 1
-4636, 3516, 1
-8661, 3970, 1
-4539, -1354, 1
-5066, 2441, 1
-4731, -1003, 1
-8994, 4087, 1
-3648, 4044, 1
-4425, 3752, 1
-4793, -1711, 1
-4244, -498, 1
-4220, -358, 1
-4653, 109, 1
-4298, 3970, 1
-4997, 1539, 1
-5076, 2283, 1
-9304, 3409, 1
-4393, -1056, 1
-5194, -223, 1
-4593, -81, 1
-5137, 1745, 1
-4652, 2543, 1
-4670, 2526, 1
-4432, 907, 1
-4596, -1731, 1
-4716, 442, 1
-8723, 3435, 1
-9000, -1610, 1
-4671, -1543, 1
-9203, -1758, 1
-4477, -319, 1
-4429, -850, 1
-5163, -424, 1
-4435, 1334, 1
-5059, 1856, 1
-4350, 1983, 1
-4758, -410, 1
-4321, 1824, 1
-8694, -1087, 1
-4607, 2261, 1
-8713, 2663, 1
-4352, 4024, 1
-4764, 2043, 1
-4638, 3586, 1
-4407, 4034, 1
-4378, -152, 1
-4841, 113, 1
-5159, 1920, 1
-8878, 3663, 1
-4583, 581, 1
-4394, 3086, 1
-4551, 163, 1
-4949, -1244, 1
-4269, -398, 1
-4668, 848, 1
-4379, 1250, 1
-8742, 2840, 1
-9356, 3538, 1
-4150, -792, 1
-4785, -465, 1
-5230, 2080, 1
-4784, 3714, 1
-4943, -1164, 1
-4575, 2846, 1
-9083, 3748, 1
-4970, 1470, 1
-4707, 2452, 1
-4596, -1772, 1
-8823, 3101, 1
-8558, 939, 1
-4581, 497, 1
-4431, 2219, 1
-4547, -666, 1
-4386, 373, 1
-4274, -67, 1
-4348, -325, 1
-4201, -898, 1
-8997, -1126, 1
-4420, -581, 1
-5076, 1602, 1
-4821, 3443, 1
-8681, 3063, 1
-4548, 521, 1
-5154, 1566, 1
-4976, 2219, 1
-4476, 1564, 1
-8435, -923, 1
-8897, 2475, 1
-4429, 3142, 1
-4937, 2571, 1
-4277, -345, 1
-4489, 3961, 1
-9258, -1702, 1
-4764, -879, 1
-4607, 246, 1
-4820, -781, 1
-4847, -445, 1
-4726, -496, 1
-5223, 1787, 1
-8559, -1008, 1
-4614, -373, 1
-5225, 134, 1
-4670, -1755, 1
-4931, -169, 1
-8936, -1569, 1
-4285, 2409, 1
-4935, 252, 1
-4907, 2966, 1
-8867, 2430, 1
-4592, -1654, 1
-5067, -848, 1
-4531, 3570, 1
-4452, 2025, 1
-4985, 2424, 1
-4392, 1956, 1
-9288, 3469, 1
-4740, -1543, 1
-4429, -1995, 1
-4457, 2022, 1
-4272, 2452, 1
-4933, 1742, 1
-4975, -1155, 1
-9194, -1337, 1
-4850, 3176, 1
-4826, -708, 1
-4998, 567, 1
-4916, -295, 1
-5006, 1743, 1
-4665, 645, 1
-4465, 389, 1
-4837, -907, 1
-8914, -1097, 1
-8497, 2774, 1
-4433, 75, 1
-4409, 1743, 1
-5104, 1479, 1
-5174, 1503, 1
-4676, -1047, 1
-4872, 231, 1
-4994, 2075, 1
-8831, -1101, 1
-4943, -611, 1
-4496, -2013, 1
-4303, 32, 1
-9038, 820, 1
-4670, 2437, 1
-4918, 1744, 1
-5084, -177, 1
-8464, -769, 1
-4566, -1303, 1
-8765, 3038, 1
-4559, -1982, 1
-4512, -1440, 1
-9135, 806, 1
-5113, 159, 1
-4931, 3232, 1
-8647, -852, 1
-5191, 137, 1
-4382, -526, 1
-5112, 83, 1
-9305, -1325, 1
-4386, 4006, 1
-4320, -505, 1
-4523, -1715, 1
-4655, 1865, 1
-8628, -774, 1
-4418, -484, 1
-5338, 1188, 1
-4536, -80, 1
-4374, 3701, 1
-4604, 1427, 1
-4421, 2050, 1
-9100, 3151, 1
-9285, 3328, 1
-4407, -2041, 1
-4542, -2044, 1
-4777, 561, 1
-4237, -379, 1
-4659, 297, 1
-4492, 1480, 1
-4668, 3811, 1
-4429, 757, 1
-4852, 2869, 1
-4354, -165, 1
-5056, -644, 1
-4382, -1693, 1
-4716, 2648, 1
-4712, -1556, 1
-9277, 3843, 1
-4430, 2609, 1
-4462, 464, 1
-8915, 2932, 1
-4373, 2743, 1
-4559, -1607, 1
-4426, 3619, 1
-4265, -291, 1
-4576, 1953, 1
-4681, 1983, 1
-4460, 153, 1
-4380, 300, 1
-4719, 382, 1
-4502, 827, 1
-4817, -711, 1
-8905, -227, 1
-4886, 1694, 1
-5223, 215, 1
-4808, -333, 1
-8790, 3667, 1
-8902, 2530, 1
-5134, -557, 1
-5012, -274, 1
-5006, 3111, 1
-8846, -1200, 1
-4297, -600, 1
-4688, 2292, 1
-8444, 2594, 1
-4476, 2992, 1
-4579, 2577, 1
-4481, 3515, 1
-4765, 532, 1
-4747, -1231, 1
-4604, 3042, 1
-8767, -1829, 1
-8812, 3212, 1
-4647, -1227, 1
-5105, 564, 1
-5221, 403, 1
-4477, -1165, 1
-4523, 2457, 1
-4429, 3778, 1
-4550, 278, 1
-4457, 2354, 1
-4979, 2836, 1
-4349, 2437, 1
-4627, -1661, 1
-5007, 84, 1
-4572, 3206, 1
-4664, 1785, 1
-4605, -178, 1
-4944, -1005, 1
-5171, 4, 1
-3705, 3832, 1
-4619, 518, 1
-9209, -976, 1
-5009, -120, 1
-4656, 3336, 1
-4853, -777, 1
-4825, 2385, 1
-4669, -1802, 1
-4939, 520, 1
-4683, 313, 1
-4997, 435, 1
-4882, 223, 1
-8494, 3012, 1
-4428, 1263, 1
-8944, -1966, 1
-4287, 2071, 1
-4325, 1549, 1
-4819, 2067, 1
-4608, -1807, 1
-4314, 2343, 1
-4208, -520, 1
-4711, 2173, 1
-5130, 1744, 1
-4560, 1659, 1
-4929, 316, 1
-8817, 4051, 1
-4832, 2424, 1
-4322, -948, 1
-4733, 1666, 1
-4825, -405, 1
-9071, 3422, 1
-4370, 1524, 1
-4718, 2315, 1
-4228, 2369, 1
-9122, 3570, 1
-4481, 145, 1
-4450, 3679, 1
-4562, 1417, 1
-8638, -1032, 1
-5014, 2603, 1
-8669, 3787, 1
-4576, -880, 1
-4673, -774, 1
-4708, 2764, 1
-4755, -819, 1
-4485, 820, 1
-4475, 1739, 1
-4417, 405, 1
-8727, 2482, 1
-4175, 2731, 1
-4875, -1168, 1
-5004, -888, 1
-4521, 2460, 1
-4415, 3121, 1
-4723, -1635, 1
-4626, 3475, 1
-4281, 2447, 1
-8357, 2793, 1
-4550, 402, 1
-5174, -77, 1
-4555, -582, 1
-8995, 3664, 1
-4744, 397, 1
-4666, 1949, 1
-5053, 2439, 1
-4256, 2979, 1
-5070, 90, 1
-8720, 3181, 1
-4506, 353, 1
-3670, 3892, 1
-4679, 3602, 1
-4724, 380, 1
-8729, 2917, 1
-4509, 3350, 1
-4405, -2013, 1
-3686, 3871, 1
-4069, 2872, 1
-4566, 81, 1
-5061, 2168, 1
-5086, 1039, 1
-4564, 118, 1
-4068, -788, 1
-5120, -588, 1
-9174, -1995, 1
-4492, 2518, 1
-4404, -11, 1
-9175, 3688, 1
-4316, 308, 1
-4958, 416, 1
-4711, -614, 1
-4726, 2942, 1
-4832, -828, 1
-9279, -1327, 1
-4635, -152, 1
-4859, 410, 1
-4685, -31, 1
-3633, -1989, 1
-4577, 2799, 1
-4169, -598, 1
-8826, 2745, 1
-8617, -772, 1
-4725, -1088, 1
-4546, 2848, 1
-4790, 453, 1
-4225, 2519, 1
-3542, -2027, 1
-8999, -515, 1
-4816, 2752, 1
-4647, 2794, 1
-4877, -1239, 1
-4907, -53, 1
-8744, -831, 1
-4722, -607, 1
-4941, 2327, 1
-8422, 2677, 1
-5131, 2261, 1
-8937, 2732, 1
-5332, 1444, 1
-4771, -1407, 1
-9195, 3090, 1
-4466, -1569, 1
-5151, -515, 1
-4872, 2115, 1
-4388, 1824, 1
-5014, -930, 1
-5086, 66, 1
-4393, 447, 1
-4360, -901, 1
-4560, -1862, 1
-8510, -648, 1
-4887, -627, 1
-8431, 2993, 1
-4554, 3459, 1
-4111, -740, 1
-5196, 253, 1
-4400, 636, 1
-5097, 1960, 1
-4945, 2875, 1
-5033, -188, 1
-8882, 3723, 1
-4375, -876, 1
-5066, 1815, 1
-4507, 3622, 1
-9286, -1347, 1
-9283, 3455, 1
-8534, 2992, 1
-5019, 3053, 1
-4209, 2930, 1
-9342, 1014, 1
-4981, 2345, 1
-4762, 3237, 1
-4355, 276, 1
-9328, 802, 1
-4382, 2143, 1
-9011, -2042, 1
-4461, 2170, 1
-4967, 327, 1
-8989, 2497, 1
-4294, 2337, 1
-9080, 2887, 1
-5066, 2152, 1
-8847, 3316, 1
-4563, 2273, 1
-4478, 666, 1
-4387, -71, 1
-9089, -1156, 1
-4854, 550, 1
-9263, -1778, 1
-4391, 1262, 1
-4379, 1850, 1
-4782, -1185, 1
-5178, 1872, 1
-4822, 3288, 1
-4752, 479, 1
-4887, 376, 1
-4427, -1559, 1
-4518, 1203, 1
-5115, -604, 1
-9063, 3540, 1
-5190, 127, 1
-8929, -1294, 1
-4829, 1, 1
-4719, 3608, 1
-9247, -1340, 1
-8361, 2841, 1
-4488, 3408, 1
-5156, -139, 1
-8778, 3607, 1
-4356, -799, 1
-9022, 4049, 1
-4796, -472, 1
-4967, 3006, 1
-5233, 418, 1
-5091, 1617, 1
-3678, -1935, 1
-9280, -1835, 1
-4716, 1806, 1
-4120, 2804, 1
-4878, 892, 1
-9358, -1486, 1
-3730, 3716, 1
-4460, 1532, 1
-4419, 4001, 1
-4181, -415, 1
-4934, 109, 1
-8780, 2953, 1
-4839, 3548, 1
-4127, -806, 1
-4354, 1635, 1
-4510, 411, 1
-4274, -2012, 1
-4400, 1612, 1
-4893, 1863, 1
-4882, 3297, 1
-9268, -1699, 1
-9012, 3800, 1
-5127, -7, 1
-4264, 3023, 1
-4726, 1872, 1
-4336, -674, 1
-4830, 2614, 1
-4502, 3978, 1
-4778, -635, 1
-8929, 3185, 1
-4648, 2386, 1
-4549, 1962, 1
-4673, -168, 1
-4300, -727, 1
-4955, 3229, 1
-4723, 2279, 1
-5054, 113, 1
-9122, 3892, 1
-4725, 3403, 1
-4640, 4081, 1
-9104, -1896, 1
-4750, -13, 1
-4367, 2997, 1
-4771, 2473, 1
-9215, -1914, 1
-9140, -1545, 1
-8811, 3157, 1
-4774, 3217, 1
-5021, 337, 1
-8940, 2677, 1
-5017, 86, 1
-8943, 2731, 1
-3645, 4050, 1
-4796, 2591, 1
-4810, 2158, 1
-4745, 1649, 1
-4961, -560, 1
-4814, 2761, 1
-4583, -4, 1
-4696, -174, 1
-4489, 2887, 1
-4884, 3404, 1
-4738, -1739, 1
-4744, 565, 1
-4515, 3231, 1
-4373, 652, 1
-4663, 830, 1
-4665, 3925, 1
-4638, -1149, 1
-4427, -7, 1
-4636, -1661, 1
-4841, -1581, 1
-4568, 3604, 1
-4777, 1426, 1
-4790, 1811, 1
-9125, 3589, 1
-4157, -704, 1
-4834, -71, 1
-4258, 2937, 1
-5032, 3103, 1
-4415, 3816, 1
-4745, 1523, 1
-5011, 2984, 1
-4250, -780, 1
-5153, 524, 1
-4700, 2859, 1
-4785, -1666, 1
-4447, 807, 1
-5020, 287, 1
-4735, 315, 1
-4848, -1570, 1
-4742, -285, 1
-8798, -890, 1
-4815, 2249, 1
-4392, -73, 1
-4337, -203, 1
-4476, 1997, 1
-4722, 3084, 1
-8752, 3417, 1
-4490, 3730, 1
-9351, 3414, 1
-4562, -1701, 1
-8985, 2764, 1
-4803, -1138, 1
-4883, 2035, 1
-4394, 1671, 1
-8944, -1862, 1
-4572, -1031, 1
-4527, 1407, 1
-4620, -245, 1
-4479, -391, 1
-8475, 2970, 1
-4747, 3773, 1
-4285, 18, 1
-5014, 2644, 1
-9031, 2847, 1
-5213, 2376, 1
-4518, 342, 1
-4309, 411, 1
-9221, 3602, 1
-9114, 3369, 1
-4906, 3153, 1
-4309, 2344, 1
-9005, 3553, 1
-4775, 230, 1
-3648, -1883, 1
-9239, 3858, 1
-5054, 2087, 1
-4731, -1517, 1
-4129, 2658, 1
-9025, -926, 1
-4694, 1995, 1
-4779, 3058, 1
-4993, 1597, 1
-5073, -163, 1
-4916, 2182, 1
-8906, -245, 1
-4637, -282, 1
-4685, 3934, 1
-4312, -75, 1
-4739, 2748, 1
-4653, -1572, 1
-5053, 2947, 1
-4689, 3418, 1
-5068, -397, 1
-4761, -1462, 1
-8544, -606, 1
-4357, 3834, 1
-4765, -1723, 1
-8839, 4001, 1
-8829, -2033, 1
-9249, 3729, 1
-9210, 3230, 1
-4637, -1567, 1
-4194, 2678, 1
-4787, 609, 1
-5037, 1687, 1
-4958, 4, 1
-4814, 2286, 1
-4368, -819, 1
-4466, 1854, 1
-4753, -356, 1
-8933, 2727, 1
-5226, 522, 1
-5183, 316, 1
-4352, -411, 1
-4793, -485, 1
-5304, 983, 1
-4766, 3679, 1
-5001, 2755, 1
-4333, 507, 1
-4295, -2004, 1
-4662, 1560, 1
-4928, -560, 1
-4752, 3235, 1
-4945, 229, 1
-4890, 1554, 1
-4771, 1493, 1
-4451, -107, 1
-8729, 3467, 1
-5305, 1779, 1
-4891, 2575, 1
-4856, -1018, 1
-4636, 2842, 1
-4943, 2080, 1
-8682, 2953, 1
-9127, -1381, 1
-4476, 2364, 1
-3679, -1972, 1
-4778, -1042, 1
-4413, 1966, 1
-5051, 2628, 1
-4417, 3646, 1
-4749, -1014, 1
-8628, -1909, 1
-4700, -414, 1
-4823, 2831, 1
-4949, 2406, 1
-4392, 1544, 1
-4620, 606, 1
-4301, 2081, 1
-5091, 300, 1
-4944, -1147, 1
-4961, 2080, 1
-4643, -1234, 1
-4232, -615, 1
-5130, -83, 1
-4812, 3306, 1
-4842, -1413, 1
-4784, 241, 1
-5073, 2203, 1
-4427, 1254, 1
-8745, 2948, 1
-4962, -655, 1
-4625, -1439, 1
-4874, 176, 1
-4552, 1771, 1
-8923, 1024, 1
-4476, -1897, 1
-4633, 468, 1
-4391, 2858, 1
-4586, 1696, 1
-4767, 3183, 1
-4550, 3192, 1
-4852, 3195, 1
-4589, -1524, 1
-4452, 295, 1
-4772, 2723, 1
-4711, -960, 1
-4863, -1490, 1
-4467, 2423, 1
-8708, -759, 1
-4894, -1053, 1
-4603, 1491, 1
-4737, 2823, 1
-8905, 2863, 1
-4484, -1069, 1
-4635, 3990, 1
-8851, 3235, 1
-4443, 526, 1
-4511, 1858, 1
-4415, -750, 1
-3580, -1950, 1
-4609, 4084, 1
-5075, 2413, 1
-5259, 326, 1
-4911, 3443, 1
-4304, -612, 1
-4304, 2202, 1
-4279, -445, 1
-4661, -442, 1
-4663, -1780, 1
-8358, -919, 1
-4526, -21, 1
-8597, -1068, 1
-4730, -629, 1
-5102, 1012, 1
-5123, 1666, 1
-4823, -1232, 1
-4305, 2060, 1
-4536, -1934, 1
-4970, 2684, 1
-4600, 3755, 1
-4897, -172, 1
-4401, 2244, 1
-4460, 369, 1
-5026, 1923, 1
-4770, 2491, 1
-4844, -1097, 1
-9124, -1526, 1
-4674, 2905, 1
-8489, 2908, 1
-4702, 2735, 1
-4368, 1652, 1
-4945, 414, 1
-4469, 2934, 1
-4162, -570, 1
-4483, 3795, 1
-4653, 3273, 1
-4411, 4046, 1
-4405, 1399, 1
-9159, 3999, 1
-3632, -1875, 1
-8923, 3332, 1
-4956, -804, 1
-8627, -503, 1
-4838, -1302, 1
-4365, -1800, 1
-4587, 175, 1
-9047, 3417, 1
-4496, -639, 1
-5142, 2106, 1
-8649, 2860, 1
-9104, -1093, 1
-4217, 2574, 1
-8384, -742, 1
-8983, 3858, 1
-4718, 2087, 1
-4575, -1154, 1
-9132, -826, 1
-4766, 1581, 1
-4705, 2491, 1
-8838, -943, 1
-4390, 3754, 1
-4536, 267, 1
-4491, 2104, 1
-9184, 1124, 1
-8851, 1219, 1
-4531, 2213, 1
-8584, 2957, 1
-4140, -549, 1
-9180, 3011, 1
-4954, 1856, 1
-4310, -222, 1
-8951, 3322, 1
-3570, 4071, 1
-4768, -525, 1
-8991, -1709, 1
-4110, 2829, 1
-8996, -548, 1
-4496, -1116, 1
-4636, 1553, 1
-4558, -545, 1
-8629, -927, 1
-8771, 2685, 1
-8877, 2165, 1
-4757, -1074, 1
-8953, -1217, 1
-4863, -137, 1
-4453, -81, 1
-4876, -673, 1
-4201, -738, 1
-4951, 106, 1
-5197, 2049, 1
-4991, -597, 1
-4947, 2267, 1
-4994, 450, 1
-4895, -791, 1
-4895, 2512, 1
-4615, 528, 1
-4541, -1043, 1
-8938, 1135, 1
-4472, -823, 1
-4877, 229, 1
-4538, 176, 1
-4370, -1706, 1
-4776, 2600, 1
-8754, -957, 1
-4625, 373, 1
-5223, 203, 1
-8713, -1098, 1
-4459, 356, 1
-5317, 1586, 1
-4261, -1944, 1
-3670, 3893, 1
-4786, -266, 1
-8966, -1296, 1
-4625, 3856, 1
-4881, 2227, 1
-4930, 1796, 1
-4401, 3655, 1
-4879, 1550, 1
-4782, 189, 1
-4457, 642, 1
-4463, 2024, 1
-5051, -200, 1
-4131, -779, 1
-4958, 1467, 1
-4327, 4071, 1
-8924, -701, 1
-4576, -903, 1
-5065, -434, 1
-4620, 2138, 1
-4918, 2096, 1
-5200, 420, 1
-9181, 4070, 1
-5035, 200, 1
-4664, -270, 1
-4466, 2584, 1
-4249, -647, 1
-4363, 2138, 1
-4061, 2871, 1
-4424, 2740, 1
-4422, 2115, 1
-4486, 2069, 1
-8917, -1725, 1
-4674, 2653, 1
-4253, 2750, 1
-4581, 3185, 1
-4611, 1881, 1
-4292, -1930, 1
-9232, -1508, 1
-4121, 2774, 1
-4353, 2481, 1
-4663, -234, 1
-4472, 670, 1
-4712, 3283, 1
-5016, 1774, 1
-4421, 2452, 1
-4458, 1852, 1
-5009, 249, 1
-4564, -782, 1
-5033, -204, 1
-4865, -841, 1
-4428, -1513, 1
-4697, -318, 1
-3694, 3940, 1
-4849, 1536, 1
-4663, -1952, 1
-4729, 1911, 1
-9179, -1020, 1
-4278, 2001, 1
-5021, 2796, 1
-4677, 557, 1
-8712, -985, 1
-4333, -434, 1
-4595, -564, 1
-4681, 2552, 1
-4273, 1983, 1
-4818, -89, 1
-4315, -1967, 1
-4870, 2218, 1
-5164, 2429, 1
-4283, 3021, 1
-4896, 3125, 1
-8407, 2555, 1
-4106, -706, 1
-4509, 2098, 1
-4257, -306, 1
-4560, -467, 1
-9014, 3225, 1
-9139, 3322, 1
-4817, 1, 1
-4519, 499, 1
-8856, 2840, 1
-4303, 2739, 1
-4677, -255, 1
-4829, -1526, 1
-4370, 219, 1
-4966, 1948, 1
-4589, 3683, 1
-4789, 2928, 1
-5033, -903, 1
-5175, 1814, 1
-3649, 3952, 1
-4233, -181, 1
-4376, 1795, 1
-8801, 3578, 1
-4633, 3135, 1
-4323, 506, 1
-4300, 2, 1
-5038, 262, 1
-9162, -1161, 1
-4575, -1140, 1
-4794, -268, 1
-4218, -845, 1
-4500, 2505, 1
-4841, 652, 1
-4739, 3551, 1
-4964, 302, 1
-8957, 2853, 1
-4605, 397, 1
-4584, 4066, 1
-4820, 2548, 1
-9171, 3535, 1
-4739, 2539, 1
-4720, 3172, 1
-5021, -352, 1
-5181, 1909, 1
-5007, -988, 1
-4464, 270, 1
-4461, 1309, 1
-4639, 2414, 1
-4745, -921, 1
-8738, 1024, 1
-8706, -1928, 1
-9021, -1398, 1
-4181, 2659, 1
-5229, -23, 1
-4741, 2979, 1
-4179, 2799, 1
-4691, 678, 1
-4904, 220, 1
-8976, -586, 1
-4385, 2913, 1
-4352, 3055, 1
-4544, -1289, 1
-4522, 3853, 1
-4497, 2994, 1
-4434, 1889, 1
-4969, 1665, 1
-4701, 534, 1
-4793, -442, 1
-4509, -1506, 1
-8874, -869, 1
-4549, 2491, 1
-9068, -1376, 1
-5164, -460, 1
-4734, 2266, 1
-4685, -427, 1
-5031, 191, 1
-5004, 2584, 1
-4284, 2137, 1
-4746, 1022, 1
-4534, 171, 1
-5098, 1955, 1
-4620, 396, 1
-4608, 2705, 1
-5115, 129, 1
-9281, 3895, 1
-4936, -895, 1
-4760, 651, 1
-5226, 913, 1
-4698, -634, 1
-4432, 2905, 1
-4983, 2815, 1
-4792, 3439, 1
-4894, 2732, 1
-4699, 3900, 1
-5001, 2385, 1
-5041, 2497, 1
-4497, 2910, 1
-5002, 2800, 1
-3646, -1916, 1
-4771, 310, 1
-4767, 1740, 1
-5255, 964, 1
-4308, -43, 1
-4641, 1426, 1
-4797, 1781, 1
-4463, -2015, 1
-4363, -1891, 1
-4529, -433, 1
-4209, 2750, 1
-4687, -45, 1
-4154, 2757, 1
-4995, -158, 1
-3655, -1913, 1
-4283, 6, 1
-4837, -545, 1
-4574, 3275, 1
-5127, 468, 1
-9062, -728, 1
-9015, 1134, 1
-4188, -556, 1
-4426, 1570, 1
-4487, -1061, 1
-4485, 1616, 1
-4689, 1638, 1
-8892, 2268, 1
-4875, -1135, 1
-4293, -596, 1
-4949, 2586, 1
-4510, 3887, 1
-4350, 598, 1
-5038, 100, 1
-4249, -455, 1
-4461, 3687, 1
-4468, 4037, 1
-4596, 491, 1
-4780, 1671, 1
-5013, -222, 1
-4845, 2595, 1
-4539, -1550, 1
-4424, 2466, 1
-9025, 3579, 1
-4665, 2292, 1
-4695, 349, 1
-5013, 1911, 1
-4696, 3721, 1
-4827, 1971, 1
-4904, 416, 1
-4975, 61, 1
-5051, 2040, 1
-4710, 3589, 1
-4385, 2772, 1
-4362, 1733, 1
-4752, 1998, 1
-4591, 2126, 1
-4820, 3263, 1
-8853, 3153, 1
-4549, 511, 1
-4635, 2179, 1
-9106, 2968, 1
-4762, -584, 1
-5126, 2361, 1
-9017, -1011, 1
-4696, 2870, 1
-4469, -178, 1
-8496, 3063, 1
-4814, 257, 1
-4870, 363, 1
-4870, 3483, 1
-4837, -699, 1
-4557, -287, 1
-4311, -84, 1
-5010, 331, 1
-4224, 2765, 1
-4679, 2037, 1
-4491, 1507, 1
-4600, 3441, 1
-4802, -1535, 1
-4512, 2308, 1
-4276, -1909, 1
-5254, -92, 1
-4335, 2855, 1
-8964, -552, 1
-4349, 602, 1
-4474, 2445, 1
-4855, -921, 1
-5009, 3025, 1
-4412, -125, 1
-4728, 3124, 1
-4487, -1883, 1
-4830, 355, 1
-4970, -219, 1
-4693, 2088, 1
-4303, -1991, 1
-4289, -494, 1
-4411, 1350, 1
-5056, -215, 1
-4600, -1485, 1
-4574, 2365, 1
-4303, 4044, 1
-8911, 3015, 1
-8755, -783, 1
-8432, -862, 1
-4475, 2794, 1
-5193, -255, 1
-4430, -1855, 1
-4699, 2283, 1
-4842, 2308, 1
-4278, 2832, 1
-4567, 1455, 1
-4499, -99, 1
-5058, 2574, 1
-4847, 2620, 1
-8537, 2909, 1
-5091, 35, 1
-4913, 2319, 1
-4442, 3128, 1
-4797, -522, 1
-4758, 377, 1
-8830, -1671, 1
-4339, 2451, 1
-4852, 3056, 1
-4465, 2948, 1
-4390, -436, 1
-4398, -1852, 1
-8710, -1070, 1
-4796, -1068, 1
-4446, -1109, 1
-4485, 3012, 1
-4963, 1702, 1
-4952, 2379, 1
-4565, 587, 1
-4612, -1398, 1
-4430, -894, 1
-4555, 3755, 1
-4880, 2651, 1
-4448, -1476, 1
-4691, 381, 1
-4764, 2284, 1
-8804, 3562, 1
-4470, -1360, 1
-4905, 3176, 1
-4941, 2028, 1
-8397, 2943, 1
-5004, 362, 1
-5096, 2198, 1
-4711, 243, 1
-9230, 3788, 1
-4792, 2872, 1
-4689, -1000, 1
-4601, 2955, 1
-5171, 7, 1
-5146, 336, 1
-4693, 2940, 1
-8410, -722, 1
-4816, -535, 1
-4890, 2370, 1
-4813, 2292, 1
-4555, -1765, 1
-4607, -531, 1
-4929, 588, 1
-4436, -876, 1
-9043, -611, 1
-4899, 475, 1
-4499, 136, 1
-4335, 2994, 1
-4806, -983, 1
-4459, -1481, 1
-9296, 3857, 1
-4554, 3326, 1
-4577, 1494, 1
-4904, 1590, 1
-5075, 1796, 1
-5326, 550, 1
-4219, -891, 1
-4574, 2583, 1
-4360, 2039, 1
-4550, -907, 1
-4830, -852, 1
-4454, 255, 1
-4709, -921, 1
-5047, -564, 1
-4622, -504, 1
-4597, 69, 1
-8600, -880, 1
-4604, -1526, 1
-4658, 3580, 1
-9088, 3861, 1
-5093, 386, 1
-4368, 3667, 1
-4942, 1857, 1
-8979, 3454, 1
-5214, 1640, 1
-4471, -35, 1
-8690, 2995, 1
-4832, 2525, 1
-4295, -1846, 1
-5146, 2681, 1
-4464, -1112, 1
-4684, -1933, 1
-5345, 990, 1
-4579, 1688, 1
-4804, -381, 1
-4851, 3418, 1
-8970, -547, 1
-5313, 545, 1
-4755, 3737, 1
-4809, 3442, 1
-4909, 3231, 1
-5216, 327, 1
-4941, -1304, 1
-4409, 2146, 1
-4316, 1654, 1
-4676, 62, 1
-5039, 281, 1
-4937, -199, 1
-4353, 2079, 1
-4864, 3407, 1
-4861, 1557, 1
-4445, -781, 1
-4314, 72, 1
-4794, 3175, 1
-4435, 1299, 1
-9165, 3300, 1
-4342, 1468, 1
-9090, 2742, 1
-5297, 255, 1
-4391, 1289, 1
-4880, 2710, 1
-8991, 820, 1
-8992, 3171, 1
-8747, 2864, 1
-4509, 1478, 1
-4479, -811, 1
-5237, 112, 1
-4661, 3693, 1
-8519, -586, 1
-8838, 3252, 1
-4731, 1663, 1
-4609, -1692, 1
-4672, 62, 1
-5334, 651, 1
-4725, -1725, 1
-4752, 2363, 1
-4766, 2105, 1
-4305, -580, 1
-5204, 1999, 1
-4469, 125, 1
-8577, -639, 1
-4449, -2007, 1
-4477, -391, 1
-8890, 3102, 1
-4521, 2018, 1
-8726, 2776, 1
-4405, 2791, 1
-4426, 552, 1
-4506, -1410, 1
-9303, 3575, 1
-8641, 2817, 1
-4496, 3210, 1
-4254, 2361, 1
-4881, 3215, 1
-4754, 1186, 1
-8817, 3279, 1
-4400, 561, 1
-4686, 2537, 1
-5334, 941, 1
-4341, 1816, 1
-8642, -1054, 1
-4734, 1725, 1
-9009, -2025, 1
-5118, 474, 1
-4922, 1923, 1
-4624, 3364, 1
-4463, 2662, 1
-8830, -1523, 1
-5207, 1676, 1
-5031, 2399, 1
-4974, 236, 1
-4761, -1069, 1
-4543, 251, 1
-8895, 3605, 1
-4290, -810, 1
-5229, 2034, 1
-4399, 2910, 1
-4124, 2815, 1
-5047, 1565, 1
-4445, 2732, 1
-4216, 2318, 1
-4168, 2801, 1
-5039, 1664, 1
-4415, 753, 1
-4582, 2044, 1
-3634, -1919, 1
-4444, 2833, 1
-9355, 3790, 1
-4773, -257, 1
-5246, 65, 1
-5047, 2900, 1
-9096, 3137, 1
-9077, 3412, 1
-4484, -1674, 1
-8874, -899, 1
-9349, -1428, 1
-5284, 1014, 1
-5168, 253, 1
-4602, 3754, 1
-4827, 583, 1
-4603, 2875, 1
-4696, 2393, 1
-4550, 511, 1
-9030, 3719, 1
-4401, -828, 1
-4934, -392, 1
-5205, 1657, 1
-4806, 3037, 1
-4498, 3703, 1
-3697, 3903, 1
-5076, -531, 1
-4732, -392, 1
-4507, -658, 1
-8973, 3953, 1
-4478, -1146, 1
-4691, 2183, 1
-4519, 3654, 1
-9047, -1974, 1
-4822, 325, 1
-5226, 2012, 1
-4646, -470, 1
-4807, 29, 1
-4927, 267, 1
-4650, -682, 1
-5063, 1488, 1
-4544, -584, 1
-4565, -550, 1
-4210, -421, 1
-4479, -1431, 1
-4295, 135, 1
-4814, -1004, 1
-5111, -671, 1
-5305, 1005, 1
-4647, 83, 1
-3609, -1884, 1
-5220, 1790, 1
-4549, 2131, 1
-5159, -308, 1
-4234, -2007, 1
-4338, -540, 1
-4282, 2056, 1
-4334, -993, 1
-4796, 3416, 1
-4826, -1151, 1
-4579, 1782, 1
-4332, 2079, 1
-4457, -800, 1
-4720, 404, 1
-4722, 2929, 1
-4657, 114, 1
-4422, 3578, 1
-4395, 1541, 1
-4721, 3862, 1
-4744, 1577, 1
-4634, 1563, 1
-4587, 572, 1
-4593, 422, 1
-4296, 1877, 1
-4813, 1593, 1
-4651, -1665, 1
-9220, -2006, 1
-4186, -419, 1
-4498, 631, 1
-5026, 2564, 1
-4381, -161, 1
-4829, -1019, 1
-3645, 4068, 1
-9291, 3556, 1
-4790, -495, 1
-4499, 2544, 1
-5201, 551, 1
-8848, 3031, 1
-4339, 157, 1
-4883, 888, 1
-8553, 2660, 1
-4380, 325, 1
-4512, 1210, 1
-4613, 823, 1
-4723, 3569, 1
-4600, 3049, 1
-4416, -880, 1
-9034, -1279, 1
-4776, 2514, 1
-4299, -327, 1
-4801, -907, 1
-4137, 2882, 1
-5012, -691, 1
-4227, 2252, 1
-4889, -1413, 1
-3589, 3968, 1
-4236, -1987, 1
-5166, 2396, 1
-4984, -1084, 1
-5214, 453, 1
-9092, -731, 1
-4745, 303, 1
-4738, 493, 1
-9151, -1958, 1
-4417, 3906, 1
-4655, 1192, 1
-4480, -1128, 1
-4296, 1800, 1
-4644, -1219, 1
-3564, -2048, 1
-4474, -344, 1
-9078, 3420, 1
-8840, 3555, 1
-4385, -1049, 1
-9128, -1964, 1
-5157, 1622, 1
-9114, -1301, 1
-9050, 4028, 1
-4638, 3967, 1
-4806, -25, 1
-4856, -697, 1
-5050, 1928, 1
-4538, -1511, 1
-4293, 2334, 1
-4648, 2679, 1
-8435, -825, 1
-8855, -1082, 1
-4294, -843, 1
-5096, 1683, 1
-5174, 167, 1
-5174, 73, 1
-4563, -1020, 1
-4815, 2500, 1
-4713, -1388, 1
-4540, 3829, 1
-5054, 2194, 1
-4816, 1519, 1
-4570, 2206, 1
-5053, 1738, 1
-4919, 3362, 1
-4778, 2362, 1
-4420, 3129, 1
-8776, -1622, 1
-9245, 3585, 1
-4268, 2744, 1
-5175, -4, 1
-4936, -265, 1
-8787, 2811, 1
-4359, 718, 1
-8454, -695, 1
-3679, 4012, 1
-4752, -920, 1
-4624, -1252, 1
-4568, 279, 1
-4433, 2361, 1
-8923, -1816, 1
-4475, 2012, 1
-4502, 552, 1
-4548, -1997, 1
-5017, -1089, 1
-4465, 3624, 1
-8757, 2739, 1
-3579, -1979, 1
-4654, 190, 1
-4800, 2400, 1
-4780, 254, 1
-5080, 1827, 1
-5054, 313, 1
-4335, 2464, 1
-8600, 2950, 1
-8923, 3493, 1
-4820, -171, 1
-4678, -1415, 1
-5177, 1030, 1
-4447, 297, 1
-4423, -2029, 1
-4600, 3146, 1
-8592, 2867, 1
-4746, 2522, 1
-4645, -783, 1
-4452, 479, 1
-4666, -735, 1
-4691, 2879, 1
-4935, 2802, 1
-4374, -1712, 1
-4499, 3346, 1
-4550, -649, 1
-4477, -634, 1
-4244, -1969, 1
-4591, 2739, 1
-5172, 1019, 1
-5165, 2509, 1
-9030, -815, 1
-4496, -1127, 1
-5034, 2158, 1
-4609, -502, 1
-4715, 1647, 1
-8905, 3015, 1
-9081, 3484, 1
-4918, -719, 1
-9082, 2714, 1
-4566, -1396, 1
-4195, 2450, 1
-4378, 2187, 1
-4923, 2762, 1
-8764, -1113, 1
-4441, 3766, 1
-4562, -96, 1
-4418, -1557, 1
-4757, 3825, 1
-5099, 171, 1
-4716, 3452, 1
-4420, 2272, 1
-9067, 1138, 1
-5029, 2146, 1
-4852, 1880, 1
-4220, -509, 1
-8347, -921, 1
-4495, 3720, 1
-4719, 3331, 1
-4850, -478, 1
-4372, 2742, 1
-8894, -928, 1
-4833, 225, 1
-8837, -1934, 1
-4388, 906, 1
-4441, 1827, 1
-4827, 3356, 1
-4635, 1505, 1
-4521, 1712, 1
-5010, -1110, 1
-9005, 3826, 1
-9015, 3804, 1
-4334, -163, 1
-4803, 1685, 1
-4358, 3042, 1
-4757, -988, 1
-4611, 3267, 1
-4334, 1391, 1
-4528, 2047, 1
-5077, -21, 1
-8778, -1188, 1
-5075, -68, 1
-4745, 99, 1
-4339, 2689, 1
-4465, 84, 1
-4555, 3166, 1
-9095, -1391, 1
-4346, 228, 1
-8915, -423, 1
-8920, -1464, 1
-4687, 1455, 1
-4501, -1056, 1
-4401, 2938, 1
-9216, 3143, 1
-4662, -1212, 1
-5071, 1594, 1
-9104, 2893, 1
-4341, 2086, 1
-4375, -490, 1
-4444, 2348, 1
-4673, 1561, 1
-4471, -2044, 1
-4962, 1890, 1
-8584, 2901, 1
-8922, -665, 1
-4833, 273, 1
-4444, -156, 1
-4669, -741, 1
-4503, -1757, 1
-5027, 2299, 1
-4812, 1657, 1
-8682, 2876, 1
-9051, 2680, 1
-4733, -1658, 1
-5207, 114, 1
-8891, -1776, 1
-4609, 2122, 1
-5240, 1609, 1
-4312, 3965, 1
-4363, 3786, 1
-8463, -652, 1
-9017, -949, 1
-4909, -965, 1
-4754, 2828, 1
-4750, 3808, 1
-4480, -2043, 1
-8619, -837, 1
-4685, 140, 1
-4406, 1783, 1
-5161, 129, 1
-4682, 3173, 1
-8795, -1306, 1
-4595, 3210, 1
-4706, -1254, 1
-5150, 1583, 1
-4642, -628, 1
-4591, 1819, 1
-4968, 2547, 1
-4534, -1675, 1
-4273, -715, 1
-4540, 3043, 1
-4499, -1422, 1
-3589, -1911, 1
-4139, 2642, 1
-5192, 1731, 1
-5108, 89, 1
-8639, 3013, 1
-4466, 2717, 1
-4574, -1393, 1
-4860, 3011, 1
-4652, 2079, 1
-8634, 3140, 1
-4436, 3996, 1
-9136, 3083, 1
-4776, 3683, 1
-9099, -963, 1
-4886, 3078, 1
-9027, -1808, 1
-5111, 1693, 1
-8464, -945, 1
-8746, -1852, 1
-4358, -137, 1
-4496, 3579, 1
-4695, 2024, 1
-4935, 150, 1
-4222, 2951, 1
-4348, 373, 1
-4562, 2033, 1
-5278, 126, 1
-4332, -1773, 1
-4668, -1283, 1
-4965, -819, 1
-3564, -2029, 1
-9209, -1468, 1
-4894, 1465, 1
-4867, -96, 1
-8756, 3707, 1
-8442, 2631, 1
-4617, 3389, 1
-8588, 2887, 1
-4779, 452, 1
-5063, -322, 1
-9192, 3784, 1
-4465, -1865, 1
-4595, 49, 1
-4757, -699, 1
-4380, 2780, 1
-9046, 3854, 1
-5006, -31, 1
-4598, 2949, 1
-4313, 3023, 1
-4785, 3099, 1
-4358, 2669, 1
-8400, 2776, 1
-4175, 2804, 1
-4318, 1770, 1
-4282, -373, 1
-9018, -972, 1
-4594, 3435, 1
-4816, 1619, 1
-9028, -2048, 1
-4676, -281, 1
-8941, 819, 1
-4897, -804, 1
-4774, -1187, 1
-3681, 3863, 1
-4813, 3167, 1
-4287, -386, 1
-8476, 3009, 1
-4882, 3290, 1
-4171, -783, 1
-9219, -1976, 1
-4572, -960, 1
-5186, -471, 1
-4593, -1280, 1
-4399, -586, 1
-5283, 1950, 1
-4257, -471, 1
-4734, -1664, 1
-4378, 2282, 1
-4699, 1787, 1
-4634, 2849, 1
-4704, 2946, 1
-5058, -526, 1
-4347, 4019, 1
-4124, -617, 1
-4471, -654, 1
-4605, -1579, 1
-4679, 2170, 1
-8780, -1282, 1
-9297, -1739, 1
-5193, -33, 1
-4831, 2200, 1
-8525, -995, 1
-4531, -558, 1
-4726, -930, 1
-4652, 2017, 1
-4786, 1592, 1
-5064, -347, 1
-4638, 3630, 1
-5098, 1849, 1
-4417, 236, 1
-4873, -394, 1
-4401, 578, 1
-4624, 3049, 1
-5200, 1564, 1
-9303, 3233, 1
-5054, 2395, 1
-9132, 3577, 1
-4355, 342, 1
-4867, -628, 1
-4654, -1357, 1
-5245, 1531, 1
-4636, 3106, 1
-4673, -1029, 1
-4543, 416, 1
-4856, -1215, 1
-4360, 133, 1
-4736, 2850, 1
-4694, 3430, 1
-4433, -891, 1
-4389, 3038, 1
-9149, -1064, 1
-4930, 2875, 1
-9057, -1900, 1
-4922, 3187, 1
-4760, 3610, 1
-9000, 2968, 1
-4269, -775, 1
-8748, 3573, 1
-8568, 2755, 1
-4371, 331, 1
-5157, 2050, 1
-4343, 2690, 1
-4301, -1944, 1
-4391, 2652, 1
-4781, 1561, 1
-9046, 2597, 1
-4901, -1075, 1
-4357, 2840, 1
-4884, 3082, 1
-4751, 3701, 1
-4555, -1390, 1
-5166, -147, 1
-8588, -962, 1
-9315, 3763, 1
-4991, 2722, 1
-4899, 3438, 1
-4740, -1833, 1
-4973, 2988, 1
-4998, 25, 1
-8639, -907, 1
-4807, -107, 1
-4488, -1489, 1
-4568, 844, 1
-8641, 2887, 1
-5012, -432, 1
-4575, -1283, 1
-5056, 1942, 1
-5195, 2430, 1
-4882, -976, 1
-4607, -1618, 1
-4613, 3705, 1
-4391, -1750, 1
-4513, -734, 1
-9146, 3025, 1
-4460, 515, 1
-4938, 2535, 1
-4523, 2319, 1
-4930, 3371, 1
-4402, 3817, 1
-4513, 3998, 1
-4912, -170, 1
-4346, -252, 1
-8664, -856, 1
-5211, 1815, 1
-4864, -831, 1
-8734, -727, 1
-4310, -1929, 1
-4923, -748, 1
-4479, 2446, 1
-4673, 3875, 1
-4434, 1558, 1
-4757, -29, 1
-4887, -544, 1
-4677, 171, 1
-4344, -1933, 1
-4337, 3082, 1
-4464, 3447, 1
-4765, 2414, 1
-8744, -1114, 1
-3698, 3935, 1
-4880, 2191, 1
-4432, 2481, 1
-4777, 613, 1
-4526, 2472, 1
-8938, -1201, 1
-4528, 3470, 1
-5079, 198, 1
-8549, 3057, 1
-5096, 235, 1
-4699, 3668, 1
-4936, -502, 1
-4478, -122, 1
-5031, 166, 1
-8517, 3032, 1
-5112, 419, 1
-4406, 1959, 1
-4560, -1236, 1
-5113, 1563, 1
-5321, 572, 1
-4820, 2040, 1
-4481, 567, 1
-4989, -284, 1
-8517, 2942, 1
-4825, -622, 1
-4419, 4089, 1
-9187, 3838, 1
-4763, 1626, 1
-4987, 1539, 1
-4395, 3586, 1
-4533, -871, 1
-4454, 3566, 1
-8484, -542, 1
-4399, -1880, 1
-4526, 2359, 1
-5124, -562, 1
-4438, 450, 1
-9065, 3444, 1
-4118, 2744, 1
-4673, 2039, 1
-4461, 143, 1
-4708, 3875, 1
-4493, -554, 1
-4883, 2948, 1
-4648, -1146, 1
-4993, 1731, 1
-5075, 1923, 1
-8719, 4054, 1
-8497, -619, 1
-4703, -191, 1
-4435, -1097, 1
-4354, -1674, 1
-4670, -1908, 1
-4712, -1827, 1
-4594, 2349, 1
-8779, 3551, 1
-4722, 2353, 1
-4406, 345, 1
-5220, 149, 1
-4821, -224, 1
-5020, 2028, 1
-4767, -1714, 1
-4342, 378, 1
-4979, 2031, 1
-4662, 3762, 1
-4749, 1704, 1
-4459, 3466, 1
-8414, 2874, 1
-4747, 2106, 1
-4739, 232, 1
-5192, 1901, 1
-4448, -349, 1
-4996, 307, 1
-4688, -1805, 1
-5245, 241, 1
-8960, 3018, 1
-9123, 3465, 1
-8986, -1532, 1
-4679, -1869, 1
-9024, 4048, 1
-8454, 2896, 1
-8944, -1863, 1
-4626, 4026, 1
-5161, 1616, 1
-8885, -1981, 1
-5118, -738, 1
-4955, 290, 1
-4396, -696, 1
-4966, -420, 1
-4785, 2975, 1
-5029, 2103, 1
-4806, 2171, 1
-4648, 609, 1
-4452, -1691, 1
-4483, -578, 1
-8568, -583, 1
-9027, 3437, 1
-4606, 3851, 1
-4870, 2003, 1
-4710, -1780, 1
-4694, 3806, 1
-4706, -1294, 1
-8665, 3658, 1
-5140, 119, 1
-5000, -693, 1
-5012, 2532, 1
-4677, -827, 1
-8993, -1154, 1
-4983, -471, 1
-9013, -1288, 1
-5289, 950, 1
-4574, 1652, 1
-5102, -398, 1
-4560, -1258, 1
-8899, -1006, 1
-4543, 268, 1
-4512, -641, 1
-4722, 2488, 1
-4690, -1289, 1
-5002, -601, 1
-4777, 3573, 1
-5092, -8, 1
-4991, 2565, 1
-4742, -1304, 1
-4250, 2276, 1
-4329, 1911, 1
-4589, -1625, 1
-9166, 1112, 1
-4885, 1509, 1
-4386, -750, 1
-4414, -1576, 1
-4287, 2970, 1
-4969, 2939, 1
-4441, 809, 1
-8409, -587, 1
-4675, -1186, 1
-4325, 2176, 1
-4378, 1264, 1
-4879, 3186, 1
-4760, 160, 1
-8398, -675, 1
-8962, 3524, 1
-4742, -536, 1
-5053, 1829, 1
-4897, 2222, 1
-4768, -765, 1
-4918, 2481, 1
-9290, -1192, 1
-4370, 4042, 1
-9023, 3517, 1
-4707, 2149, 1
-4774, 1684, 1
-4994, 3088, 1
-4741, -1085, 1
-4689, 2317, 1
-4574, -921, 1
-4611, 635, 1
-5168, 2250, 1
-4773, 1919, 1
-4316, -212, 1
-8894, 2909, 1
-9101, 3506, 1
-4383, -18, 1
-5202, -254, 1
-4373, -1713, 1
-4572, 2917, 1
-4577, 1441, 1
-8898, -1551, 1
-4940, 1948, 1
-5237, 211, 1
-4273, -977, 1
-4855, -1459, 1
-8449, -879, 1
-5206, 2066, 1
-8741, -609, 1
-4561, 1717, 1
-4491, 1312, 1
-4545, 2284, 1
-4398, -95, 1
-4535, -381, 1
-9037, 3706, 1
-8767, -1886, 1
-4562, 2394, 1
-4514, 2656, 1
-5254, 426, 1
-4448, 3568, 1
-8812, -948, 1
-4497, 466, 1
-5060, 564, 1
-4497, -1311, 1
-8456, 2619, 1
-4989, 1763, 1
-4467, 2356, 1
-5099, 2778, 1
-4441, 1591, 1
-4440, -872, 1
-5106, -253, 1
-4557, 4, 1
-8953, -1603, 1
-9116, -1236, 1
-4765, -1463, 1
-8409, -515, 1
-4605, 3542, 1
-4541, 303, 1
-5026, 366, 1
-5054, -891, 1
-5034, -480, 1
-8972, 2704, 1
-4496, 3219, 1
-4334, 2815, 1
-5141, 2246, 1
-4348, 400, 1
-4773, 2586, 1
-4359, 2022, 1
-4852, -81, 1
-4965, -988, 1
-5171, 2109, 1
-4520, 2681, 1
-4308, 1779, 1
-8978, -1494, 1
-4416, 444, 1
-5091, -284, 1
-5179, -283, 1
-4353, 3939, 1
-4348, -365, 1
-8883, -1138, 1
-8771, 4095, 1
-4348, 1544, 1
-4824, -1192, 1
-4518, 2117, 1
-4308, 356, 1
-4094, 2862, 1
-4783, 479, 1
-8772, 4028, 1
-3681, 4030, 1
-4222, 2462, 1
-8720, 1213, 1
-4384, 537, 1
-8914, 3608, 1
-4530, 2353, 1
-4500, 3790, 1
-4499, 2870, 1
-4939, 2661, 1
-8674, 3113, 1
-8731, 3000, 1
-4686, 596, 1
-4504, -643, 1
-4439, 708, 1
-4384, 2171, 1
-4396, 1633, 1
-4829, 2864, 1
-8528, 2727, 1
-9129, 3528, 1
-4847, -79, 1
-4974, -806, 1
-8762, 2696, 1
-4941, 3178, 1
-5033, 22, 1
-5156, 1492, 1
-8936, -1431, 1
-4501, 315, 1
-4880, -1100, 1
-8920, -255, 1
-4553, 2651, 1
-8982, 3850, 1
-4906, 1428, 1
-9075, 3669, 1
-8690, -891, 1
-4440, 1808, 1
-9347, 3439, 1
-5101, -137, 1
-5136, 1646, 1
-4782, 2788, 1
-4395, 1759, 1
-4663, -927, 1
-5092, 2409, 1
-9093, 3498, 1
-5315, 1519, 1
-4239, 4064, 1
-4439, -1546, 1
-4241, 2687, 1
-4784, 1847, 1
-4839, 2484, 1
-4624, 304, 1
-4560, -909, 1
-4785, 2889, 1
-4423, 2728, 1
-4608, -406, 1
-8459, -501, 1
-4746, -1747, 1
-9171, 4000, 1
-4293, 2200, 1
-5148, -519, 1
-4402, 364, 1
-4526, -513, 1
-4759, 1826, 1
-4461, 1727, 1
-4193, 2447, 1
-4347, -1840, 1
-4877, 3091, 1
-8686, -1121, 1
-4452, -1544, 1
-4942, -994, 1
-4182, -844, 1
-5024, 1956, 1
-5343, 1028, 1
-4177, -865, 1
-9081, 3324, 1
-8648, -696, 1
-8805, -2032, 1
-4600, 2304, 1
-4630, -1057, 1
-4349, 2438, 1
-3604, -1982, 1
-4497, 498, 1
-4994, -1102, 1
-8672, 2593, 1
-5090, 2397, 1
-4640, -1531, 1
-9091, -1199, 1
-5169, 410, 1
-4611, -1464, 1
-8997, -705, 1
-4257, 4053, 1
-4356, 1277, 1
-4737, 2829, 1
-4396, -250, 1
-4329, -699, 1
-4504, -534, 1
-4549, -1060, 1
-8410, 2602, 1
-4838, 617, 1
-5130, 2295, 1
-4438, -332, 1
-4791, 155, 1
-4517, 1531, 1
-4436, -1751, 1
-5174, 2292, 1
-5182, 2008, 1
-4922, 1749, 1
-4822, 2793, 1
-4792, -865, 1
-4751, 1368, 1
-4606, 3120, 1
-8476, 2759, 1
-4632, 3772, 1
-4403, -976, 1
-5045, 321, 1
-4731, 195, 1
-4904, 2232, 1
-5153, 534, 1
-5188, 1736, 1
-4739, -1407, 1
-4713, 2017, 1
-4733, 667, 1
-5177, 2525, 1
-4362, 254, 1
-4725, 1483, 1
-4484, -1461, 1
-4882, 1899, 1
-4458, -1477, 1
-4312, 265, 1
-4342, -351, 1
-8337, 2939, 1
-4617, -1673, 1
-4562, -691, 1
-4382, 2830, 1
-8756, -1368, 1
-4335, 2439, 1
-5068, -141, 1
-4914, -12, 1
-9086, 3245, 1
-4832, -797, 1
-4396, 637, 1
-4702, -1322, 1
-4692, 3086, 1
-4577, 3961, 1
-4507, -2038, 1
-4646, 3157, 1
-4445, -321, 1
-4806, 1480, 1
-4769, 1965, 1
-4649, 3567, 1
-4986, -743, 1
-4590, 2380, 1
-4535, 2301, 1
-4422, 2489, 1
-5155, -425, 1
-4959, 2912, 1
-4551, 3011, 1
-4729, 3196, 1
-4934, -1209, 1
-4544, -1098, 1
-4785, -1103, 1
-4991, -508, 1
-4519, 2986, 1
-4680, -1471, 1
-4319, -967, 1
-9314, 3521, 1
-4412, -1811, 1
-4588, 2911, 1
-4686, -1647, 1
-5019, 2559, 1
-4628, 3155, 1
-4633, 1420, 1
-9121, -1404, 1
-4399, -434, 1
-4497, 1806, 1
-8848, 1221, 1
-4379, 1712, 1
-4559, 2824, 1
-4593, 3882, 1
-4313, -358, 1
-8942, 3364, 1
-4831, 2753, 1
-4991, 260, 1
-5113, 1739, 1
-3651, -1846, 1
-4872, -91, 1
-4845, 2590, 1
-4899, 2298, 1
-4742, -896, 1
-9190, -1132, 1
-4515, 191, 1
-4880, -980, 1
-5234, 515, 1
-4649, 447, 1
-5070, 2645, 1
-4456, -494, 1
-4465, -1957, 1
-8968, -384, 1
-4945, 1649, 1
-4978, 1473, 1
-4619, -847, 1
-4855, 2156, 1
-5036, 2993, 1
-4612, -321, 1
-4807, 584, 1
-4134, -614, 1
-4918, -671, 1
-4432, 1737, 1
-4992, 2416, 1
-9035, 2935, 1
-5087, 1537, 1
-3588, -1993, 1
-8806, 946, 1
-4920, 1810, 1
-5003, -544, 1
-4453, 1871, 1
-4689, 2340, 1
-4876, 362, 1
-3618, -1893, 1
-4864, 82, 1
-4501, 1491, 1
-4743, 601, 1
-4521, 1605, 1
-5079, 427, 1
-4330, -455, 1
-4378, 2707, 1
-4820, 2956, 1
-4870, -1341, 1
-4371, -150, 1
-4927, 2864, 1
-4889, 3355, 1
-8987, 3991, 1
-4331, -636, 1
-4601, -1378, 1
-5015, 1663, 1
-4876, -1263, 1
-4129, -705, 1
-4145, 2778, 1
-4577, -1379, 1
-5048, 2010, 1
-4888, -14, 1
-9112, 4053, 1
-3664, 4055, 1
-4671, 3386, 1
-8636, 2698, 1
-5124, 1073, 1
-4520, -1609, 1
-4448, -1468, 1
-3646, -1929, 1
-4998, -474, 1
-8762, 3371, 1
-4750, 2848, 1
-8888, -456, 1
-8831, -1532, 1
-3650, -1998, 1
-4861, -577, 1
-4525, -962, 1
-4463, 2872, 1
-4661, 4003, 1
-4849, 158, 1
-4833, 1916, 1
-4404, -1880, 1
-4654, 2488, 1
-4278, 2301, 1
-4596, 3146, 1
-4570, 373, 1
-4482, 770, 1
-4519, 519, 1
-4798, -170, 1
-4666, 3813, 1
-8552, 3107, 1
-4970, -813, 1
-4632, 31, 1
-5071, 2597, 1
-5005, 3115, 1
-4997, -176, 1
-4431, 4058, 1
-5095, 26, 1
-5074, -270, 1
-5033, -622, 1
-8781, 2994, 1
-4600, -148, 1
-5252, 1061, 1
-4525, 469, 1
-4913, 3096, 1
-9009, -690, 1
-4425, 2142, 1
-4311, 1980, 1
-4959, 70, 1
-4982, 1582, 1
-4596, 3871, 1
-4271, 2051, 1
-4963, -1239, 1
-5024, 2435, 1
-4750, -1264, 1
-4530, 128, 1
-4697, 3052, 1
-4978, -64, 1
-9001, 3792, 1
-4387, 1884, 1
-4853, -555, 1
-8404, -801, 1
-4922, 2078, 1
-8775, -1175, 1
-8885, -489, 1
-5054, -575, 1
-5115, 995, 1
-4693, 2500, 1
-9024, -963, 1
-4955, -998, 1
-4654, -1821, 1
-3619, 3911, 1
-4328, -705, 1
-8706, 3400, 1
-4644, 2327, 1
-4596, 3412, 1
-4323, 1536, 1
-5022, 2632, 1
-4194, 2703, 1
-4775, -268, 1
-5002, 1735, 1
-4611, 3261, 1
-4315, 1814, 1
-4845, -1221, 1
-3641, -1984, 1
-5122, 2340, 1
-4602, 1489, 1
-4718, 1559, 1
-4436, 3807, 1
-5153, 2238, 1
-4726, 2789, 1
-4429, 415, 1
-4537, 3265, 1
-8953, 3373, 1
-4639, -81, 1
-4774, -245, 1
-8892, 2653, 1
-5058, 1871, 1
-4686, 176, 1
-4798, -74, 1
-8913, -468, 1
-4957, 3047, 1
-4427, 2839, 1
-4737, 426, 1
-4418, 1921, 1
-4500, 2700, 1
-8641, 2493, 1
-4856, -235, 1
-4998, -814, 1
-4565, -1195, 1
-4476, -808, 1
-8469, -692, 1
-4578, -657, 1
-3671, -1759, 1
-5097, 131, 1
-4477, 2026, 1
-4235, -152, 1
-9317, 3746, 2
-8475, 2696, 1
-4425, -788, 1
-4152, -853, 1
-4452, 1568, 1
-5100, -547, 1
-4456, -1131, 1
-4854, -1466, 1
-4841, 2420, 1
-8410, 2792, 1
-4968, 1785, 1
-4215, 2935, 1
-4734, 2605, 1
-5064, 2621, 1
-4163, 2668, 1
-4800, 560, 1
-4279, -3, 1
-4903, -1195, 1
-8686, 3147, 1
-4189, -576, 1
-4656, 3429, 1
-9309, -1273, 1
-3654, 3967, 1
-4502, -1050, 1
-8925, -949, 1
-4879, 641, 1
-4961, 2455, 1
-4571, 2189, 1
-8982, 3178, 1
-5229, 1840, 1
-4354, -737, 1
-4622, -382, 1
-5101, 2710, 1
-4155, 2662, 1
-4631, -922, 1
-4576, 3781, 1
-4973, 1951, 1
-4849, 2519, 1
-4578, -402, 1
-4236, 2491, 1
-8912, -696, 1
-4411, 1314, 1
-4740, 3258, 1
-4996, 2250, 1
-4787, 1602, 1
-4475, 2572, 1
-4997, -354, 1
-4965, -756, 1
-4932, 2110, 1
-4958, 331, 1
-4754, 3012, 1
-9031, -1168, 1
-4533, 3416, 1
-4513, 31, 1
-4346, 2585, 1
-8662, 951, 1
-4800, 3577, 1
-4886, -689, 1
-4363, 2686, 1
-4614, 3485, 1
-5152, 1939, 1
-4836, -174, 1
-4687, 72, 1
-9307, -1448, 1
-4952, -862, 1
-4745, 2979, 1
-5125, 2660, 1
-4410, 556, 1
-4521, -1005, 1
-4539, 607, 1
-5043, -744, 1
-4773, -1047, 1
-5147, -62, 1
-4615, 2292, 1
-4560, -88, 1
-4882, 331, 1
-4461, -421, 1
-8880, -1730, 1
-4218, -701, 1
-5066, -490, 1
-3690, -1881, 1
-4205, 2770, 1
-4710, 3955, 1
-5042, 46, 1
-4659, -615, 1
-9047, -1173, 1
-4519, 1731, 1
-4438, -844, 1
-8411, 2895, 1
-4725, 2487, 1
-8704, -1050, 1
-3590, -2013, 1
-4523, -1669, 1
-4684, 1591, 1
-4303, -241, 1
-8595, -912, 1
-4864, -782, 1
-4604, 3833, 1
-3589, -1937, 1
-4845, 254, 1
-9033, 3794, 1
-4684, -1537, 1
-5103, 2521, 1
-4310, 3954, 1
-5070, -280, 1
-4397, -105, 1
-8755, -1050, 1
-4577, -1491, 1
-8761, -1379, 1
-4654, 3256, 1
-4701, 3261, 1
-4752, 215, 1
-4760, 1614, 1
-4883, 1815, 1
-4787, 2756, 1
-4693, 167, 1
-4881, 1531, 1
-4666, 3844, 1
-4640, -472, 1
-8827, 3042, 1
-4628, -1923, 1
-4960, 460, 1
-4424, 3135, 1
-4791, 2472, 1
-8399, -700, 1
-4531, -1549, 1
-4867, 1810, 1
-4340, -1998, 1
-4822, 3068, 1
-4578, -1161, 1
-4927, 2997, 1
-4927, 2908, 1
-4621, 3883, 1
-4378, 2479, 1
-4903, 200, 1
-5120, 2367, 1
-4469, -1602, 1
-4378, -2008, 1
-4495, -567, 1
-4568, -3, 1
-4240, -744, 1
-8942, 3021, 1
-4569, -1913, 1
-5157, -157, 1
-4408, -869, 1
-4587, -1183, 1
-4421, -838, 1
-4344, 3841, 1
-4453, 2848, 1
-3574, -2017, 1
-8572, -589, 1
-4955, 1797, 1
-4427, 1919, 1
-8945, -1915, 1
-3593, -1955, 1
-4568, -673, 1
-4658, -1825, 1
-8889, 2796, 1
-4555, 1370, 1
-4719, -1255, 1
-4734, 1583, 1
-4612, 1778, 1
-4928, 1699, 1
-4608, 16, 1
-4881, -254, 1
-9090, -1864, 1
-4286, -130, 1
-9222, -968, 1
-4385, 1911, 1
-4816, -1254, 1
-9092, -1821, 1
-4611, 1832, 1
-4902, -387, 1
-4884, 2208, 1
-4610, -1059, 1
-5195, 359, 1
-4838, 2527, 1
-8582, 1017, 1
-4415, 473, 1
-4609, 150, 1
-4618, 2799, 1
-4142, 2651, 1
-4694, 2493, 1
-4632, 3555, 1
-4979, 1965, 1
-4720, -723, 1
-4423, 1383, 1
-8821, 3990, 1
-4762, -52, 1
-4564, 2026, 1
-8956, -1032, 1
-4180, 2629, 1
-4510, 3478, 1
-5115, 1937, 1
-5221, 1708, 1
-4288, -350, 1
-9016, -783, 1
-9093, -863, 1
-4527, 163, 1
-5119, 1940, 1
-4269, -109, 1
-5082, 13, 1
-8677, -1653, 1
-4710, 3703, 1
-8393, -928, 1
-4275, -826, 1
-4911, 2036, 1
-4830, 649, 1
-4689, 2690, 1
-8890, -555, 1
-4432, 642, 1
-4731, 3280, 1
-4582, 4091, 1
-4634, 1929, 1
-4676, 2307, 1
-4953, -662, 1
-4420, 419, 1
-9016, 3808, 1
-4803, 2769, 1
-5020, 2544, 1
-8655, -982, 1
-4852, 640, 1
-4499, -1898, 1
-4480, 4043, 1
-4665, 513, 1
-4308, 4090, 1
-4678, -616, 1
-4806, 3556, 1
-5048, 1545, 1
-4903, 1695, 1
-4733, 2241, 1
-4323, 123, 1
-4722, -1347, 1
-5035, 2622, 1
-4921, -355, 1
-4423, -1980, 1
-4225, -908, 1
-4248, 2106, 1
-4319, 2116, 1
-4646, -1783, 1
-4802, -1537, 1
-4684, -1432, 1
-4758, -1538, 1
-4459, 2526, 1
-4514, -1774, 1
-8522, -790, 1
-4669, 185, 1
-5014, 1886, 1
-4660, -931, 1
-5025, 1020, 1
-5061, 306, 1
-8522, -656, 1
-8880, -907, 1
-4792, -506, 1
-4445, 2183, 1
-4535, 114, 1
-4591, 3326, 1
-4598, 1822, 1
-8958, 3607, 1
-4637, 2809, 1
-8861, 3524, 1
-4625, -1679, 1
-4766, 2274, 1
-4609, 2845, 1
-4707, -1397, 1
-4600, -953, 1
-4933, -468, 1
-4279, -44, 1
-4746, -1211, 1
-8833, -1605, 1
-4600, -918, 1
-4265, -46, 1
-4859, 2505, 1
-4882, 1158, 1
-4319, 1740, 1
-3583, 4018, 1
-9077, -1950, 1
-5133, 201, 1
-4825, 166, 1
-4289, -499, 1
-4824, 2508, 1
-4491, -1820, 1
-4446, -2022, 1
-9315, -1208, 1
-8820, 3187, 1
-4565, 26, 1
-4836, 3595, 1
-5185, 2018, 1
-8771, 3886, 1
-4494, 3393, 1
-5168, 1972, 1
-5296, 1850, 1
-3617, 4086, 1
-4451, 2949, 1
-5273, 1197, 1
-4868, 2382, 1
-4299, 2519, 1
-4577, 447, 1
-4440, -931, 1
-8848, 3619, 1
-4729, -208, 1
-9323, 794, 1
-4197, -915, 1
-4395, -603, 1
-5005, 2968, 1
-4918, 2598, 1
-9369, 785, 1
-3701, -1777, 1
-4887, 639, 1
-4551, 619, 1
-5070, 2088, 1
-9055, -1983, 1
-4613, -553, 1
-4416, -1055, 1
-4894, 2348, 1
-4316, -1898, 1
-9170, 3797, 1
-8823, -1145, 1
-8972, 819, 1
-4682, 2197, 1
-4951, 1501, 1
-5264, 331, 1
-8618, 951, 1
-4932, -976, 1
-8802, -1376, 1
-4455, -991, 1
-4253, 4061, 1
-4602, -1533, 1
-4588, 182, 1
-9214, 3471, 1
-4842, 3295, 1
-5048, 2560, 1
-8780, -1131, 1
-9023, 3599, 1
-4344, 4024, 1
-5015, 2806, 1
-4593, 3503, 1
-8907, 2952, 1
-4386, 2340, 1
-4659, 3007, 1
-4791, 530, 1
-5146, 2026, 1
-4620, 3153, 1
-9043, 2864, 1
-4367, 782, 1
-9291, -1547, 1
-4824, 3086, 1
-8478, 3023, 1
-9044, -682, 1
-4727, -1709, 1
-4895, -328, 1
-4656, 159, 1
-4144, -545, 1
-9108, -1911, 1
-4389, 584, 1
-5092, 2088, 1
-4669, 390, 1
-8776, 3943, 1
-8856, 3392, 1
-4831, -129, 1
-4890, 2188, 1
-9100, 2983, 1
-4850, 2160, 1
-5332, 622, 1
-4557, 2226, 1
-5074, 1478, 1
-4396, 1844, 1
-8894, -856, 1
-4810, 2693, 1
-4707, 226, 1
-8955, -2042, 1
-4692, -335, 1
-4708, -874, 1
-5182, 562, 1
-4674, -694, 1
-4865, -1446, 1
-4497, 2864, 1
-8950, 4003, 1
-4303, 2017, 1
-4441, -738, 1
-4960, 2799, 1
-4794, 350, 1
-4179, 2547, 1
-8934, 3476, 1
-4626, 3558, 1
-4714, -580, 1
-5011, -48, 1
-4413, 1599, 1
-4324, 1459, 1
-8570, 2797, 1
-4859, 2782, 1
-4533, 3481, 1
-4427, -1758, 1
-4680, -710, 1
-4302, 2557, 1
-4799, 1845, 1
-9183, 3435, 1
-4611, 3259, 1
-4339, -522, 1
-8402, 2945, 1
-5004, 2451, 1
-5194, 1750, 1
-8693, -1384, 1
-4564, 2116, 1
-4591, 1518, 1
-4470, 4088, 1
-4571, -837, 1
-4784, 3048, 1
-4930, 1610, 1
-4862, 2555, 1
-4630, 1847, 1
-4879, 1633, 1
-4599, -2004, 1
-4401, 1513, 1
-5214, 294, 1
-4867, -880, 1
-4764, 2272, 1
-8564, -835, 1
-4763, -947, 1
-5107, 2063, 1
-4484, 648, 1
-8501, -561, 1
-5111, 73, 1
-4864, 2477, 1
-8922, 3277, 1
-4208, -436, 1
-4547, 3673, 1
-5043, 2234, 1
-4582, -1162, 1
-4527, 3453, 1
-4687, 3936, 1
-8574, 3078, 1
-4678, 1740, 1
-4370, 1403, 1
-4713, -136, 1
-5276, 1086, 1
-4594, -110, 1
-4477, 1965, 1
-9173, 4062, 1
-4557, -1444, 1
-4965, 2265, 1
-3663, -1813, 1
-4862, 1404, 1
-4676, 2678, 1
-4670, 3206, 1
-4105, 2713, 1
-4413, 354, 1
-8944, 3189, 1
-4826, 3481, 1
-5080, 2243, 1
-4587, -426, 1
-4343, 1397, 1
-4569, -471, 1
-8910, -1241, 1
-4399, 2245, 1
-4704, -890, 1
-4507, -77, 1
-8818, -697, 1
-4864, -316, 1
-4382, 2957, 1
-8811, -618, 1
-5136, 1999, 1
-4377, -1982, 1
-5019, 2521, 1
-4232, 2669, 1
-8376, 2783, 1
-4521, 2904, 1
-4777, -1466, 1
-4241, 2782, 1
-8840, 2558, 1
-4678, -429, 1
-4562, 3738, 1
-9224, 3719, 1
-4641, 2858, 1
-4231, -216, 1
-4658, -1678, 1
-4675, -1440, 1
-8690, -991, 1
-4907, -1189, 1
-9154, -1964, 1
-5212, 86, 1
-5229, 1651, 1
-5147, 205, 1
-4763, 3126, 1
-4426, 1385, 1
-5015, 1510, 1
-4680, -978, 1
-5229, 1761, 1
-4841, 3325, 1
-4619, 2719, 1
-4957, 2371, 1
-4840, 80, 1
-9065, -825, 1
-4868, -1332, 1
-4548, 3401, 1
-4292, -665, 1
-4926, 1931, 1
-4563, 1872, 1
-8551, 2737, 1
-4669, 2104, 1
-4899, -385, 1
-4581, 2507, 1
-4831, -916, 1
-4655, -1852, 1
-5339, 1009, 1
-4655, -2018, 1
-4811, 1798, 1
-4473, -1919, 1
-5073, 2804, 1
-4678, 3938, 1
-4347, -284, 1
-4589, -523, 1
-4249, -714, 1
-8868, 4041, 1
-4648, 1571, 1
-4872, -999, 1
-4911, -820, 1
-4427, 2199, 1
-4331, 1791, 1
-4531, 3168, 1
-5189, 1591, 1
-4601, 3462, 1
-9188, -1058, 1
-4523, -1551, 1
-4388, -778, 1
-4491, -1579, 1
-4493, 140, 1
-4819, 24, 1
-4672, 1976, 1
-4535, 5, 1
-4278, 2240, 1
-4680, 2942, 1
-8709, 3070, 1
-4827, -932, 1
-4950, 2701, 1
-8432, 2652, 1
-4673, 2166, 1
-4898, -1238, 1
-4847, 2033, 1
-9177, 3434, 1
-8881, 3771, 1
-8642, 2527, 1
-4891, 2945, 1
-9178, 3378, 1
-8867, 2241, 1
-4788, 3406, 1
-4472, 1907, 1
-8718, -874, 1
-4902, -843, 1
-5106, 156, 1
-4872, 625, 1
-4490, -639, 1
-8691, -865, 1
-8890, -410, 1
-5162, 121, 1
-4947, 2123, 1
-4437, 2804, 1
-4912, 3377, 1
-5050, 1761, 1
-4898, 2901, 1
-5212, -101, 1
-4546, -1076, 1
-4543, 2626, 1
-4393, 662, 1
-4436, -1564, 1
-3679, 3958, 1
-4808, 3712, 1
-4752, 1665, 1
-8454, 2991, 1
-8815, 2741, 1
-4748, -639, 1
-4491, 1480, 1
-4322, -859, 1
-4633, 2117, 1
-4792, -505, 1
-9334, -1270, 1
-4614, -63, 1
-4371, -1010, 1
-9198, 3408, 1
-4786, -735, 1
-5044, -401, 1
-4868, 1892, 1
-4778, 2555, 1
-8972, 3111, 1
-5140, -377, 1
-4657, 118, 1
-5063, -874, 1
-4305, 3877, 1
-4782, 577, 1
-8450, -715, 1
-4573, 3655, 1
-4366, 2324, 1
-4534, 1412, 1
-4826, -1307, 1
-4935, 2886, 1
-4436, 2589, 1
-4378, -1762, 1
-8476, -547, 1
-4858, 2514, 1
-8881, 3496, 1
-4687, -850, 1
-4988, 2098, 1
-4872, 2141, 1
-4476, 3468, 1
-4250, -241, 1
-4997, 2091, 1
-4912, 599, 1
-4305, -1869, 1
-4294, 2415, 1
-4444, 574, 1
-3702, -1800, 1
-4740, -427, 1
-4835, 2651, 1
-8873, -606, 1
-4283, 2270, 1
-4228, -644, 1
-4392, -528, 1
-4178, -602, 1
-4804, 3309, 1
-4683, -609, 1
-4379, 272, 1
-4436, 1264, 1
-4652, -1367, 1
-4406, 2713, 1
-4811, -1080, 1
-8821, 2742, 1
-4573, 1860, 1
-5193, 1077, 1
-4600, 460, 1
-4945, 1523, 1
-4561, 3842, 1
-4413, 3048, 1
-4723, 2680, 1
-4934, 3173, 1
-4576, 628, 1
-5180, 1586, 1
-4471, 2863, 1
-4830, 1671, 1
-9140, 3333, 1
-4799, 246, 1
-4425, 2034, 1
-4364, -494, 1
-4425, -1076, 1
-4380, -103, 1
-4261, 2962, 1
-9103, -1703, 1
-4419, 4036, 1
-4641, 851, 1
-4819, 3135, 1
-9303, -1234, 1
-4352, 2375, 1
-4532, 1791, 1
-4359, 462, 1
-4308, 3020, 1
-8902, -831, 1
-4408, 401, 1
-5055, -340, 1
-4743, 3274, 1
-8421, 2732, 1
-5040, 107, 1
-4436, -244, 1
-4258, -695, 1
-5077, -160, 1
-4743, -727, 1
-4234, 2360, 1
-8955, 2635, 1
-4523, -1346, 1
-4587, 404, 1
-4340, 75, 1
-4609, 3007, 1
-4416, 425, 1
-4297, 2074, 1
-4507, 2366, 1
-4258, 2732, 1
-5130, -277, 1
-4795, 437, 1
-4755, -1754, 1
-4471, -846, 1
-4700, -1846, 1
-8852, -942, 1
-4321, 1540, 1
-4886, 3473, 1
-4570, 838, 1
-4736, -1286, 1
-4637, 1458, 1
-4618, 2874, 1
-4869, 539, 1
-4790, 3454, 1
-9216, 3136, 1
-3586, 3977, 1
-4798, -227, 1
-4727, -967, 1
-5105, 2568, 1
-4722, 387, 1
-3678, -1988, 1
-8534, -969, 1
-4678, -104, 1
-4788, 2688, 1
-9107, -1243, 1
-9285, 3454, 1
-4417, 2575, 1
-4952, 2005, 1
-4836, 2577, 1
-5121, 1584, 1
-4270, -684, 1
-5249, 1101, 1
-4632, -1113, 1
-4621, 2409, 1
-8737, 3457, 1
-9060, 3482, 1
-4580, -866, 1
-4604, 3577, 1
-9067, 3632, 1
-4577, -1121, 1
-3634, -1908, 1
-4253, -30, 1
-4634, 382, 1
-9330, -1218, 1
-4422, -1897, 1
-4916, 1682, 1
-4431, 3992, 1
-4438, 86, 1
-4835, -222, 1
-4821, -333, 1
-4674, 1671, 1
-4640, 217, 1
-4710, 1906, 1
-4499, 2915, 1
-4370, 3786, 1
-9075, 3711, 1
-4495, -1752, 1
-9122, -1600, 1
-5227, 460, 1
-4676, 3643, 1
-5101, 2735, 1
-8710, 2914, 1
-4225, -541, 1
-4815, -952, 1
-4451, 65, 1
-5080, 2918, 1
-5231, 1002, 1
-5055, 2570, 1
-9161, -1205, 1
-5047, 1536, 1
-8678, -1150, 1
-5010, -831, 1
-4721, 81, 1
-4398, -157, 1
-4686, 1953, 1
-4558, 334, 1
-4770, 3218, 1
-5022, 3109, 1
-4874, 1845, 1
-8833, 2390, 1
-4533, 563, 1
-4488, 1202, 1
-4371, 3836, 1
-9064, -1808, 1
-4709, -1527, 1
-4654, -1992, 1
-5124, -388, 1
-8762, -1185, 1
-4395, 904, 1
-5046, 3027, 1
-4682, 2524, 1
-4611, -1572, 1
-4376, 267, 1
-4478, 2681, 1
-4319, 3985, 1
-4624, 2986, 1
-4558, -4, 1
-4457, -529, 1
-4875, -227, 1
-4610, -1225, 1
-5038, 267, 1
-4610, 603, 1
-4491, 2326, 1
-4931, 2300, 1
-4712, -268, 1
-4724, 3706, 1
-8943, 2927, 1
-5231, 1559, 1
-4994, 317, 1
-4802, 255, 1
-4803, 2375, 1
-8685, -1297, 1
-4449, -62, 1
-4590, 3610, 1
-4634, 854, 1
-4824, 2969, 1
-5114, 2119, 1
-4663, 9, 1
-4993, 483, 1
-4830, -884, 1
-4778, 1644, 1
-4971, 3084, 1
-4585, -710, 1
-4402, -365, 1
-9170, 910, 1
-5117, 1930, 1
-9038, -1496, 1
-4825, 1665, 1
-4683, 1824, 1
-4072, -774, 1
-4882, 3369, 1
-4824, -312, 1
-4722, 2080, 1
-4677, 629, 1
-5027, -163, 1
-9066, -1215, 1
-5251, 460, 1
-5288, 1061, 1
-4689, -1178, 1
-5341, 838, 1
-9068, -1011, 1
-4864, 24, 1
-4312, -280, 1
-4815, 1464, 1
-9148, 3359, 1
-4983, 2421, 1
-4488, 3937, 1
-4378, 1567, 1
-4322, 1853, 1
-9209, -1446, 1
-9029, 2758, 1
-4877, -729, 1
-4418, -1650, 1
-5175, 2228, 1
-4653, 3764, 1
-4516, 2285, 1
-4492, 2048, 1
-4521, 3998, 1
-9253, -1688, 1
-4857, 1813, 1
-5127, 1029, 1
-4693, -1217, 1
-9365, 3525, 1
-4554, 3197, 1
-4330, 1873, 1
-5114, 411, 1
-4432, 2116, 1
-4926, 2489, 1
-4945, -581, 1
-5116, 1735, 1
-4854, 1841, 1
-4809, 2195, 1
-8882, 4008, 1
-4577, 651, 1
-5128, 283, 1
-5153, -307, 1
-4982, -867, 1
-4780, -1673, 1
-4781, -147, 1
-8584, 2730, 1
-8547, -706, 1
-4394, 1567, 1
-4289, 2157, 1
-9217, 3554, 1
-4338, -1969, 1
-8797, -1912, 1
-4333, 1929, 1
-9157, 3591, 1
-4463, 334, 1
-8814, 2765, 1
-4854, 116, 1
-4479, 3702, 1
-4644, -345, 1
-5036, 2305, 1
-4254, -752, 1
-4453, 3168, 1
-4586, 2801, 1
-4995, 6, 1
-4885, 1635, 1
-4837, -706, 1
-4790, -250, 1
-4694, 1201, 1
-8939, -575, 1
-5070, 2642, 1
-5116, 547, 1
-5111, -541, 1
-5051, -280, 1
-4697, -830, 1
-9257, -1761, 1
-4792, 2624, 1
-4688, 16, 1
-9120, -1371, 1
-8905, -1951, 1
-5086, -518, 1
-5029, 1615, 1
-4488, 292, 1
-4865, 3543, 1
-4336, 2565, 1
-5035, -906, 1
-8764, -1820, 1
-4186, -489, 1
-4616, -2009, 1
-4602, 3650, 1
-4708, 2530, 1
-9073, -1615, 1
-4478, -1915, 1
-8967, 2654, 1
-4812, -1544, 1
-4731, -685, 1
-4382, 1993, 1
-4619, -931, 1
-4328, 252, 1
-4332, 1413, 1
-4577, -1811, 1
-4711, -1037, 1
-8932, -692, 1
-4727, -277, 1
-4605, 2722, 1
-4809, 1635, 1
-8514, -764, 1
-4169, 2814, 1
-5188, 2105, 1
-4904, -951, 1
-4713, -1797, 1
-4181, -869, 1
-4316, 2372, 1
-4303, 1715, 1
-4956, -377, 1
-4603, 2522, 1
-4472, 503, 1
-4522, 2212, 1
-4791, 263, 1
-4493, 299, 1
-4387, 1753, 1
-8664, 3094, 1
-4691, 1675, 1
-4542, 3793, 1
-4892, 3109, 1
-4277, -232, 1
-5120, 429, 1
-4672, 3420, 1
-4592, 2282, 1
-4920, 1812, 1
-8857, 2938, 1
-4752, -889, 1
-4498, 1839, 1
-5114, 351, 1
-4805, 553, 1
-4927, -513, 1
-4689, 14, 1
-4817, 1499, 1
-4515, 2949, 1
-4904, -276, 1
-4567, -737, 1
-4777, -1682, 1
-5208, 0, 1
-9258, -1656, 1
-4435, -128, 1
-4801, 1489, 1
-4456, -137, 1
-4337, -956, 1
-4449, -364, 1
-4798, 3161, 1
-8991, 3245, 1
-8467, 2673, 1
-4453, 3583, 1
-4640, 1498, 1
-4751, 2546, 1
-4229, -307, 1
-4723, -889, 1
-4926, -166, 1
-4424, -1985, 1
-4715, 2370, 1
-4836, -1303, 1
-4665, 2778, 1
-4296, 77, 1
-8501, -782, 1
-4346, -778, 1
-9153, -1280, 1
-8736, 4085, 1
-4434, 2392, 1
-4428, 2468, 1
-5122, 258, 1
-4504, -737, 1
-5080, 1484, 1
-4681, 3732, 1
-4363, 3824, 1
-4425, 1455, 1
-4782, 1863, 1
-8997, -1678, 1
-4432, 1638, 1
-4226, -573, 1
-4543, 1993, 1
-8895, -402, 1
-4289, -12, 1
-5017, 1853, 1
-4244, 2789, 1
-3563, 4065, 1
-5018, -451, 1
-4367, 4029, 1
-5175, 1960, 1
-4727, 3441, 1
-9038, -627, 1
-4604, 1508, 1
-4672, -1804, 1
-4874, 549, 1
-5031, 1558, 1
-4980, 2201, 1
-4392, 3917, 1
-4322, 192, 1
-4903, 166, 1
-5222, 245, 1
-4282, 4033, 1
-8719, 3006, 1
-4541, 2538, 1
-4161, -688, 1
-4742, -244, 1
-4908, 2436, 1
-9216, 3142, 1
-4321, -87, 1
-4961, 1577, 1
-4668, 3284, 1
-4406, -48, 1
-4662, -292, 1
-4387, -1956, 1
-4488, 1378, 1
-4302, 2602, 1
-4631, -539, 1
-4999, 39, 1
-4637, 508, 1
-4690, 3398, 1
-8826, 2758, 1
-9124, -1238, 1
-5010, -278, 1
-4520, 2935, 1
-4754, -1247, 1
-4195, -548, 1
-4326, 551, 1
-5139, 2278, 1
-4400, -1825, 1
-5287, 209, 1
-4858, 476, 1
-4573, -1278, 1
-4343, -1916, 1
-3654, -1881, 1
-4525, -1697, 1
-4857, -561, 1
-8765, -1464, 1
-4721, 392, 1
-8518, 2819, 1
-9154, 3825, 1
-4758, 3046, 1
-4663, -1855, 1
-9224, -1720, 1
-4447, 2727, 1
-8344, -848, 1
-4975, -125, 1
-8512, 2886, 1
-4375, 3741, 1
-4661, 3659, 1
-4817, -483, 1
-9230, -1679, 1
-4902, 2102, 1
-8701, 2806, 1
-4931, 516, 1
-4771, 678, 1
-8759, -982, 1
-5062, 1807, 1
-4468, 481, 1
-4254, -542, 1
-4502, 3359, 1
-4783, 1496, 1
-4857, -1152, 1
-8643, 2802, 1
-4493, 3426, 1
-4920, 2104, 1
-4416, -353, 1
-4537, 1590, 1
-4833, 2265, 1
-4294, 2792, 1
-4737, -346, 1
-4289, -716, 1
-4371, -592, 1
-4377, 1892, 1
-4802, 869, 1
-8826, 3126, 1
-4606, 4000, 1
-8414, -761, 1
-9162, -1883, 1
-4749, -782, 1
-4825, 187, 1
-4852, 2872, 1
-4435, 1966, 1
-9051, 2871, 1
-4628, 1654, 1
-4388, -1884, 1
-5110, 2443, 1
-4566, 3012, 1
-5083, 2300, 1
-4988, -824, 1
-9241, -1852, 1
-4156, 2863, 1
-8852, -1738, 1
-8762, -1981, 1
-4733, 3707, 1
-4267, 2963, 1
-4680, 2736, 1
-4761, -43, 1
-4544, 2690, 1
-4693, 3501, 1
-4483, -19, 1
-5075, -271, 1
-4271, -505, 1
-4845, 536, 1
-9319, 3705, 1
-8703, -1814, 1
-4845, -41, 1
-4642, -376, 1
-4829, -1029, 1
-4470, 3634, 1
-4477, 3185, 1
-4611, 3697, 1
-9024, -1916, 1
-4400, 1767, 1
-4376, 371, 1
-4797, 1594, 1
-4278, -556, 1
-4458, 1746, 1
-4533, 2713, 1
-4906, 369, 1
-4136, -650, 1
-3598, 4047, 1
-4687, 652, 1
-9349, 908, 1
-4962, -1119, 1
-5256, 532, 1
-5040, -957, 1
-4271, 2509, 1
-5127, -562, 1
-4297, -981, 1
-5052, -80, 1
-4728, 2298, 1
-4834, -1270, 1
-4265, 2045, 1
-4450, 386, 1
-4881, 1944, 1
-4255, 4066, 1
-5210, 2176, 1
-8542, 2777, 1
-4262, 2770, 1
-4241, -878, 1
-4388, -607, 1
-4331, 2934, 1
-4964, 118, 1
-4953, 2245, 1
-5079, -663, 1
-5087, 1986, 1
-4628, -1023, 1
-4631, 3676, 1
-5158, 2295, 1
-4720, -1328, 1
-4324, 575, 1
-4769, 330, 1
-4260, 2362, 1
-5120, -147, 1
-5185, 2220, 1
-4658, 1401, 1
-9048, 3653, 1
-4845, 241, 1
-4516, 1741, 1
-4748, -23, 1
-5070, 488, 1
-4693, -815, 1
-4480, -1702, 1
-4361, 1962, 1
-4399, 235, 1
-4487, 750, 1
-4710, 3040, 1
-9039, -921, 1
-5203, 114, 1
-4702, 2963, 1
-4979, -917, 1
-4491, 648, 1
-5085, 2610, 1
-5113, 2099, 1
-4298, 2763, 1
-4576, 3236, 1
-4881, 2347, 1
-4498, 2939, 1
-4831, -1254, 1
-4784, 637, 1
-5124, 1980, 1
-4508, 3224, 1
-4117, 2778, 1
-8621, -825, 1
-4930, 2164, 1
-8907, -1146, 1
-4566, 1913, 1
-8567, -814, 1
-4279, 2367, 1
-8679, -1310, 1
-8361, -831, 1
-4706, -945, 1
-4896, -1112, 1
-8580, 2964, 1
-5241, 492, 1
-3663, -1919, 1
-5058, -77, 1
-4863, -586, 1
-9209, -1569, 1
-4398, 409, 1
-8494, 2853, 1
-4748, 1877, 1
-4264, 2769, 1
-4981, 2961, 1
-5002, -347, 1
-4428, 2086, 1
-5075, 2076, 1
-4560, 1724, 1
-4993, 2299, 1
-4919, -675, 1
-4861, 2511, 1
-4379, -414, 1
-4517, -1161, 1
-4619, -1400, 1
-4893, 2677, 1
-4859, -1140, 1
-5077, 267, 1
-8916, 3577, 1
-4887, 3060, 1
-4352, 2744, 1
-5060, 292, 1
-3705, -1743, 1
-8618, 2860, 1
-9277, 3169, 1
-9201, -1325, 1
-8911, 2442, 1
-4641, -914, 1
-4270, -199, 1
-5192, 1748, 1
-9122, 2929, 1
-4586, 2635, 1
-4672, 598, 1
-4958, 3143, 1
-8748, 3024, 1
-4576, -1788, 1
-5018, 1595, 1
-5079, 322, 1
-4769, 3188, 1
-4268, 2001, 1
-4547, 2706, 1
-5029, -417, 1
-9300, 3860, 1
-5036, 1624, 1
-4390, 1711, 1
-4822, 2294, 1
-4624, 495, 1
-4330, 1630, 1
-8437, -932, 1
-4859, 324, 1
-3600, -2019, 1
-4557, 2950, 1
-9240, -1761, 1
-9054, 3829, 1
-4683, 3975, 1
-4684, -1592, 1
-4624, -1730, 1
-4478, -1111, 1
-4462, -362, 1
-4717, 266, 1
-4357, 660, 1
-5290, 223, 1
-4523, 2967, 1
-4615, -22, 1
-4333, -2006, 1
-4882, 17, 1
-8534, -803, 1
-8887, -1752, 1
-9053, -1301, 1
-4469, 325, 1
-4848, 3038, 1
-9031, -1999, 1
-4192, 2392, 1
-4317, -156, 1
-4478, 1604, 1
-4517, -1951, 1
-4288, 2127, 1
-4602, 2394, 1
-5041, 41, 1
-4307, 2687, 1
-4557, 2924, 1
-4685, 320, 1
-4497, 3437, 1
-4379, 1689, 1
-8786, 3174, 1
-4535, -981, 1
-4894, 384, 1
-5051, -20, 1
-4301, 2428, 1
-5053, -799, 1
-9191, 3764, 1
-8960, -467, 1
-4285, -764, 1
-4335, 3004, 1
-8835, -1129, 1
-4940, 378, 1
-4850, 2412, 1
-4416, 2880, 1
-4582, -1115, 1
-5332, 1102, 1
-9047, -1096, 1
-4283, -1908, 1
-4636, -1720, 1
-4491, 4019, 1
-4445, 2597, 1
-4713, -386, 1
-4838, -505, 1
-5178, 2363, 1
-4314, 1957, 1
-4615, -182, 1
-4787, 2891, 1
-4440, 623, 1
-8766, -893, 1
-9178, -1529, 1
-4918, -96, 1
-5227, 2034, 1
-4756, 1418, 1
-4970, 1671, 1
-4937, 185, 1
-4561, 462, 1
-4267, 2033, 1
-4475, -807, 1
-9243, 3422, 1
-5285, 102, 1
-5020, 2037, 1
-4703, 2949, 1
-4681, 2521, 1
-4703, 3762, 1
-4285, 2454, 1
-4529, 1797, 1
-4533, 3296, 1
-8953, 2967, 1
-4531, -1847, 1
-5021, 3110, 1
-4706, 3185, 1
-3704, 3831, 1
-8644, -1097, 1
-4284, -564, 1
-4208, 2965, 1
-5060, 241, 1
-4531, -781, 1
-4216, 2624, 1
-5201, 1609, 1
-4079, 2884, 1
-4833, 2480, 1
-9282, -1245, 1
-8379, 2827, 1
-4731, -369, 1
-9316, 3741, 1
-4531, 104, 1
-8661, -1667, 1
-4687, 589, 1
-9149, 3617, 1
-8655, -1449, 1
-4966, -185, 1
-9283, -1417, 1
-3691, -1718, 1
-5263, 1043, 1
-5008, 2492, 1
-5147, 2411, 1
-5196, -288, 1
-9235, -1886, 1
-4957, 2751, 1
-4130, -846, 1
-4873, 2039, 1
-4804, 1486, 1
-4401, 3672, 1
-4436, 2814, 1
-4936, 2035, 1
-4961, 3176, 1
-4477, 4038, 1
-4703, 2401, 1
-4793, 496, 1
-5004, 2340, 1
-5076, -695, 1
-4918, 2503, 1
-4564, 287, 1
-4684, -1796, 1
-4902, 2626, 1
-5250, 1509, 1
-4422, -1614, 1
-8929, 2510, 1
-4931, 98, 1
-4671, 1506, 1
-5165, 2288, 1
-9186, 1029, 1
-8929, -808, 1
-4539, 1507, 1
-4293, 3899, 1
-8439, 2838, 1
-4736, -1692, 1
-4741, -17, 1
-4670, -767, 1
-8943, -1531, 1
-4755, 284, 1
-4682, 190, 1
-4901, 2432, 1
-4875, -471, 1
-4827, -1614, 1
-8826, 2128, 1
-4319, 2509, 1
-8395, 2769, 1
-4351, 267, 1
-4992, 3011, 1
-4990, 58, 1
-4981, 1684, 1
-4449, 1649, 1
-4768, 1910, 1
-4585, -729, 1
-4897, 3464, 1
-4500, 2600, 1
-4615, 4043, 1
-4173, 2690, 1
-4667, 3066, 1
-4642, 3180, 1
-4447, 2277, 1
-5081, -483, 1
-4284, 1867, 1
-4771, -779, 1
-8393, 2716, 1
-4690, 95, 1
-4831, 1560, 1
-4491, 3955, 1
-4341, -848, 1
-8937, 3230, 1
-4871, 261, 1
-4558, 2422, 1
-4247, 2932, 1
-8774, 2516, 1
-5153, -409, 1
-4418, 4045, 1
-4809, 3657, 1
-4424, 2558, 1
-5056, 1734, 1
-8782, 3479, 1
-4572, -1439, 1
-8883, -836, 1
-5076, 2165, 1
-9093, -1911, 1
-4542, -1670, 1
-4793, 2856, 1
-8970, 3024, 1
-5081, 2449, 1
-8630, 3015, 1
-8953, 3923, 1
-4933, 336, 1
-4264, -268, 1
-4390, -1648, 1
-8731, -745, 1
-4673, 1920, 1
-9160, -1214, 1
-4550, 2696, 1
-4258, -840, 1
-4570, 2217, 1
-9028, 3428, 1
-4177, -655, 1
-4491, 2742, 1
-4544, 2286, 1
-8494, 2978, 1
-8863, 3741, 1
-8637, -465, 1
-4439, 211, 1
-4409, -713, 1
-4738, 1815, 1
-4592, -136, 1
-4310, 2335, 1
-4176, -887, 1
-9071, -1079, 1
-4509, 2139, 1
-4591, -14, 1
-4811, 105, 1
-4282, -105, 1
-5089, 1526, 1
-4734, 2068, 1
-8748, -1472, 1
-4799, -281, 1
-4659, 3460, 1
-5245, 224, 1
-5062, 1853, 1
-4235, -195, 1
-5172, -64, 1
-4388, 2349, 1
-4336, -989, 1
-8812, -1759, 1
-4470, 3544, 1
-4932, 2241, 1
-4666, -1365, 1
-4537, 2568, 1
-4920, 2590, 1
-8914, -1482, 1
-5047, 2413, 1
-8362, 2767, 1
-4975, 1751, 1
-4818, -591, 1
-9051, 3370, 1
-4522, -1064, 1
-4621, 2172, 1
-4373, 2471, 1
-5044, -693, 1
-9116, 2775, 1
-4300, 1794, 1
-4514, 140, 1
-9006, 4036, 1
-4175, -839, 1
-4563, 3108, 1
-4384, -620, 1
-5144, 2291, 1
-4390, 3839, 1
-4751, 425, 1
-9129, -1981, 1
-4714, -654, 1
-4850, 470, 1
-8966, -805, 1
-4620, 2220, 1
-5007, 46, 1
-4587, -1109, 1
-5090, 2491, 1
-4668, -1997, 1
-5079, 2334, 1
-4279, 2816, 1
-5147, 2053, 1
-4760, -1271, 1
-8329, -898, 1
-9348, 3624, 1
-5196, 1810, 1
-5109, 2499, 1
-4433, -31, 1
-4758, -805, 1
-4948, 2782, 1
-8698, -1741, 1
-4877, 1786, 1
-4688, 377, 1
-4740, -12, 1
-4846, 3037, 1
-8757, -1047, 1
-8492, 2935, 1
-4562, -1073, 1
-4370, 395, 1
-5046, 1667, 1
-4836, -1055, 1
-9268, 3712, 1
-5146, 113, 1
-4359, 1876, 1
-4972, 2910, 1
-4560, -1314, 1
-4708, -1778, 1
-4825, 304, 1
-8655, 3090, 1
-4496, 1477, 1
-4510, 153, 1
-4910, 3022, 1
-4830, 2863, 1
-4416, 557, 1
-4526, 2423, 1
-4252, -569, 1
-4357, 1312, 1
-4706, -116, 1
-4734, -184, 1
-5026, -928, 1
-4930, -921, 1
-4273, 2251, 1
-4697, 2132, 1
-4471, 812, 1
-9117, -1613, 1
-4365, -384, 1
-4375, 2607, 1
-4720, 1588, 1
-8569, -935, 1
-4380, 162, 1
-4525, 324, 1
-5066, 2092, 1
-8413, 2954, 1
-5068, 1923, 1
-4610, 3154, 1
-4804, -218, 1
-4888, 890, 1
-4374, 266, 1
-4425, 3567, 1
-4368, -410, 1
-4417, 3713, 1
-4759, -655, 1
-4731, 343, 1
-4262, 2251, 1
-4567, 3779, 1
-4606, 3097, 1
-4730, 2843, 1
-5194, 116, 1
-8893, 825, 1
-4593, -389, 1
-5168, 1707, 1
-4873, -122, 1
-5243, 1676, 1
-4654, -1348, 1
-8966, 2832, 1
-8504, -988, 1
-5199, 1695, 1
-5178, 512, 1
-4282, 9, 1
-4417, 2279, 1
-4621, -1868, 1
-4272, -701, 1
-5189, -87, 1
-5198, -20, 1
-4574, 2715, 1
-4133, 2889, 1
-5054, -216, 1
-4802, 1726, 1
-4778, 1832, 1
-4789, 3223, 1
-8678, 3102, 1
-4661, 2331, 1
-8367, -804, 1
-4204, 2933, 1
-4840, -1546, 1
-4797, -1633, 1
-4956, 1571, 1
-5059, 570, 1
-4153, -573, 1
-4603, 460, 1
-4984, -238, 1
-5045, 2592, 1
-4596, 2503, 1
-9077, 3390, 1
-8866, -812, 1
-5121, 2102, 1
-4443, -162, 1
-4475, 533, 1
-5077, -514, 1
-4349, 551, 1
-5201, 1002, 1
-4434, 3649, 1
-4926, -182, 1
-4691, 3321, 1
-9209, 3749, 1
-4398, 1708, 1
-4867, 1166, 1
-4320, 54, 1
-8634, 2676, 1
-4517, -927, 1
-5166, 2596, 1
-4434, 3107, 1
-5040, 2800, 1
-4309, -685, 1
-4488, 4086, 1
-4961, 2839, 1
-4915, 2653, 1
-4718, -704, 1
-4835, -495, 1
-4511, 801, 1
-4617, -536, 1
-8730, 3622, 1
-4873, -1108, 1
-4523, 481, 1
-4249, 2925, 1
-4914, -791, 1
-8622, 2909, 1
-5055, 2721, 1
-4137, -763, 1
-9152, -1498, 1
-4395, 2305, 1
-5094, 62, 1
-3647, 3918, 1
-5115, 1681, 1
-4412, 322, 1
-4723, 1952, 1
-4609, 605, 1
-4736, 2709, 1
-5165, 498, 1
-4549, 681, 1
-4214, -383, 1
-4711, 3085, 1
-4325, 3044, 1
-4902, 3029, 1
-8834, 3850, 1
-4689, 2909, 1
-4485, 641, 1
-4781, -1480, 1
-4865, -571, 1
-5162, -536, 1
-8937, -1170, 1
-9131, 4015, 1
-4671, 2582, 1
-4453, -1039, 1
-4630, 319, 1
-5181, 525, 1
-8548, 3008, 1
-9211, -1964, 1
-4997, -730, 1
-5008, -170, 1
-5284, 101, 1
-5121, 1554, 1
-4364, 2852, 1
-9148, 3724, 1
-4487, 1648, 1
-4575, 1623, 1
-4589, -757, 1
-4981, 1786, 1
-5000, -29, 1
-4871, -253, 1
-5052, -18, 1
-4376, 251, 1
-4548, -1476, 1
-4835, 2867, 1
-4952, 2123, 1
-5232, 560, 1
-4824, 3184, 1
-4657, 3550, 1
-4349, -689, 1
-4263, -309, 1
-4503, 169, 1
-4635, 2688, 1
-4645, 1464, 1
-4599, -295, 1
-4684, -1738, 1
-4506, 1970, 1
-4686, 3673, 1
-4235, 2293, 1
-4646, -747, 1
-4721, 652, 1
-8599, -942, 1
-4429, -295, 1
-4810, 2093, 1
-4286, 197, 1
-4799, -407, 1
-5170, 1530, 1
-4550, 2059, 1
-4566, 249, 1
-8624, 2799, 1
-4510, -872, 1
-4506, 1499, 1
-4836, 2481, 1
-8849, -951, 1
-4643, 2315, 1
-8365, -757, 1
-4805, 1684, 1
-4458, -58, 1
-8498, -772, 1
-5074, 2319, 1
-4631, -129, 1
-4686, 2689, 1
-4377, 2403, 1
-8466, -830, 1
-4750, 312, 1
-4780, 1625, 1
-4677, -882, 1
-4672, 1493, 1
-4453, 2221, 1
-5009, 1011, 1
-4712, 2100, 1
-5095, 1761, 1
-4792, 256, 1
-4806, 2181, 1
-4924, 2625, 1
-8888, 2904, 1
-4517, -1476, 1
-9161, -1080, 1
-4449, 2499, 1
-4968, 3127, 1
-4909, -1133, 1
-4843, -242, 1
-4868, -799, 1
-4535, -1542, 1
-4241, 2314, 1
-4644, 3426, 1
-4605, -1985, 1
-4445, 343, 1
-8641, -933, 1
-4511, 2705, 1
-4701, 1500, 1
-4274, -877, 1
-9048, 3492, 1
-4297, -93, 1
-4496, 103, 1
-4216, 2690, 1
-4391, 2866, 1
-4367, 2971, 1
-8910, 3452, 1
-4844, -49, 1
-4726, 3256, 1
-4708, 3570, 1
-4747, 2511, 1
-9014, -1926, 1
-4669, -1270, 1
-4308, -120, 1
-4939, 1681, 1
-4936, 466, 1
-5040, 2050, 1
-4495, 1401, 1
-4340, 377, 1
-4762, -1681, 1
-5054, 2272, 1
-5236, 207, 1
-4794, 125, 1
-4541, -1074, 1
-4604, -631, 1
-4381, -239, 1
-4356, 161, 1
-4331, 2653, 1
-5084, -410, 1
-4949, 522, 1
-4537, -33, 1
-5161, 65, 1
-8574, -826, 1
-4913, -75, 1
-4626, 2826, 1
-4826, -1192, 1
-8415, 2549, 1
-4629, 580, 1
-8870, 4045, 1
-8701, 3016, 1
-5143, 2427, 1
-5210, 2371, 1
-4912, -593, 1
-4466, 1665, 1
-8629, -854, 1
-4968, 540, 1
-4666, -1712, 1
-9047, 2960, 1
-8462, -595, 1
-4892, 79, 1
-4608, 497, 1
-4601, 1539, 1
-4375, -779, 1
-5032, -451, 1
-4413, 2527, 1
-9120, 2949, 1
-4815, 2365, 1
-4549, -983, 1
-4713, -305, 1
-4330, 404, 1
-4233, 4064, 1
-8732, 3065, 1
-4601, -1172, 1
-4794, -1082, 1
-4433, 68, 1
-4887, 2384, 1
-4462, 800, 1
-4423, 1818, 1
-4564, -1522, 1
-5127, 84, 1
-4491, 68, 1
-4784, 1854, 1
-4365, 1510, 1
-4421, -549, 1
-4565, -930, 1
-4512, -1306, 1
-8859, 3926, 1
-4713, -332, 1
-4560, 2277, 1
-4359, 629, 1
-4870, -1360, 1
-4470, 2588, 1
-4818, 3045, 1
-4245, -381, 1
-4580, 2571, 1
-4945, -364, 1
-4908, -525, 1
-9043, 2963, 1
-4437, 2157, 1
-5037, 2227, 1
-4993, 2799, 1
-4851, -923, 1
-4602, 2408, 1
-5031, -151, 1
-4503, -385, 1
-5256, 2091, 1
-4156, -764, 1
-4335, 2138, 1
-4415, 176, 1
-4418, 2870, 1
-8781, 2916, 1
-5127, 2271, 1
-4435, 2544, 1
-8489, 2761, 1
-8724, 3053, 1
-4950, 2607, 1
-4626, -785, 1
-4823, -77, 1
-4423, -230, 1
-5182, 2386, 1
-8704, -1817, 1
-4912, 2862, 1
-4785, 3514, 1
-4299, -1934, 1
-4458, -1141, 1
-4215, -345, 1
-4199, -527, 1
-4656, -1635, 1
-4638, 378, 1
-4606, -779, 1
-5064, 1742, 1
-4831, 3192, 1
-4290, 2232, 1
-4550, 138, 1
-4371, -318, 1
-4130, -784, 1
-8851, -1634, 1
-4783, 41, 1
-4569, 1848, 1
-5131, 365, 1
-9343, -1279, 1
-9183, -1145, 1
-4645, 2514, 1
-5006, 552, 1
-4965, 2352, 1
-8550, -841, 1
-8498, -928, 1
-4953, 1645, 1
-4830, -1030, 1
-5072, 2763, 1
-4617, 3327, 1
-4620, 3907, 1
-4470, -24, 1
-4821, 3083, 1
-4394, 1597, 1
-4949, -1048, 1
-9348, 919, 1
-4477, -2004, 1
-8650, -995, 1
-4825, 3347, 1
-4532, -1089, 1
-8834, -1079, 1
-4354, 3728, 1
-4933, 2639, 1
-4952, 3002, 1
-4674, 4024, 1
-4428, -1099, 1
-4710, 3730, 1
-5259, 875, 1
-8541, 2768, 1
-4423, 103, 1
-4452, 2180, 1
-4609, 1828, 1
-4408, 3655, 1
-4935, 2540, 1
-4434, 1776, 1
-4687, -709, 1
-8751, 3903, 1
-4556, 535, 1
-4121, -720, 1
-4437, 1857, 1
-4664, -1428, 1
-4983, 2921, 1
-5017, 516, 1
-4803, -411, 1
-5227, 1527, 1
-8955, 3212, 1
-4360, 650, 1
-8547, -1022, 1
-4797, -1461, 1
-4662, -843, 1
-8898, 3152, 1
-4335, 1463, 1
-5119, -605, 1
-4588, -803, 1
-4958, 506, 1
-4483, -20, 1
-4258, 2272, 1
-5064, 2405, 1
-9070, -1055, 1
-4921, 1550, 1
-4359, 2754, 1
-4426, 4000, 1
-9087, 3056, 1
-4776, 3700, 1
-4783, 306, 1
-4213, 2423, 1
-8423, -907, 1
-8421, 2973, 1
-4909, 2815, 1
-4156, -889, 1
-8841, -1193, 1
-4294, 2840, 1
-4492, 3929, 1
-4700, -10, 1
-4826, 3358, 1
-4585, 2965, 1
-4356, 1330, 1
-4825, 3004, 1
-4332, -1803, 1
-4796, -435, 1
-4314, 2649, 1
-4605, 1842, 1
-4834, 3030, 1
-4883, -122, 1
-4734, 3345, 1
-4283, 4025, 1
-8791, -801, 1
-4689, -621, 1
-4902, -953, 1
-5209, -310, 1
-4760, 3460, 1
-4546, 2771, 1
-4541, -777, 1
-4499, -182, 1
-4415, -170, 1
-4963, -1188, 1
-4806, 2707, 1
-4355, 2460, 1
-9014, -1505, 1
-8472, -723, 1
-4275, 2118, 1
-4919, -1090, 1
-4283, -518, 1
-4651, -767, 1
-4856, -409, 1
-4893, 2993, 1
-4641, 856, 1
-4754, 272, 1
-4392, 2442, 1
-4495, 119, 1
-4942, 2647, 1
-4416, -194, 1
-9278, -1664, 1
-8786, -829, 1
-4457, 2701, 1
-4845, -383, 1
-4443, 2386, 1
-8516, 3014, 1
-4451, 601, 1
-8422, -743, 1
-5030, -168, 1
-4790, -457, 1
-4800, 587, 1
-5094, -804, 1
-4458, 2120, 1
-5112, 541, 1
-4411, -748, 1
-4428, 3570, 1
-4584, 2780, 1
-4627, 1494, 1
-4524, -828, 1
-4159, -782, 1
-5025, 2358, 1
-4850, 2302, 1
-4540, -274, 1
-4997, -566, 1
-4293, -146, 1
-9037, 3094, 1
-9267, 938, 1
-5011, -102, 1
-9120, -1547, 1
-4199, 2401, 1
-4880, 1619, 1
-4364, -291, 1
-4547, -457, 1
-4390, 2085, 1
-4777, -565, 1
-5005, 2150, 1
-4386, 3708, 1
-4539, 2334, 1
-4545, 530, 1
-4506, 3381, 1
-5074, 2227, 1
-5095, 2762, 1
-4756, 1391, 1
-4696, -1332, 1
-4883, 3386, 1
-4195, -765, 1
-4816, -676, 1
-3607, -2016, 1
-4205, -647, 1
-4680, 440, 1
-4382, 798, 1
-4254, -905, 1
-4718, -864, 1
-4486, -602, 1
-8462, 2795, 1
-4611, 59, 1
-4449, 1455, 1
-4800, 3718, 1
-4706, 3383, 1
-4753, -695, 1
-4592, -1463, 1
-8445, -625, 1
-9146, 3845, 1
-4748, 1509, 1
-4825, 2298, 1
-4797, -978, 1
-4718, 3474, 1
-5019, -73, 1
-4361, 2028, 1
-9074, 3402, 1
-4771, 3100, 1
-4406, -171, 1
-4523, -633, 1
-4649, -426, 1
-4683, 2505, 1
-4262, 2071, 1
-5252, 1519, 1
-4538, -1411, 1
-4899, 2276, 1
-5225, 521, 1
-4952, -1293, 1
-4629, -1667, 1
-8934, -412, 1
-8845, 3735, 1
-4762, 1509, 1
-4386, -1755, 1
-5241, 1920, 1
-5136, -232, 1
-4803, -1280, 1
-9036, -1433, 1
-5125, -282, 1
-9069, -1658, 1
-5205, 1737, 1
-4757, 2444, 1
-4410, 3570, 1
-4455, 59, 1
-4424, 943, 1
-4333, 536, 1
-4799, -1108, 1
-4360, 96, 1
-4763, 3761, 1
-4379, -531, 1
-4922, 2369, 1
-4981, 456, 1
-4607, 382, 1
-8948, -1240, 1
-8970, -1466, 1
-4396, 2247, 1
-9311, 1253, 1
-4466, -331, 1
-8986, 3771, 1
-4419, 1577, 1
-3660, -1973, 1
-9005, -1169, 1
-4371, -1655, 1
-5046, -288, 1
-4417, -183, 1
-4365, 3794, 1
-4500, -2045, 1
-4402, 3004, 1
-8860, -1392, 1
-4555, 3963, 1
-4345, 1807, 1
-8774, -1564, 1
-4523, -1442, 1
-8468, -752, 1
-4524, 3900, 1
-5094, 2862, 1
-4361, 3804, 1
-5082, 244, 1
-4984, 1757, 1
-4497, 3235, 1
-4586, 2678, 1
-4874, 1625, 1
-4675, 2931, 1
-4456, 4010, 1
-3655, -1917, 1
-4562, 2431, 1
-4369, -221, 1
-5136, 2144, 1
-4574, 2882, 1
-4802, 13, 1
-4185, 2918, 1
-8519, -955, 1
-5116, 1993, 1
-4689, -335, 1
-4441, 3046, 1
-9168, -1272, 1
-5081, -212, 1
-8708, -1548, 1
-4533, -823, 1
-8791, -843, 1
-4281, 2444, 1
-4782, 2627, 1
-4432, 3136, 1
-4845, 3185, 1
-4987, 1566, 1
-4819, -1404, 1
-4688, -1673, 1
-5009, -133, 1
-4236, 2422, 1
-8598, 2684, 1
-4516, -1133, 1
-9080, -1640, 1
-9190, -1636, 1
-4957, 1750, 1
-4509, -226, 1
-4520, 118, 1
-4590, -1972, 1
-4814, -1050, 1
-4379, 4084, 1
-4620, -1199, 1
-4358, 3878, 1
-4302, -99, 1
-4663, -900, 1
-5092, 538, 1
-4648, 1995, 1
-5175, 2420, 1
-4318, 4019, 1
-4589, -1826, 1
-4642, 1622, 1
-4832, 351, 1
-4825, 1907, 1
-8468, -639, 1
-5104, -691, 1
-4508, -1178, 1
-4813, -1349, 1
-5207, 1800, 1
-4663, 368, 1
-4877, 349, 1
-4740, -1158, 1
-4841, -1471, 1
-8651, 2650, 1
-4989, 349, 1
-4450, 17, 1
-8675, 2929, 1
-4437, 3086, 1
-5132, 1618, 1
-4654, 3468, 1
-8891, 3833, 1
-8564, -645, 1
-8837, -1386, 1
-4880, 2838, 1
-8858, -1425, 1
-5001, 1515, 1
-4662, 2207, 1
-4344, 715, 1
-4935, 3161, 1
-4153, 2645, 1
-4453, -2030, 1
-4418, 284, 1
-4193, -581, 1
-4861, 1618, 1
-4103, -744, 1
-9026, 3614, 1
-4572, -2029, 1
-4487, -780, 1
-4887, 651, 1
-3658, -1950, 1
-5099, 239, 1
-4574, 446, 1
-5098, 1736, 1
-4679, -1444, 1
-8937, -905, 1
-5174, 2122, 1
-5152, 990, 1
-8979, 1229, 1
-9321, 3321, 1
-5020, -876, 1
-4268, -231, 1
-4812, 2488, 1
-4882, -1496, 1
-4960, 1968, 1
-3627, 4051, 1
-4658, -148, 1
-9086, -2038, 1
-4877, 3069, 1
-4507, 2158, 1
-4545, 2062, 1
-4934, -315, 1
-4495, -597, 1
-4871, 2862, 1
-4907, 2276, 1
-5047, -853, 1
-4286, 142, 1
-4699, -95, 1
-4578, 1676, 1
-4603, -353, 1
-4671, -734, 1
-4442, -1576, 1
-4648, -792, 1
-4419, 2799, 1
-4744, 3778, 1
-4474, 2870, 1
-4765, 1171, 1
-4409, 1611, 1
-9108, -1444, 1
-4722, 2465, 1
-8860, -907, 1
-4528, -588, 1
-8814, 3603, 1
-5050, 2756, 1
-4237, 2767, 1
-4573, -1463, 1
-4837, 3560, 1
-4439, 1546, 1
-4888, 1583, 1
-3731, -1664, 1
-4598, -56, 1
-5052, 2943, 1
-4595, 2107, 1
-4860, 2465, 1
-4682, 1999, 1
-4497, -85, 1
-4907, -1121, 1
-4904, 2648, 1
-4634, -1049, 1
-8524, 2927, 1
-4289, -212, 1
-4512, 1654, 1
-4840, -757, 1
-9109, -1520, 1
-4933, 3195, 1
-4439, 1353, 1
-4462, 1876, 1
-8962, -1645, 1
-4906, -531, 1
-4963, -82, 1
-4280, -450, 1
-9034, 3191, 1
-4559, -1346, 1
-4919, -67, 1
-4539, 1474, 1
-4557, -998, 1
-4420, 2023, 1
-8442, -663, 1
-8969, 2864, 1
-4464, 2165, 1
-4615, -1548, 1
-4572, 2172, 1
-4725, -360, 1
-4405, 2128, 1
-8405, -857, 1
-4421, -1032, 1
-4389, 2224, 1
-5184, 1713, 1
-4474, -1703, 1
-8821, -104, 1
-8969, 2591, 1
-4957, 2564, 1
-8823, -237, 1
-4577, 3338, 1
-4294, -558, 1
-4567, -1815, 1
-4712, 1706, 1
-4337, 169, 1
-8574, -697, 1
-4897, 2158, 1
-9166, -1171, 1
-4370, 2439, 1
-4542, 480, 1
-4930, 345, 1
-4844, 1163, 1
-9350, -1697, 1
-8862, 3399, 1
-4684, 2608, 1
-5133, 281, 1
-4433, 1697, 1
-8562, -709, 1
-4558, 3178, 1
-4461, 405, 1
-9161, 1104, 1
-4806, 242, 1
-4460, -265, 1
-3687, 3798, 1
-5217, 2080, 1
-4213, 2857, 1
-4893, -424, 1
-4634, 3552, 1
-9235, 3160, 1
-4289, -585, 1
-9082, -957, 1
-4304, 2307, 1
-4408, -503, 1
-4891, 255, 1
-4516, 3224, 1
-4662, -1349, 1
-3707, 3877, 1
-4389, 925, 1
-8766, 3334, 1
-4961, -715, 1
-4502, -1449, 1
-5175, 2002, 1
-4350, -91, 1
-9259, 3241, 1
-4204, -904, 1
-4539, 2592, 1
-8853, -1794, 1
-5288, 1065, 1
-4445, -1093, 1
-4880, 198, 1
-4551, 2412, 1
-4402, 3, 1
-4361, -426, 1
-5035, 2513, 1
-4649, -1392, 1
-8674, -1725, 1
-4525, 3013, 1
-4865, 1409, 1
-4189, 2640, 1
-9022, -1637, 1
-4353, -688, 1
-4601, -1592, 1
-9020, 2724, 1
-4892, 2669, 1
-4430, 506, 1
-5033, -832, 1
-5312, 1552, 1
-4873, 1677, 1
-4616, 4019, 1
-4680, 2799, 1
-5273, 1163, 1
-5004, 417, 1
-4923, 3032, 1
-4223, -486, 1
-4727, -1321, 1
-4488, -2039, 1
-4780, 2296, 1
-4213, 2937, 1
-9245, 902, 1
-5279, 1070, 1
-4599, -246, 1
-5127, 176, 1
-4164, -677, 1
-9021, -545, 1
-4858, -882, 1
-9073, 2798, 1
-5282, 88, 1
-4584, 3890, 1
-5106, 2850, 1
-4579, -711, 1
-4662, -1139, 1
-9082, 3167, 1
-5212, 1945, 1
-4690, 1778, 1
-8805, 2883, 1
-8503, 2985, 1
-4261, -149, 1
-4916, -194, 1
-4468, 3067, 1
-5101, 2065, 1
-4605, 3341, 1
-4976, 2507, 1
-5148, -468, 1
-4512, 1427, 1
-9153, 4009, 1
-9033, 3576, 1
-4634, 175, 1
-8427, 2914, 1
-4933, 2119, 1
-8506, -756, 1
-4799, 2892, 1
-4894, -875, 1
-4847, 125, 1
-4247, -193, 1
-9002, 819, 1
-4766, 2384, 1
-4839, -1290, 1
-4667, -1036, 1
-4956, -103, 1
-5017, 2378, 1
-5149, 2158, 1
-5019, 2302, 1
-4872, 1876, 1
-4607, -1468, 1
-4524, -1155, 1
-4457, -1096, 1
-4532, 253, 1
-9137, 3070, 1
-3659, 4094, 1
-4250, -1964, 1
-5134, 1567, 1
-8891, 3770, 1
-4632, 145, 1
-4699, -1200, 1
-8544, -888, 1
-4655, 2731, 1
-4380, 4012, 1
-4402, -1850, 1
-4554, 3861, 1
-4676, -1641, 1
-4475, -566, 1
-4576, 2389, 1
-4592, -1224, 1
-4276, -32, 1
-4308, -83, 1
-4360, -978, 1
-4537, 3487, 1
-4847, 1592, 1
-4242, -333, 1
-8939, -302, 1
-4344, -337, 1
-4459, 1218, 1
-4454, -1669, 1
-4582, 205, 1
-4826, -1329, 1
-4854, -420, 1
-9267, 3211, 1
-8611, 3097, 1
-8891, -1155, 1
-8954, -527, 1
-8496, -743, 1
-9047, 932, 1
-4969, 363, 1
-4399, -694, 1
-8607, 2884, 1
-8495, 2813, 1
-4655, 2512, 1
-9204, -1986, 1
-4532, 1964, 1
-4847, 121, 1
-4981, -710, 1
-4576, -343, 1
-4852, -857, 1
-5134, 2554, 1
-8600, 2749, 1
-4595, 3914, 1
-8637, -831, 1
-4387, 2057, 1
-9010, 3192, 1
-4288, 2143, 1
-4387, 3840, 1
-4569, -1413, 1
-4624, -1538, 1
-4377, 3673, 1
-9020, -1110, 1
-8912, -859, 1
-4580, 1681, 1
-4282, -380, 1
-4712, 310, 1
-5210, 1047, 1
-4744, 1875, 1
-4487, 2800, 1
-4287, 2478, 1
-4263, 2289, 1
-4938, 585, 1
-4514, -1692, 1
-4937, 536, 1
-4684, -31, 1
-4272, -87, 1
-5094, -449, 1
-9133, 3503, 1
-4531, 2385, 1
-4463, 3780, 1
-4827, 2656, 1
-4561, -1015, 1
-5198, 1591, 1
-4131, -592, 1
-5020, -540, 1
-5000, -18, 1
-4360, 41, 1
-4633, 2598, 1
-4248, 2784, 1
-4312, -203, 1
-4713, 3018, 1
-8638, 3090, 1
-4714, 54, 1
-5086, -249, 1
-8595, -571, 1
-4769, 2067, 1
-4905, 3415, 1
-8868, -466, 1
-5033, 2043, 1
-4432, 2421, 1
-4324, 2970, 1
-4755, 2250, 1
-4971, -679, 1
-5132, 49, 1
-5070, 2978, 1
-5050, 2568, 1
-4741, 2859, 1
-9147, 3995, 1
-5003, -685, 1
-4844, -1512, 1
-4603, 4, 1
-4497, -738, 1
-4905, -130, 1
-4776, 678, 1
-9257, 3572, 1
-8594, 2666, 1
-9174, -946, 1
-4713, 2614, 1
-4382, 1915, 1
-8901, -1688, 1
-4724, 639, 1
-4786, 1791, 1
-4280, 2912, 1
-9080, 2998, 1
-8986, 3649, 1
-8970, -580, 1
-9348, 3591, 1
-4668, -1961, 1
-9286, -1678, 1
-4602, 3548, 1
-4634, 240, 1
-4480, -1863, 1
-5063, 1826, 1
-8384, 2757, 1
-4953, 3006, 1
-4516, 1666, 1
-4310, -180, 1
-4675, 3889, 1
-4921, -1234, 1
-4758, 1454, 1
-9030, -1733, 1
-5343, 1016, 1
-3589, 4023, 1
-4834, 3224, 1
-4393, -356, 1
-4531, 509, 1
-5185, 1689, 1
-4702, -1540, 1
-4431, 2620, 1
-4645, -704, 1
-4575, -1003, 1
-4708, 2446, 1
-4489, -1699, 1
-5085, -39, 1
-4378, -1064, 1
-4136, -842, 1
-4804, 3735, 1
-4139, -636, 1
-4303, -769, 1
-4549, 2728, 1
-4166, -770, 1
-4551, -1293, 1
-4526, 2430, 1
-4947, 2057, 1
-4629, 2699, 1
-4394, 3800, 1
-4378, 1858, 1
-4315, 459, 1
-4469, 1640, 1
-4723, 1797, 1
-4247, -46, 1
-8590, 2866, 1
-4570, 3265, 1
-4886, -1444, 1
-8411, -852, 1
-9140, -818, 1
-4259, -417, 1
-4660, -981, 1
-9028, -1017, 1
-5095, -730, 1
-8726, -355, 1
-8628, 3943, 1
-4821, 3655, 1
-4333, 743, 1
-4514, -1779, 1
-5306, 308, 1
-4481, 120, 1
-4419, 736, 1
-4846, -1073, 1
-4408, -418, 1
-4567, 1480, 1
-4726, -1600, 1
-4708, 93, 1
-4582, 4, 1
-4576, 376, 1
-4653, -1869, 1
-4382, 2101, 1
-5227, -85, 1
-8836, -2023, 1
-4299, 2951, 1
-5025, 2412, 1
-4571, 478, 1
-4415, -210, 1
-4901, -950, 1
-8910, -1011, 1
-4798, -334, 1
-9215, -1032, 1
-5329, 1480, 1
-4485, 1701, 1
-4516, -11, 1
-4258, 2037, 1
-8539, -924, 1
-4646, 2650, 1
-9334, -1773, 1
-5147, 354, 1
-4414, 1480, 1
-4384, 2668, 1
-4363, 740, 1
-4948, 3079, 1
-4764, 2913, 1
-4180, -812, 1
-4271, 2170, 1
-5157, 2438, 1
-9088, -1953, 1
-5078, -693, 1
-4349, 2024, 1
-4941, 254, 1
-4348, -679, 1
-5059, 159, 1
-5020, 2592, 1
-4922, 67, 1
-9237, 3711, 1
-4342, -400, 1
-4503, 287, 1
-4581, 1729, 1
-5058, -24, 1
-4951, -322, 1
-4164, -831, 1
-8721, 2683, 1
-8586, 2846, 1
-5030, -1046, 1
-4254, 2477, 1
-4661, 1200, 1
-5000, -295, 1
-4301, -1835, 1
-4669, -870, 1
-4289, 2013, 1
-8539, -792, 1
-4827, -1472, 1
-4288, 2766, 1
-4243, -127, 1
-4349, 2433, 1
-4217, 2584, 1
-4283, -1996, 1
-4663, 3987, 1
-4597, 1590, 1
-4795, -1295, 1
-4315, 2099, 1
-5045, -288, 1
-4781, -1205, 1
-4759, 2200, 1
-4395, -114, 1
-4157, 2781, 1
-4900, -1095, 1
-4329, 654, 1
-4412, -973, 1
-4165, 2643, 1
-4462, 2471, 1
-4722, 421, 1
