-7719, 3904, 1
-3344, 2536, 1
-3411, 2457, 1
-3118, 3481, 1
-3205, 3223, 1
-2918, 2634, 1
-3680, -83, 1
-2929, -1908, 1
-2985, 794, 1
-3415, 2470, 1
-3235, 405, 1
-3170, 323, 1
-3438, -225, 1
-3080, -1205, 1
-3576, -539, 1
-3139, 217, 1
-2641, 3945, 1
-2795, 2380, 1
-2811, -501, 1
-3239, 584, 1
-3134, -400, 1
-3070, 2323, 1
-7246, -1283, 1
-3470, 483, 1
-2811, -561, 1
-2869, 2654, 1
-2870, 2516, 1
-7661, 3380, 1
-6334, -2823, 1
-3361, 6, 1
-2827, 2355, 1
-2839, 3725, 1
-3641, -294, 1
-7378, 3855, 1
-2957, -500, 1
-7763, -2044, 1
-3232, -1047, 1
-7942, 1019, 1
-7137, 5026, 1
-3186, -1026, 1
-6974, -3275, 1
-3731, 987, 1
-3000, 2374, 1
-6708, -3613, 1
-7769, -1288, 1
-2916, -1946, 1
-3699, 158, 1
-3409, 464, 1
-2884, 3743, 1
-8327, 603, 1
-7375, 4521, 1
-3152, -552, 1
-3244, 2961, 1
-7460, 4524, 1
-2013, 4087, 1
-3044, -336, 1
-3168, -1278, 1
-8435, 1327, 1
-3166, 2057, 1
-7408, -845, 1
-3207, -647, 1
-7467, -2340, 1
-3269, 1461, 1
-7233, 3087, 1
-3668, 339, 1
-3077, -731, 1
-3385, -730, 1
-7103, 3081, 1
-2836, -414, 1
-2583, -1988, 1
-2813, 3960, 1
-7498, -2266, 1
-6269, 5102, 1
-7035, 5277, 1
-3309, -263, 1
-2807, -1640, 1
-7220, -1018, 1
-3666, 75, 1
-7152, 2980, 1
-3348, 1543, 1
-2783, -742, 1
-3493, 312, 1
-6986, -3474, 1
-3302, 2314, 1
-2904, 2868, 1
-2165, -1885, 1
-3001, 1430, 1
-3359, 2639, 1
-8398, 1174, 1
-3074, -189, 1
-3158, 2511, 1
-3122, -1141, 1
-2531, -2284, 1
-2945, -126, 1
-3506, 1022, 1
-2874, -1446, 1
-7435, -982, 1
-7399, 4580, 1
-3570, 1777, 1
-1937, 4039, 1
-7351, -2314, 1
-3008, -47, 1
-3282, 2986, 1
-3789, 1054, 1
-3306, -656, 1
-3001, 1987, 1
-3445, 104, 1
-3410, -927, 1
-3445, 2218, 1
-3339, 3160, 1
-2020, -2078, 1
-3375, -310, 1
-3206, -623, 1
-2048, 4081, 1
-3377, 338, 1
-3107, 1719, 1
-3819, 1174, 1
-2926, -324, 1
-3173, -1039, 1
-3534, 2370, 1
-2780, 2945, 1
-2954, 53, 1
-2047, -2078, 1
-7380, -1859, 1
-2993, 66, 1
-2962, 3788, 1
-7301, -1187, 1
-7450, -1642, 1
-3148, 2441, 1
-2817, 2830, 1
-3124, -137, 1
-3591, -306, 1
-2828, -1973, 1
-3096, 2990, 1
-7226, -2975, 1
-2807, -1635, 1
-2705, 2825, 1
-3189, -301, 1
-2833, 2270, 1
-8283, 1121, 1
-7409, -2913, 1
-3689, 105, 1
-7298, 3381, 1
-3263, -1272, 1
-3086, 3362, 1
-7715, 4126, 1
-2892, -1834, 1
-3622, -321, 1
-7955, 1134, 1
-3485, 2542, 1
-8257, 1173, 1
-7728, 3408, 1
-3775, 1170, 1
-2843, -133, 1
-3526, 299, 1
-3390, -778, 1
-3247, -49, 1
-3291, -914, 1
-7987, 763, 1
-3199, 221, 1
-3768, 945, 1
-7034, -3183, 1
-3376, 1984, 1
-3365, -101, 1
-7850, 3881, 1
-7569, 2841, 1
-3289, 3333, 1
-3587, 2637, 1
-7171, -923, 1
-8431, 1447, 1
-3242, 2588, 1
-3056, -1541, 1
-3214, -1341, 1
-3469, 2794, 1
-7362, -1331, 1
-3191, 2077, 1
-3041, -661, 1
-2600, -2172, 1
-3397, -543, 1
-2951, 21, 1
-2675, -1998, 1
-3561, 2156, 1
-2996, 3100, 1
-2990, -841, 1
-3433, 2050, 1
-7188, 4338, 1
-3151, 3170, 1
-3132, 2761, 1
-7521, -2049, 1
-7907, -1863, 1
-3230, -284, 1
-3421, 1931, 1
-7496, -2097, 1
-2823, -1629, 1
-2978, 551, 1
-7311, -2808, 1
-3378, 307, 1
-3546, 1681, 1
-3315, -99, 1
-7412, -1308, 1
-6287, -2952, 1
-3313, -1234, 1
-2859, 3973, 1
-3193, 135, 1
-3015, 290, 1
-3071, 1991, 1
-8337, 517, 1
-3254, -439, 1
-2555, 4370, 1
-7420, -2586, 1
-3699, 46, 1
-3581, 340, 1
-3547, 2330, 1
-2119, 3812, 1
-3117, -1040, 1
-3154, -504, 1
-7449, -2122, 1
-3362, 2940, 1
-3497, 509, 1
-2860, 2570, 1
-8204, 1140, 1
-3466, -748, 1
-2839, 2434, 1
-3296, 201, 1
-3587, 1631, 1
-3123, 1202, 1
-3031, -239, 1
-2250, 3598, 1
-3355, -1093, 1
-7611, -608, 1
-3301, 1818, 1
-3000, 3428, 1
-3036, -1235, 1
-2145, 3872, 1
-3488, 1777, 1
-3434, -116, 1
-3768, 1045, 1
-3570, 99, 1
-3022, 2393, 1
-7777, 1144, 1
-3398, 2716, 1
-3523, 329, 1
-7863, 3631, 1
-3389, -351, 1
-3023, -1301, 1
-3236, -414, 1
-3406, -582, 1
-3733, 1014, 1
-8173, 941, 1
-3658, 1752, 1
-2464, 4297, 1
-7541, -2364, 1
-6125, -3144, 1
-2832, -909, 1
-1980, 4054, 1
-7539, -2476, 1
-2164, 3751, 1
-2655, -775, 1
-3522, -639, 1
-3261, 45, 1
-7456, -2233, 1
-3043, 3560, 1
-7173, -3453, 1
-1986, 4079, 1
-2556, 4216, 1
-7673, -1010, 1
-2664, -2319, 1
-3317, 1584, 1
-7494, -2551, 1
-2693, 3849, 1
-2976, 2224, 1
-3506, 2844, 1
-3240, 3492, 1
-3336, 1680, 1
-7461, 4161, 1
-2047, -2028, 1
-7533, -989, 1
-7393, 3907, 1
-2896, 3400, 1
-3091, 3531, 1
-3243, -353, 1
-3197, 3180, 1
-2594, -2086, 1
-3324, 1865, 1
-3504, -509, 1
-3205, 429, 1
-3053, 492, 1
-2626, 4208, 1
-3079, -348, 1
-2965, 3835, 1
-2996, 1883, 1
-7977, 3668, 1
-2995, 587, 1
-3247, 317, 1
-3488, 216, 1
-3728, 488, 1
-3431, -949, 1
-2904, 3072, 1
-3259, 1885, 1
-3199, 2998, 1
-7498, 3490, 1
-1963, -2021, 1
-3150, 23, 1
-2925, -790, 1
-7128, -1040, 1
-6358, 4832, 1
-3467, -19, 1
-3549, 2400, 1
-7301, -2122, 1
-3330, -553, 1
-7492, -2586, 1
-3013, -1629, 1
-6894, -3383, 1
-2862, -1579, 1
-3034, -254, 1
-3034, 1824, 1
-6837, -3584, 1
-3270, -511, 1
-2975, 1311, 1
-3030, 618, 1
-3687, 1881, 1
-6095, 5448, 1
-2906, 3448, 1
-3672, 1719, 1
-3415, -356, 1
-7749, 4001, 1
-7098, 2989, 1
-7156, -2626, 1
-3650, 449, 1
-2876, -1585, 1
-3356, 3192, 1
-7692, 3655, 1
-3061, 2823, 1
-3182, -1588, 1
-3580, -532, 1
-3255, 2624, 1
-7647, 3584, 1
-2987, 3178, 1
-2960, 2824, 1
-7347, -1018, 1
-3496, 232, 1
-3185, 2, 1
-3107, -1683, 1
-3476, 2973, 1
-3694, 19, 1
-2999, 785, 1
-3119, 95, 1
-3578, -289, 1
-2753, -1819, 1
-3543, 1639, 1
-7401, -2953, 1
-2959, 555, 1
-3112, 1882, 1
-3194, 2182, 1
-3054, -345, 1
-7165, 5208, 1
-7309, 3157, 1
-6240, 5200, 1
-6983, -2987, 1
-7396, -498, 1
-7590, -1152, 1
-2412, 4297, 1
-3208, -403, 1
-3142, 3373, 1
-3205, -1008, 1
-2705, 2889, 1
-3519, 72, 1
-3526, 385, 1
-3041, -1359, 1
-7522, 3346, 1
-7256, 4575, 1
-3516, -348, 1
-3467, 2640, 1
-3416, 543, 1
-2650, 4135, 1
-3258, -881, 1
-3254, 1978, 1
-3016, -1072, 1
-2944, 2264, 1
-2549, 4183, 1
-3409, 220, 1
-3050, 387, 1
-3552, 2106, 1
-3290, -865, 1
-3580, 1681, 1
-3571, 2639, 1
-2950, 1853, 1
-3239, 1995, 1
-3017, 1528, 1
-2575, -2110, 1
-3693, 374, 1
-3807, 911, 1
-3641, -330, 1
-2933, 3512, 1
-3238, 2370, 1
-3080, -1549, 1
-3338, -952, 1
-6955, 5284, 1
-2847, -167, 1
-2987, -1751, 1
-3562, 2218, 1
-3128, 2339, 1
-3460, 1584, 1
-7236, -2646, 1
-7771, 3932, 1
-2746, 2869, 1
-2805, -338, 1
-3122, -1386, 1
-7581, -1831, 1
-3010, 532, 1
-2989, 553, 1
-7396, -2420, 1
-2724, -2311, 1
-2988, 98, 1
-3060, 3477, 1
-3281, 3353, 1
-2106, -1815, 1
-7599, -2471, 1
-7806, 3487, 1
-7017, -3533, 1
-3453, 430, 1
-2997, 2996, 1
-3085, -222, 1
-3344, 1812, 1
-7701, -2110, 1
-2993, 1796, 1
-3256, 470, 1
-2936, 2401, 1
-3576, -566, 1
-3105, 3232, 1
-3167, 1477, 1
-3301, -954, 1
-2904, -2031, 1
-3368, 1497, 1
-3309, -650, 1
-2933, 3026, 1
-2926, -338, 1
-6981, -3492, 1
-2828, -1609, 1
-7593, 2322, 1
-3280, 47, 1
-2837, -1485, 1
-3470, -442, 1
-2992, -1595, 1
-6978, -3595, 1
-3525, -594, 1
-7473, -1139, 1
-7260, 4379, 1
-2962, 3094, 1
-7540, 4283, 1
-2868, 3506, 1
-3632, 2044, 1
-2890, -1007, 1
-7307, 4911, 1
-2787, -2046, 1
-7931, 1118, 1
-2734, -1954, 1
-7507, -2467, 1
-1934, -1961, 1
-3741, 459, 1
-2982, 3957, 1
-7286, 5189, 1
-3079, 3647, 1
-2675, -2184, 1
-7655, 3347, 1
-2966, -933, 1
-2969, 2419, 1
-3122, 1878, 1
-3152, 3292, 1
-3382, 1920, 1
-3124, 3566, 1
-7248, -3049, 1
-7170, 5493, 1
-2769, 3698, 1
-3090, 2116, 1
-2675, -1942, 1
-7164, 3100, 1
-2932, 2987, 1
-2189, -1743, 1
-3495, 1529, 1
-2782, 2390, 1
-7291, 2993, 1
-3069, 2043, 1
-3091, -1092, 1
-2653, 3978, 1
-2896, -241, 1
-7467, -1391, 1
-3501, 1679, 1
-7171, -2499, 1
-2824, -1786, 1
-3371, 2570, 1
-2749, 3811, 1
-3220, 2078, 1
-3301, 2966, 1
-7700, -994, 1
-7717, -1945, 1
-7798, 4018, 1
-1957, -1995, 1
-7146, -3426, 1
-2847, -117, 1
-3202, 3473, 1
-2807, 4150, 1
-3056, 2980, 1
-8375, 1592, 1
-3072, -1341, 1
-7821, -1282, 1
-6226, 4987, 1
-3267, 1433, 1
-3197, 34, 1
-2887, -360, 1
-2170, 3892, 1
-3134, -238, 1
-3116, 2355, 1
-6997, 4927, 1
-7177, 2824, 1
-3733, 1552, 1
-3497, -725, 1
-2893, -234, 1
-6324, -2977, 1
-3246, 2, 1
-7654, 3527, 1
-7352, -579, 1
-7120, 5132, 1
-7507, -1173, 1
-7076, -1119, 1
-3174, 3440, 1
-3236, 484, 1
-3516, 2152, 1
-8343, 507, 1
-3048, -924, 1
-2992, 3332, 1
-3003, 349, 1
-3098, 3037, 1
-3125, 2022, 1
-7138, -2756, 1
-7532, -1251, 1
-3187, 1929, 1
-2887, -442, 1
-7058, 3103, 1
-3364, 572, 1
-3320, 1658, 1
-3020, 3284, 1
-2663, 3926, 1
-3206, 3273, 1
-6040, -3372, 1
-3570, -250, 1
-3400, 15, 1
-2803, -576, 1
-7711, 3030, 1
-7284, 3151, 1
-3148, -478, 1
-6011, -3459, 1
-3149, -419, 1
-3401, 2175, 1
-7893, 936, 1
-7211, 4644, 1
-3523, 2314, 1
-7427, 2890, 1
-7149, 5005, 1
-3360, -987, 1
-2922, 2689, 1
-1996, -1986, 1
-3700, 503, 1
-3176, 3441, 1
-2086, 3931, 1
-3156, 1779, 1
-2086, -2007, 1
-7278, 4950, 1
-3127, 3125, 1
-3209, 246, 1
-7528, 3008, 1
-7115, -853, 1
-2678, -2259, 1
-5974, 5464, 1
-3652, 1026, 1
-7053, 3132, 1
-3161, 3371, 1
-3009, 1816, 1
-3160, -438, 1
-3280, 3131, 1
-2986, 1466, 1
-3457, -323, 1
-3085, 21, 1
-7260, 4804, 1
-2586, -2039, 1
-7919, 772, 1
-3514, 2457, 1
-3001, 658, 1
-6955, -3527, 1
-2849, 2366, 1
-3629, 1895, 1
-2985, 2909, 1
-6176, -3075, 1
-2225, 3616, 1
-2893, 2168, 1
-3726, 151, 1
-3388, 1555, 1
-3103, 768, 1
-7562, 3404, 1
-7185, -2847, 1
-7304, -1034, 1
-7574, 3106, 1
-2221, 3748, 1
-2157, -1809, 1
-2631, 4302, 1
-3657, 1545, 1
-6310, -2957, 1
-3352, 1521, 1
-3068, 653, 1
-8403, 908, 1
-7624, -1546, 1
-2883, 3593, 1
-3319, 1473, 1
-7634, 3271, 1
-3379, 2391, 1
-2819, 2819, 1
-3111, -493, 1
-3477, 2206, 1
-2436, 4322, 1
-3261, 2527, 1
-3202, -212, 1
-3099, -226, 1
-3473, 2238, 1
-3301, 2743, 1
-2964, -1940, 1
-7658, 3900, 1
-2593, -2012, 1
-3485, 48, 1
-3508, 2871, 1
-2765, -536, 1
-3142, -517, 1
-2653, 3994, 1
-7190, -893, 1
-7258, 4752, 1
-3300, 2453, 1
-2688, 2849, 1
-3112, -1309, 1
-2150, 3872, 1
-2796, -1638, 1
-3059, -674, 1
-2828, 2408, 1
-3744, 1126, 1
-3360, 517, 1
-3261, 2081, 1
-3075, -1315, 1
-7906, 3642, 1
-8376, 909, 1
-2984, 805, 1
-3512, -195, 1
-2569, -2085, 1
-3081, 3321, 1
-2830, -615, 1
-5908, 5509, 1
-3020, 2525, 1
-3199, -118, 1
-2964, -876, 1
-3470, 2435, 1
-3079, -793, 1
-2848, -812, 1
-8356, 545, 1
-3350, 1531, 1
-8470, 716, 1
-3335, 2204, 1
-2882, 4075, 1
-2953, 2460, 1
-3537, -297, 1
-2811, 3897, 1
-7095, 5147, 1
-3635, 481, 1
-3508, -76, 1
-7114, -3579, 1
-7851, 4033, 1
-7731, -1605, 1
-2859, 3997, 1
-8074, 931, 1
-2747, -624, 1
-2916, -990, 1
-2565, 4286, 1
-3085, -1760, 1
-3538, -688, 1
-3243, 2364, 1
-3071, -974, 1
-7069, 5484, 1
-7093, 3129, 1
-8393, 932, 1
-2695, -820, 1
-3255, -215, 1
-2193, 3730, 1
-3301, 236, 1
-7836, -1588, 1
-2969, -878, 1
-3161, 1545, 1
-7619, -718, 1
-2929, -939, 1
-3649, 1589, 1
-6393, 4674, 1
-7164, 5160, 1
-2904, 1978, 1
-3494, 2339, 1
-2985, 1490, 1
-2885, -779, 1
-2075, -1958, 1
-7745, 3350, 1
-3361, 118, 1
-2866, -804, 1
-2643, 4089, 1
-3067, -427, 1
-3612, 202, 1
-3364, -816, 1
-2973, 2979, 1
-3069, 3663, 1
-3530, 1910, 1
-2945, -1889, 1
-7511, 3817, 1
-3126, 3700, 1
-3077, 2962, 1
-3080, 157, 1
-2283, -1463, 1
-2823, 2438, 1
-3289, -263, 1
-7967, 1143, 1
-2752, -2071, 1
-3470, 2388, 1
-7538, 4622, 1
-3250, -55, 1
-2824, 2742, 1
-3079, 1355, 1
-3477, 2867, 1
-3102, 557, 1
-7528, -2539, 1
-3554, -253, 1
-2710, -1748, 1
-7367, -1196, 1
-3212, -1205, 1
-3516, -18, 1
-3248, -785, 1
-2994, 512, 1
-3338, 249, 1
-3547, 1557, 1
-2557, 4358, 1
-3153, 1703, 1
-6279, 5032, 1
-2737, 2528, 1
-3636, 162, 1
-3113, -730, 1
-3368, 1939, 1
-3328, 1580, 1
-7962, -1542, 1
-3316, -326, 1
-2513, 4307, 1
-7546, -1948, 1
-7700, -910, 1
-3238, 3210, 1
-7268, -1309, 1
-7704, 2956, 1
-3381, 1965, 1
-7322, -1273, 1
-3096, 443, 1
-2059, -1876, 1
-2725, -1865, 1
-7416, 4169, 1
-2476, -2142, 1
-2796, -1624, 1
-3286, 3347, 1
-3106, 446, 1
-3515, -124, 1
-2844, 2349, 1
-7608, 3480, 1
-2537, -2189, 1
-3316, 3202, 1
-3524, 495, 1
-3598, 211, 1
-2952, -1684, 1
-7873, 1173, 1
-7717, -716, 1
-3012, 710, 1
-3211, -1440, 1
-2134, 3915, 1
-2968, 2800, 1
-7625, 2702, 1
-8420, 322, 1
-3388, 568, 1
-3103, -691, 1
-7614, 3910, 1
-3206, 2795, 1
-3517, 2709, 1
-8397, 1342, 1
-6507, -2479, 1
-6514, -2446, 1
-7716, -1225, 1
-3378, 448, 1
-8189, 1103, 1
-3597, 2436, 1
-7475, 3863, 1
-3086, 1588, 1
-3099, -255, 1
-3317, 3054, 1
-3679, 988, 1
-2690, -2082, 1
-2993, -814, 1
-2859, 4003, 1
-7466, -964, 1
-3117, 3217, 1
-2842, -1733, 1
-7562, -2086, 1
-3674, 1655, 1
-7381, -2280, 1
-3186, 1852, 1
-7431, 3626, 1
-3089, -1287, 1
-2988, -819, 1
-3400, -403, 1
-3612, -393, 1
-3366, -937, 1
-7098, 5484, 1
-2998, 747, 1
-7677, 3260, 1
-8353, 483, 1
-2656, 2781, 1
-3305, -774, 1
-3181, -108, 1
-2752, -651, 1
-7131, 3267, 1
-2977, -1940, 1
-7197, -3213, 1
-2913, 2332, 1
-3070, 475, 1
-2999, 3469, 1
-7473, 3418, 1
-2906, -1403, 1
-3511, 305, 1
-2999, 2525, 1
-2845, 2534, 1
-8275, 954, 1
-3236, 548, 1
-2858, -91, 1
-3746, 448, 1
-2863, -526, 1
-3276, 3154, 1
-3357, 305, 1
-7587, 3753, 1
-3005, 1579, 1
-7795, 4134, 1
-3318, 550, 1
-3080, 1320, 1
-7216, -3325, 1
-3617, 1886, 1
-3259, 1515, 1
-3006, -408, 1
-2877, -1964, 1
-3253, 2071, 1
-7359, 4889, 1
-7570, 2883, 1
-2734, 4080, 1
-7405, 2624, 1
-3301, 1954, 1
-3472, 1550, 1
-3145, 1629, 1
-2901, -49, 1
-2850, -2096, 1
-2673, 4194, 1
-3085, 1778, 1
-3391, 2109, 1
-2857, -126, 1
-2909, -596, 1
-2837, -346, 1
-3503, 2701, 1
-2905, 2141, 1
-2921, 3435, 1
-7170, -750, 1
-3498, -160, 1
-3010, -50, 1
-2718, -540, 1
-2781, -2083, 1
-3317, 2968, 1
-3332, -397, 1
-2959, -438, 1
-7263, -1327, 1
-3447, -763, 1
-2714, 2774, 1
-3238, 1708, 1
-7402, -1790, 1
-3054, -1463, 1
-3358, 2885, 1
-2766, 2812, 1
-3559, 1003, 1
-3539, -34, 1
-3078, -746, 1
-3095, 3137, 1
-3063, 1314, 1
-3332, 2178, 1
-3389, 2256, 1
-2793, 3851, 1
-7919, 869, 1
-3109, -90, 1
-7096, -3438, 1
-3701, 1010, 1
-3084, 2675, 1
-3491, 1596, 1
-3610, 292, 1
-3124, 2450, 1
-8439, 616, 1
-3084, 2702, 1
-3275, 256, 1
-7154, 2811, 1
-2904, -331, 1
-7523, 2872, 1
-3187, 3036, 1
-2999, 2579, 1
-7243, 3252, 1
-3640, 2047, 1
-2625, 3977, 1
-3616, 1742, 1
-7356, -2292, 1
-7331, -1337, 1
-3003, 1135, 1
-2895, 3790, 1
-7465, -1930, 1
-2935, 2973, 1
-2488, -2269, 1
-7613, 2381, 1
-3364, -506, 1
-3601, 378, 1
-7897, -1570, 1
-3104, 1583, 1
-3443, 1984, 1
-7797, -1197, 1
-3509, 1934, 1
-3412, 3067, 1
-2933, -15, 1
-3111, 3430, 1
-3438, 2938, 1
-7154, -2884, 1
-5976, -3392, 1
-7899, 3788, 1
-7413, -2610, 1
-8168, 1019, 1
-2921, 3612, 1
-7724, 3916, 1
-8450, 874, 1
-2896, 2012, 1
-6938, -3591, 1
-3609, 2241, 1
-3306, 1648, 1
-3392, 1813, 1
-7261, 4698, 1
-3041, 2325, 1
-3480, -601, 1
-3249, 3234, 1
-3197, 168, 1
-2848, -253, 1
-3205, -54, 1
-2926, 2510, 1
-2791, 4081, 1
-3383, 3129, 1
-2627, -2200, 1
-2845, 2948, 1
-2680, 2863, 1
-3440, 2977, 1
-2827, 4075, 1
-3265, -102, 1
-3375, -160, 1
-3534, -203, 1
-2920, 3003, 1
-3042, 2899, 1
-6851, -3431, 1
-7671, -1753, 1
-3150, 322, 1
-2963, 118, 1
-3158, -952, 1
-7195, 4291, 1
-7555, 3283, 1
-7509, 2509, 1
-7476, -2409, 1
-3165, -1378, 1
-3188, 3604, 1
-3775, 963, 1
-3234, -1481, 1
-6993, -3617, 1
-2650, 4422, 1
-7695, -1508, 1
-7015, -3125, 1
-7023, 5009, 1
-2514, 4298, 1
-3220, 2178, 1
-6210, -3158, 1
-6045, 5429, 1
-2866, -890, 1
-2913, 47, 1
-3293, -1022, 1
-7359, 4796, 1
-3584, 1852, 1
-2120, 3895, 1
-7506, -1994, 1
-3531, -186, 1
-7598, 4224, 1
-7520, 3263, 1
-7270, 3120, 1
-2924, -1622, 1
-3027, 2388, 1
-7049, -3367, 1
-3070, 391, 1
-2836, 2548, 1
-7547, 4244, 1
-3212, 2578, 1
-7886, 3608, 1
-3495, -334, 1
-2770, -1775, 1
-2965, -1404, 1
-3386, -1133, 1
-7668, -1886, 1
-3212, 2749, 1
-3318, 267, 1
-3245, -1161, 1
-3196, 2056, 1
-3562, 1532, 1
-7459, 4098, 1
-3074, 2747, 1
-7923, 3788, 1
-3046, 1390, 1
-3308, 1630, 1
-5942, 5459, 1
-2948, -1543, 1
-3187, 3521, 1
-1938, -2027, 1
-8279, 502, 1
-2941, -771, 1
-3333, 561, 1
-2979, 3868, 1
-7476, -750, 1
-7729, -1429, 1
-2586, -2181, 1
-2839, -1783, 1
-2522, 4362, 1
-7555, -812, 1
-3198, 1863, 1
-7181, 2858, 1
-7797, 3857, 1
-7573, -1897, 1
-3347, 526, 1
-3416, -78, 1
-3211, 2858, 1
-3488, 347, 1
-3132, -187, 1
-3229, 1771, 1
-3639, 447, 1
-3410, 242, 1
-6064, -3403, 1
-3083, 1878, 1
-3068, 2886, 1
-7130, -798, 1
-3053, -315, 1
-7986, 924, 1
-3255, -359, 1
-3041, 2293, 1
-7736, 3236, 1
-2939, 3766, 1
-7278, 2861, 1
-3430, 2770, 1
-3649, -290, 1
-3018, 3392, 1
-3107, 1296, 1
-2621, 4023, 1
-2996, 2819, 1
-7189, -954, 1
-2767, -2257, 1
-3312, 2068, 1
-3774, 286, 1
-6451, 4649, 1
-3484, 2623, 1
-7903, 3387, 1
-7568, 3614, 1
-2445, 4255, 1
-3115, 3542, 1
-7006, -3081, 1
-3082, 2339, 1
-7803, -1117, 1
-3058, 2252, 1
-2516, -2209, 1
-3063, 774, 1
-3060, -325, 1
-3025, 3875, 1
-2634, -2070, 1
-7262, 4185, 1
-3004, -668, 1
-3079, -785, 1
-3192, -1392, 1
-3486, 250, 1
-3449, -538, 1
-2882, -1792, 1
-3079, 1520, 1
-2619, 4125, 1
-7208, 2818, 1
-2679, 3977, 1
-7132, 2943, 1
-3109, 342, 1
-3069, 2608, 1
-3041, 2532, 1
-2950, -160, 1
-3373, 345, 1
-3364, -336, 1
-7452, 4124, 1
-3301, 2988, 1
-2654, -2375, 1
-2986, -1337, 1
-3400, 1873, 1
-3384, 170, 1
-6923, 5369, 1
-8409, 1124, 1
-3692, 396, 1
-7324, -2582, 1
-2604, 4314, 1
-3565, -509, 1
-2515, 4133, 1
-3223, 279, 1
-3013, 3513, 1
-3307, 127, 1
-7294, -3161, 1
-7146, 5332, 1
-3515, -618, 1
-2976, -1705, 1
-3091, 1654, 1
-7948, 3929, 1
-2898, 2687, 1
-7669, -2106, 1
-3241, 3341, 1
-3257, -548, 1
-3054, 1192, 1
-2670, -1974, 1
-7553, -1266, 1
-2719, -833, 1
-3553, 2541, 1
-3333, 1653, 1
-7538, 3979, 1
-3293, 2469, 1
-3210, 3492, 1
-7850, 1151, 1
-2976, 318, 1
-2892, -2059, 1
-7356, -2314, 1
-3502, 293, 1
-3369, 1864, 1
-3247, 185, 1
-2725, -1804, 1
-2771, -1733, 1
-6812, 5659, 1
-8001, -1632, 1
-7873, 3813, 1
-2684, -2022, 1
-3033, 2244, 1
-7740, -1380, 1
-3100, -860, 1
-7051, -3645, 1
-3397, 2925, 1
-3323, -899, 1
-7628, 4318, 1
-2964, 2483, 1
-3552, 219, 1
-7400, 4986, 1
-7259, -772, 1
-3810, 554, 1
-3245, 214, 1
-3046, 4, 1
-3474, 1631, 1
-3274, 3142, 1
-2803, 2918, 1
-3207, 1693, 1
-3041, -954, 1
-3627, 2151, 1
-3403, -174, 1
-3458, -893, 1
-3322, 1842, 1
-2903, -1462, 1
-7712, 3776, 1
-7194, -2832, 1
-2907, -918, 1
-3125, 3490, 1
-3627, 2093, 1
-7070, -1079, 1
-2705, -2033, 1
-3646, 368, 1
-3254, 2028, 1
-6444, 4632, 1
-3296, -459, 1
-2066, 4092, 1
-7710, 3334, 1
-3343, 345, 1
-3268, -1365, 1
-7346, -1105, 1
-2898, -613, 1
-6424, -2573, 1
-7477, -2292, 1
-2945, -1776, 1
-3109, 1589, 1
-7752, -1777, 1
-3600, 1922, 1
-2503, 4149, 1
-3240, -423, 1
-7683, 930, 1
-7564, 2473, 1
-3168, 1411, 1
-2955, 2201, 1
-2975, -1031, 1
-3349, -1059, 1
-3317, 2916, 1
-3136, 3452, 1
-3030, -1356, 1
-2983, 1521, 1
-3010, 177, 1
-3334, 1951, 1
-3160, 2079, 1
-7274, 2944, 1
-3139, -1084, 1
-7106, -1166, 1
-8446, 1442, 1
-1942, -2010, 1
-3187, 169, 1
-3238, 3366, 1
-3068, -733, 1
-2910, 1997, 1
-3288, -1353, 1
-3181, 176, 1
-3472, 2833, 1
-6717, -3558, 1
-6343, 4969, 1
-7256, 3947, 1
-3171, 1526, 1
-7859, -1610, 1
-3105, -863, 1
-2082, -2025, 1
-7090, -3573, 1
-3000, 1764, 1
-6022, -3456, 1
-3068, 3533, 1
-3050, -236, 1
-7386, 4340, 1
-2761, -746, 1
-2990, 3838, 1
-3034, 1090, 1
-3069, 3459, 1
-7823, -1504, 1
-3081, -358, 1
-3313, 2453, 1
-3075, 69, 1
-7494, -1370, 1
-3329, -219, 1
-2956, 3916, 1
-7092, -3390, 1
-2785, 2545, 1
-2825, -377, 1
-3311, 1698, 1
-8439, 1375, 1
-7454, 4903, 1
-2865, -412, 1
-3080, 2317, 1
-2885, -689, 1
-3383, 3042, 1
-3098, 845, 1
-8041, -1638, 1
-3812, 1468, 1
-3801, 1045, 1
-3663, 1596, 1
-7461, -1930, 1
-7150, 5357, 1
-7419, -1997, 1
-2691, -1865, 1
-7755, 3333, 1
-3485, 1777, 1
-7317, 4414, 1
-8374, 1562, 1
-3013, 2537, 1
-7668, 2977, 1
-3501, 2152, 1
-2866, 2152, 1
-3033, 2730, 1
-3323, 2778, 1
-3115, 1631, 1
-2727, -1907, 1
-3030, 676, 1
-3122, 3180, 1
-3072, 1359, 1
-3187, -43, 1
-3170, -797, 1
-3177, 2920, 1
-2963, -1937, 1
-7580, -2439, 1
-3621, 1638, 1
-3474, -605, 1
-7667, -2025, 1
-2803, 4188, 1
-6017, -3329, 1
-3478, 2142, 1
-5963, -3427, 1
-3000, 1293, 1
-2917, 2063, 1
-2811, 2496, 1
-3570, 1836, 1
-7830, -1757, 1
-2901, -1366, 1
-2936, 2295, 1
-3619, -171, 1
-3034, -86, 1
-3439, -298, 1
-7450, -2835, 1
-7615, -2427, 1
-2924, 3792, 1
-3487, 150, 1
-7134, 4677, 1
-7050, 3137, 1
-7550, -832, 1
-7501, 3244, 1
-7670, 1169, 1
-2972, 443, 1
-2975, -1296, 1
-3042, 3470, 1
-7297, 4724, 1
-7755, 3857, 1
-3097, 3648, 1
-7224, -962, 1
-3758, 1034, 1
-3393, -332, 1
-2703, 4365, 1
-3697, -25, 1
-3102, -1548, 1
-7277, -2219, 1
-3216, 1439, 1
-2993, -1227, 1
-3397, 3109, 1
-7491, -1223, 1
-7892, -1487, 1
-2842, -1675, 1
-2541, 4308, 1
-6291, -2821, 1
-7497, 3199, 1
-3600, -75, 1
-3349, 147, 1
-7900, -1342, 1
-3400, -845, 1
-3629, 1934, 1
-6161, -3223, 1
-3310, -719, 1
-3231, -1436, 1
-3231, 1913, 1
-2878, 3447, 1
-3587, 2375, 1
-2873, 4140, 1
-6410, 4765, 1
-2943, 1898, 1
-7304, 3800, 1
-2794, 3984, 1
-3332, 73, 1
-8397, 866, 1
-2973, -43, 1
-3464, 1972, 1
-2940, 314, 1
-3093, 3706, 1
-3127, -1107, 1
-2780, -888, 1
-6206, 5266, 1
-3231, 189, 1
-3354, 1808, 1
-2912, -439, 1
-3630, -90, 1
-7409, 3607, 1
-7429, 3290, 1
-3412, 1506, 1
-3383, 2391, 1
-3197, 2709, 1
-2834, 3639, 1
-3195, 2746, 1
-7887, -1811, 1
-2962, 1630, 1
-6892, 5480, 1
-3123, 3077, 1
-3385, 2929, 1
-3335, 3221, 1
-3605, 2473, 1
-2490, -2158, 1
-7090, 5035, 1
-7899, -1423, 1
-7002, -2990, 1
-7101, 3172, 1
-3255, -608, 1
-2706, -619, 1
-3323, 3131, 1
-2237, -1606, 1
-2967, 2943, 1
-6049, -3287, 1
-3110, 1670, 1
-7203, -1063, 1
-6027, 5449, 1
-7256, 4972, 1
-1941, -2012, 1
-2620, 4184, 1
-3123, 3088, 1
-2923, 44, 1
-2797, 3769, 1
-3429, -1050, 1
-2646, 4074, 1
-2905, 2258, 1
-7016, 5699, 1
-3554, 254, 1
-2687, -2265, 1
-3694, 1517, 1
-7109, -3329, 1
-3171, -305, 1
-3640, 2312, 1
-7966, 3545, 1
-7593, 4414, 1
-3660, 1971, 1
-3013, 1898, 1
-2123, -1810, 1
-3589, 2199, 1
-7209, 2817, 1
-2959, 1926, 1
-2806, -741, 1
-2855, 2317, 1
-7582, -1183, 1
-2838, -167, 1
-3616, 2023, 1
-3280, 2063, 1
-2998, 3563, 1
-3089, 209, 1
-2687, 2846, 1
-3088, 2437, 1
-2903, -757, 1
-7398, -1237, 1
-2998, -1506, 1
-3289, 1912, 1
-2860, 3785, 1
-3153, -1573, 1
-2969, -1914, 1
-3213, 1880, 1
-3124, 3211, 1
-7309, -1293, 1
-3024, 1530, 1
-2855, -1598, 1
-3063, 298, 1
-7287, -960, 1
-3109, 1796, 1
-5919, -3434, 1
-3362, 2930, 1
-7179, 3056, 1
-3466, 61, 1
-2984, 392, 1
-3520, -93, 1
-3182, 321, 1
-3288, 2741, 1
-2984, -471, 1
-8005, 3637, 1
-3046, 1715, 1
-7053, -3304, 1
-3512, 1758, 1
-3616, 1703, 1
-3236, 2174, 1
-3049, 116, 1
-7459, -1973, 1
-2997, -629, 1
-3602, 1891, 1
-8353, 441, 1
-2890, 2825, 1
-7190, -2207, 1
-3341, -1141, 1
-3157, 1723, 1
-3219, -31, 1
-3046, 309, 1
-7296, -965, 1
-7691, 3439, 1
-3022, 1760, 1
-7176, -1186, 1
-3387, -759, 1
-2930, 2050, 1
-3324, -664, 1
-3523, -217, 1
-3307, -1003, 1
-3263, 1598, 1
-7186, -2666, 1
-7442, -1284, 1
-7130, -769, 1
-7540, 3397, 1
-7160, 2782, 1
-3112, 3320, 1
-7649, -1430, 1
-3181, 1527, 1
-5993, -3403, 1
-3688, 1693, 1
-3440, 1029, 1
-7201, 4290, 1
-3049, -252, 1
-7327, -1141, 1
-7111, 4664, 1
-3275, 204, 1
-3440, 244, 1
-3252, 459, 1
-3000, 3274, 1
-3225, 174, 1
-2794, 2795, 1
-7064, -3650, 1
-6909, 5530, 1
-3767, 938, 1
-2979, -302, 1
-2874, -1881, 1
-3406, 2716, 1
-3306, 2153, 1
-3175, -1527, 1
-3345, -191, 1
-3352, 241, 1
-2544, 4106, 1
-3094, 355, 1
-2942, 2067, 1
-3305, 2383, 1
-3238, 554, 1
-7437, -2439, 1
-2993, -615, 1
-3720, 1680, 1
-3601, 2399, 1
-3039, 3628, 1
-7632, 3121, 1
-2934, 2338, 1
-7930, -1626, 1
-2912, 6, 1
-6316, -2938, 1
-2945, 3110, 1
-3390, -671, 1
-2659, -752, 1
-7063, -921, 1
-2932, 207, 1
-3023, -1478, 1
-3500, 2371, 1
-3514, 376, 1
-2904, -661, 1
-8450, 511, 1
-7105, -956, 1
-2892, 3935, 1
-6250, 5019, 1
-3435, 315, 1
-3206, -1114, 1
-2973, 2675, 1
-2803, 2445, 1
-7591, 3669, 1
-2910, -1418, 1
-2713, -1864, 1
-7914, 3521, 1
-3394, 1775, 1
-6096, 5285, 1
-7113, -3489, 1
-3285, 3338, 1
-7012, -3365, 1
-7925, 3917, 1
-3028, -18, 1
-2269, 3573, 1
-7647, -1500, 1
-3388, 2129, 1
-7449, -1434, 1
-6875, -3615, 1
-3467, 2696, 1
-2498, -2294, 1
-2906, -1656, 1
-2953, 3648, 1
-7074, 3076, 1
-3192, -1360, 1
-6087, -3181, 1
-7726, 4115, 1
-3153, -459, 1
-3642, -164, 1
-7270, -1065, 1
-2972, 1542, 1
-2813, 2790, 1
-7922, 1278, 1
-7989, 3847, 1
-3201, 16, 1
-2633, 4361, 1
-3627, 385, 1
-2582, -2178, 1
-2863, 2210, 1
-3614, 24, 1
-2906, 4043, 1
-2629, 4096, 1
-8019, -1747, 1
-3079, -1173, 1
-6829, 5314, 1
-2604, 4200, 1
-3203, 428, 1
-3723, 357, 1
-3329, -1208, 1
-3428, 2557, 1
-3089, 2611, 1
-3517, 1796, 1
-6281, -2903, 1
-3331, 2561, 1
-3099, -1479, 1
-7440, -936, 1
-7570, 4441, 1
-7265, -2425, 1
-3779, 1690, 1
-2827, -196, 1
-3181, 1618, 1
-3017, 3548, 1
-3517, 2862, 1
-3051, 563, 1
-3152, -229, 1
-2944, -2, 1
-2756, 3859, 1
-7152, -835, 1
-2946, -669, 1
-2926, 3360, 1
-3022, 2557, 1
-2925, 2958, 1
-3093, -1052, 1
-7479, -1732, 1
-3013, 3111, 1
-3301, 2192, 1
-2983, -280, 1
-3018, -1448, 1
-7328, -1072, 1
-2204, -1620, 1
-3310, -265, 1
-3515, 481, 1
-2681, -2035, 1
-3127, -1191, 1
-3475, -425, 1
-3510, -163, 1
-7604, -1904, 1
-3441, 1679, 1
-2829, -225, 1
-3398, 1895, 1
-7839, -1292, 1
-3677, 1598, 1
-2679, 4103, 1
-3202, 1439, 1
-7529, -956, 1
-2075, -2042, 1
-2975, 2618, 1
-3733, 2028, 1
-7517, 4152, 1
-8037, 759, 1
-3108, 489, 1
-2697, -2237, 1
-7543, -1101, 1
-7543, 2795, 1
-2975, -165, 1
-3363, 399, 1
-3153, -111, 1
-2977, -1012, 1
-1921, -1985, 1
-8351, 922, 1
-2428, -2247, 1
-3304, -186, 1
-3449, 1956, 1
-7285, -787, 1
-3222, -352, 1
-3047, 474, 1
-6406, -2605, 1
-7630, -626, 1
-7251, -1106, 1
-3722, 449, 1
-2547, -2336, 1
-2727, 2796, 1
-3361, 2848, 1
-2619, -2168, 1
-2748, -1995, 1
-3119, 452, 1
-7665, -1981, 1
-7461, -1342, 1
-8007, -1578, 1
-2977, 2359, 1
-3065, 1528, 1
-3275, -788, 1
-7334, -1286, 1
-7450, -2208, 1
-3580, 222, 1
-3225, -1343, 1
-3122, 2816, 1
-7118, -905, 1
-3096, -1178, 1
-2608, -2047, 1
-3319, -942, 1
-7657, 4152, 1
-8448, 730, 1
-2565, 4383, 1
-2943, 2947, 1
-3263, 2653, 1
-3130, -1553, 1
-2919, -831, 1
-3547, 2093, 1
-3235, 3393, 1
-7232, 3034, 1
-3775, 1775, 1
-7092, 5195, 1
-7432, 4377, 1
-2852, 3548, 1
-3600, -397, 1
-3138, -615, 1
-7236, 3187, 1
-2939, -867, 1
-3530, 2596, 1
-3124, 1797, 1
-3159, 2318, 1
-3095, 1995, 1
-7790, -1044, 1
-6854, 5329, 1
-3434, 575, 1
-7728, -1986, 1
-2915, 1868, 1
-6441, -2645, 1
-7802, -1634, 1
-3094, 3744, 1
-7497, 3309, 1
-2848, 2695, 1
-3466, 2470, 1
-3076, 426, 1
-2897, 2867, 1
-7502, 3993, 1
-7501, -2587, 1
-2928, -158, 1
-2012, 4113, 1
-3297, 1445, 1
-2705, -2318, 1
-2957, -1868, 1
-7205, -2196, 1
-3107, 3270, 1
-3101, 3274, 1
-3609, 1834, 1
-3696, 277, 1
-7475, 4129, 1
-7133, 3029, 1
-7439, -1074, 1
-8265, 736, 1
-7079, 4916, 1
-2965, -219, 1
-7959, -1612, 1
-3378, -932, 1
-2911, 3848, 1
-2992, 1618, 1
-3285, 2078, 1
-2859, 2825, 1
-3024, 2777, 1
-3137, -199, 1
-2919, -772, 1
-3020, 792, 1
-3645, 2061, 1
-3011, -1008, 1
-7593, 3190, 1
-7784, -1014, 1
-3499, 1816, 1
-3120, 42, 1
-3013, -772, 1
-3067, -300, 1
-3302, 2764, 1
-3125, -687, 1
-7933, -1598, 1
-3102, 1491, 1
-3562, 380, 1
-7622, -933, 1
-7555, 2955, 1
-2867, -1728, 1
-2923, 2574, 1
-3006, -1108, 1
-7506, 3911, 1
-8361, 426, 1
-6304, 4977, 1
-3032, -1205, 1
-3015, 3014, 1
-6909, 5531, 1
-7116, 2953, 1
-3118, 1508, 1
-6948, -3520, 1
-3061, 1487, 1
-8411, 1147, 1
-2928, 3388, 1
-2839, -2006, 1
-3561, 2460, 1
-7324, 4430, 1
-7703, 2903, 1
-2908, -1908, 1
-3280, 565, 1
-3161, -54, 1
-3673, 1542, 1
-2929, 2093, 1
-7455, 3433, 1
-8374, 1171, 1
-2788, 3964, 1
-7179, -1039, 1
-3358, -348, 1
-3329, 2733, 1
-6084, -3363, 1
-7011, 5461, 1
-2997, 72, 1
-2929, 2566, 1
-3185, -1082, 1
-3540, -247, 1
-7092, -3398, 1
-2714, 4309, 1
-3052, -736, 1
-3025, 607, 1
-3361, 595, 1
-3196, 2559, 1
-3390, -25, 1
-6115, 5298, 1
-3345, -168, 1
-3596, 1502, 1
-2840, 3543, 1
-3304, 1895, 1
-3319, 1586, 1
-2935, -94, 1
-6031, 5328, 1
-2909, 2953, 1
-7855, -1463, 1
-2949, 2537, 1
-7375, 4467, 1
-7546, 2745, 1
-3098, -1086, 1
-2875, -292, 1
-7181, -1051, 1
-3671, 83, 1
-2934, -17, 1
-6260, 4978, 1
-7891, 3989, 1
-2906, 1901, 1
-3415, -978, 1
-5965, 5474, 1
-3193, 1, 1
-3049, 3548, 1
-8058, -1660, 1
-7424, 4774, 1
-3470, 14, 1
-3506, -477, 1
-3124, -1143, 1
-3171, -551, 1
-2820, -440, 1
-2976, 103, 1
-2949, -556, 1
-3334, 3229, 1
-3407, 579, 1
-6198, -3120, 1
-7515, -1321, 1
-3134, -1143, 1
-3226, 3253, 1
-3342, 2343, 1
-3544, 434, 1
-7298, -2042, 1
-2638, 4001, 1
-2216, 3763, 1
-3017, -1474, 1
-6108, -3371, 1
-7199, 5034, 1
-3698, 321, 1
-3372, 2333, 1
-3120, 215, 1
-3015, 3333, 1
-2886, -642, 1
-3666, 2143, 1
-2911, -790, 1
-2884, -805, 1
-3116, 2695, 1
-1943, 4056, 1
-3025, 2236, 1
-3473, -88, 1
-7423, -1394, 1
-3079, -1036, 1
-3020, -1001, 1
-2752, 4000, 1
-2959, 3966, 1
-3188, 2072, 1
-2098, -1842, 1
-2900, -878, 1
-2933, 35, 1
-3077, 2600, 1
-2996, -102, 1
-3329, 2596, 1
-3218, 2427, 1
-3140, 3658, 1
-2858, 4044, 1
-3247, -1006, 1
-2640, 4416, 1
-3083, 2152, 1
-3178, 218, 1
-3256, -572, 1
-2755, 4103, 1
-7451, 4440, 1
-7492, -2213, 1
-6188, 5160, 1
-7692, -1134, 1
-3542, 2724, 1
-3260, 162, 1
-3424, 2324, 1
-3271, 121, 1
-3710, 163, 1
-7461, 3489, 1
-7566, -2276, 1
-3107, -521, 1
-7387, -2451, 1
-7067, 5455, 1
-2741, -2167, 1
-2873, 2462, 1
-3608, -283, 1
-3244, -521, 1
-2980, -464, 1
-3590, -220, 1
-3307, 353, 1
-7279, -1202, 1
-3116, -166, 1
-3122, -1572, 1
-3158, 91, 1
-7361, -2444, 1
-2467, 4317, 1
-3112, -1264, 1
-3144, -568, 1
-2841, 2505, 1
-7355, -1396, 1
-7431, 4246, 1
-3125, 2979, 1
-3662, 268, 1
-7270, 3023, 1
-3107, -1024, 1
-3535, 2498, 1
-2984, 2370, 1
-3235, 114, 1
-3035, 1195, 1
-3132, 2225, 1
-7450, 3976, 1
-2885, -149, 1
-2885, -231, 1
-2883, 2358, 1
-7063, -2820, 1
-7787, -1824, 1
-7127, 3085, 1
-7524, 3154, 1
-7424, 3637, 1
-3239, 2876, 1
-3189, 1773, 1
-7765, 3173, 1
-7573, 3810, 1
-7457, -1298, 1
-2927, -779, 1
-3443, -565, 1
-2695, -2060, 1
-2950, 56, 1
-1908, 4040, 1
-3491, -215, 1
-2986, 575, 1
-7793, -1180, 1
-7644, -1597, 1
-2640, 3926, 1
-1987, -2006, 1
-8420, 1778, 1
-2832, 2594, 1
-3065, -1321, 1
-3246, -875, 1
-3158, 2698, 1
-2795, 3637, 1
-3095, 2011, 1
-2714, 2898, 1
-6072, 5465, 1
-7122, -723, 1
-3014, -457, 1
-3027, 2228, 1
-7516, 2990, 1
-7717, -967, 1
-2867, 2090, 1
-7899, -1655, 1
-3298, -951, 1
-3250, 2567, 1
-3292, 579, 1
-3340, 2296, 1
-2810, -554, 1
-3225, -1076, 1
-2124, -1947, 1
-5905, 5507, 1
-2985, -1396, 1
-3567, 104, 1
-3150, 2278, 1
-2717, -608, 1
-3354, -1017, 1
-2470, -2298, 1
-8431, 918, 1
-3630, 2288, 1
-7630, -1153, 1
-7664, 3177, 1
-7234, 3175, 1
-3216, 582, 1
-5987, -3352, 1
-5978, -3481, 1
-3656, 1960, 1
-3083, 2467, 1
-3217, -1459, 1
-2990, 449, 1
-7460, 4366, 1
-3183, 2785, 1
-2970, 237, 1
-3608, 1892, 1
-2822, -398, 1
-3367, -918, 1
-7287, -1097, 1
-2873, 3711, 1
-3428, 1931, 1
-2820, -379, 1
-3352, -1141, 1
-2467, 4208, 1
-2763, 2606, 1
-7651, -1448, 1
-3013, 845, 1
-2952, 3638, 1
-2962, 2833, 1
-3511, 194, 1
-2913, 2111, 1
-6314, -2850, 1
-3387, 2557, 1
-3424, 1937, 1
-3110, 1433, 1
-7008, -3397, 1
-2967, 2738, 1
-7961, 926, 1
-2637, 4259, 1
-3509, 2703, 1
-7272, 5290, 1
-3294, 1921, 1
-3146, 457, 1
-3276, -1351, 1
-2078, 3888, 1
-7700, -1591, 1
-7581, -2021, 1
-3057, 2541, 1
-3202, 1456, 1
-7257, 5312, 1
-3456, 2346, 1
-7614, -2052, 1
-2854, -1537, 1
-7465, -1994, 1
-2755, -2254, 1
-2722, 4140, 1
-3557, 2493, 1
-3452, 1817, 1
-6039, -3274, 1
-3033, 2125, 1
-3124, 2665, 1
-7547, -1156, 1
-3168, 1588, 1
-3128, 3529, 1
-7257, 4619, 1
-3072, 1371, 1
-7529, -1852, 1
-3214, -577, 1
-3201, -1062, 1
-3478, 172, 1
-2991, 2398, 1
-3105, -1728, 1
-3089, 2618, 1
-2658, -1955, 1
-2724, 2839, 1
-3416, 389, 1
-3101, 2221, 1
-3259, 1786, 1
-2736, -2139, 1
-3336, 1461, 1
-2876, 3827, 1
-3115, -1396, 1
-6843, -3216, 1
-7312, 4363, 1
-2678, 4396, 1
-2568, 4186, 1
-3242, 480, 1
-7526, -936, 1
-3174, -34, 1
-3000, 297, 1
-7562, 2793, 1
-2988, 3543, 1
-2975, 355, 1
-3450, -229, 1
-7817, 3769, 1
-7414, 4834, 1
-2690, 3872, 1
-5988, -3436, 1
-7719, 2810, 1
-3632, 2142, 1
-3119, -520, 1
-7416, 4451, 1
-7327, -1211, 1
-2835, 2341, 1
-3107, -1271, 1
-3593, -265, 1
-7679, 3388, 1
-7012, 5356, 1
-7387, -1245, 1
-3399, -189, 1
-7310, -2831, 1
-2927, -1635, 1
-3437, 2115, 1
-7668, -503, 1
-3393, 1941, 1
-3557, 1638, 1
-7446, -2082, 1
-2828, -372, 1
-2996, 1918, 1
-7388, -1877, 1
-2744, 2745, 1
-7304, -2602, 1
-8441, 1663, 1
-3121, 2715, 1
-7691, 3164, 1
-2690, -2230, 1
-3790, 389, 1
-7682, -1065, 1
-3549, 188, 1
-2954, 3491, 1
-3479, -779, 1
-2975, 2025, 1
-2969, 3551, 1
-3561, 2526, 1
-2794, -1798, 1
-2705, -826, 1
-2822, 4038, 1
-3460, -615, 1
-3496, 513, 1
-3108, -1464, 1
-3255, 1690, 1
-8338, 364, 1
-3470, 2780, 1
-7662, 3253, 1
-3708, 395, 1
-2995, 2757, 1
-3181, -1077, 1
-7597, 2974, 1
-3206, 3294, 1
-3007, 1594, 1
-3217, 1963, 1
-3076, 3680, 1
-3212, 1611, 1
-7717, 3989, 1
-6399, 4677, 1
-3055, -1331, 1
-3262, -97, 1
-3075, -1443, 1
-2726, 4122, 1
-2968, 3887, 1
-7084, 3250, 1
-3056, 476, 1
-2667, 4046, 1
-3052, 2476, 1
-2938, -976, 1
-3732, 456, 1
-3531, 308, 1
-3483, 1726, 1
-3034, -1748, 1
-2954, 2, 1
-3327, 104, 1
-7247, -2503, 1
-3265, 2569, 1
-7380, -2698, 1
-3464, 1784, 1
-3410, 3031, 1
-2985, 3147, 1
-3319, 2255, 1
-2972, 1629, 1
-3026, -210, 1
-7463, -1277, 1
-7720, -695, 1
-8375, 1140, 1
-7175, 5016, 1
-2743, -2026, 1
-2980, 2712, 1
-3341, 2847, 1
-3197, 3500, 1
-2659, 4270, 1
-2965, 3695, 1
-2654, 4279, 1
-7196, -3125, 1
-2979, 3750, 1
-3374, 1431, 1
-7242, 2915, 1
-3392, 1682, 1
-7198, 5193, 1
-7115, -902, 1
-3545, 2142, 1
-2997, -831, 1
-2569, -2183, 1
-7723, 2801, 1
-2898, -367, 1
-6857, -3380, 1
-7446, 1022, 1
-8285, 722, 1
-3249, 2747, 1
-3049, 1745, 1
-3044, -379, 1
-3105, -1603, 1
-2925, -126, 1
-3357, 38, 1
-2170, 3686, 1
-7472, 3614, 1
-7113, -1089, 1
-7739, -1365, 1
-3244, -374, 1
-7428, 2900, 1
-3019, 849, 1
-3311, -591, 1
-2970, -412, 1
-3489, -568, 1
-3501, 20, 1
-3382, 1523, 1
-7543, -2094, 1
-3459, -518, 1
-3434, 1735, 1
-3687, 1696, 1
-6236, 5164, 1
-7564, 3548, 1
-2831, -308, 1
-2844, 2336, 1
-7405, -2289, 1
-7148, -855, 1
-1940, -1959, 1
-7988, -1721, 1
-2902, 4085, 1
-2956, 3080, 1
-2966, 2745, 1
-3225, 50, 1
-3255, -471, 1
-7523, 3744, 1
-3591, -445, 1
-3089, 2744, 1
-3583, 2296, 1
-3220, -972, 1
-3263, -1074, 1
-2968, -1537, 1
-7853, 3931, 1
-3408, 2321, 1
-3186, 3541, 1
-6895, 5518, 1
-2976, 2146, 1
-7851, -1620, 1
-3612, 387, 1
-3407, 2591, 1
-7238, -2702, 1
-3064, -749, 1
-3476, 2674, 1
-3041, 2554, 1
-3773, 893, 1
-2764, -849, 1
-2891, 2563, 1
-3668, 2118, 1
-7024, -1072, 1
-7573, -1524, 1
-2906, 2112, 1
-3143, 3639, 1
-7438, -1426, 1
-7230, 2947, 1
-5987, 5376, 1
-3427, 2230, 1
-3334, -27, 1
-7377, 4948, 1
-7639, -1804, 1
-7255, -2178, 1
-7018, 4879, 1
-2773, -2074, 1
-2988, 386, 1
-2892, 94, 1
-3287, -194, 1
-3425, -636, 1
-7575, 4351, 1
-3546, 1733, 1
-3167, -1026, 1
-6222, -3093, 1
-3299, 3100, 1
-7426, 2933, 1
-3014, 393, 1
-2052, -2015, 1
-3076, 1467, 1
-3701, 112, 1
-3310, 2688, 1
-2928, 274, 1
-6488, 4492, 1
-3506, 1899, 1
-3443, 1803, 1
-3026, 390, 1
-8361, 330, 1
-3082, -121, 1
-3606, 391, 1
-6536, 4423, 1
-3174, 847, 1
-2853, 3910, 1
-2845, 2776, 1
-3284, 3239, 1
-6014, -3336, 1
-3127, 3482, 1
-2897, 3743, 1
-2862, 4053, 1
-3223, 1452, 1
-7988, 3710, 1
-3409, 2867, 1
-3198, 581, 1
-2809, 2614, 1
-2789, -396, 1
-6807, 5489, 1
-3604, -58, 1
-7818, 3431, 1
-2858, -1561, 1
-3073, 1478, 1
-3523, 2790, 1
-3108, -1677, 1
-3047, -1235, 1
-2923, -155, 1
-3047, -337, 1
-7538, 4238, 1
-3334, 74, 1
-3045, 1629, 1
-6167, 5331, 1
-3162, -597, 1
-7640, 3148, 1
-3130, 1664, 1
-3606, 88, 1
-2899, 3865, 1
-3034, -1806, 1
-7108, -819, 1
-2789, 2367, 1
-2900, 3038, 1
-2619, -2364, 1
-3171, -470, 1
-3679, 1794, 1
-2978, 2272, 1
-3099, 2238, 1
-7248, 4152, 1
-2144, 3906, 1
-3003, 736, 1
-3007, -96, 1
-7724, 3293, 1
-3191, -1220, 1
-3134, -1489, 1
-7073, -1050, 1
-3438, 1929, 1
-2679, -2286, 1
-2864, -381, 1
-7175, 2864, 1
-3010, 170, 1
-7107, -2653, 1
-3308, 2047, 1
-3108, 3210, 1
-3248, 489, 1
-2591, -2122, 1
-6227, 4971, 1
-7477, 3993, 1
-2166, 3905, 1
-3500, -250, 1
-3470, 2201, 1
-3598, 1513, 1
-7089, 5679, 1
-2881, 3029, 1
-3404, 269, 1
-2641, -2037, 1
-2858, -422, 1
-3068, 1640, 1
-3647, 2325, 1
-2872, -1557, 1
-7197, -2355, 1
-2802, -1894, 1
-8208, 892, 1
-6949, 5501, 1
-2795, -2149, 1
-2929, 2766, 1
-3032, -360, 1
-2784, -901, 1
-3053, 1559, 1
-6802, -3625, 1
-2987, 2851, 1
-3042, 3587, 1
-2838, -417, 1
-3382, -1121, 1
-3099, -915, 1
-1972, 4027, 1
-3341, 492, 1
-3498, 75, 1
-3649, 305, 1
-3068, 2506, 1
-3489, -279, 1
-2631, 4067, 1
-3026, 1818, 1
-2971, 2947, 1
-7527, -478, 1
-2944, 3919, 1
-7449, -2274, 1
-3427, -916, 1
-3384, 2410, 1
-3010, -1067, 1
-3297, 2613, 1
-3745, 998, 1
-7132, 5469, 1
-3185, -463, 1
-8320, 1138, 1
-2528, -2099, 1
-7808, 3545, 1
-2164, 3834, 1
-3232, 1588, 1
-2961, -1008, 1
-7476, -1489, 1
-3350, 3181, 1
-3138, 3668, 1
-3651, 2031, 1
-3292, 2897, 1
-2892, 1984, 1
-3419, -431, 1
-3354, 2855, 1
-3589, 1676, 1
-2714, -814, 1
-2919, 2583, 1
-3419, 2151, 1
-7667, 3048, 1
-3505, -170, 1
-3120, -764, 1
-3259, 2547, 1
-3108, 775, 1
-7868, -1403, 1
-3402, 1470, 1
-8383, 1480, 1
-3197, 3501, 1
-2880, 2892, 1
-7137, -3385, 1
-3318, 2871, 1
-3090, -465, 1
-7895, -1640, 1
-2785, 4175, 1
-3120, 2493, 1
-3058, 93, 1
-3134, 2481, 1
-3134, -766, 1
-2922, -66, 1
-3447, 2755, 1
-3454, 2684, 1
-3640, 2079, 1
-3092, -22, 1
-3076, 3450, 1
-3008, -1456, 1
-3371, -302, 1
-3238, -1134, 1
-8159, 1155, 1
-3432, 2026, 1
-3326, 618, 1
-2257, -1516, 1
-3299, -706, 1
-7424, 4632, 1
-3389, 1150, 1
-3348, 1992, 1
-3140, 2839, 1
-3350, 1491, 1
-3482, 466, 1
-7143, 3090, 1
-7132, -880, 1
-3494, 1867, 1
-3518, 1913, 1
-2835, 2890, 1
-3295, 1628, 1
-2986, -1741, 1
-2984, -1868, 1
-2798, -2120, 1
-3348, -946, 1
-6857, -3554, 1
-2869, -618, 1
-7946, 940, 1
-7225, -860, 1
-7314, -3147, 1
-2596, -2250, 1
-3624, -76, 1
-7700, 876, 1
-2940, -747, 1
-3383, -759, 1
-3595, 415, 1
-3153, -496, 1
-7508, -2422, 1
-3035, -557, 1
-3396, 2787, 1
-7746, 3601, 1
-2688, -2126, 1
-3359, -441, 1
-3009, -374, 1
-3207, -1085, 1
-2811, 3802, 1
-3197, 196, 1
-3098, 1648, 1
-1955, -2006, 1
-3733, 307, 1
-8393, 864, 1
-2889, -984, 1
-8293, 941, 1
-3356, 1727, 1
-3199, 218, 1
-7264, -1652, 1
-3027, 2286, 1
-3258, 2812, 1
-3130, 1428, 1
-3603, -279, 1
-3780, 938, 1
-3344, -472, 1
-2158, 3826, 1
-6031, 5414, 1
-7160, -980, 1
-7356, -1099, 1
-3152, -1420, 1
-6930, 5387, 1
-7587, -2494, 1
-3185, -661, 1
-2785, 3666, 1
-2991, 2654, 1
-3430, 2124, 1
-2804, 2844, 1
-3745, 1749, 1
-3660, -224, 1
-3270, -1207, 1
-2786, -439, 1
-3136, 3380, 1
-7843, -1874, 1
-3409, -364, 1
-3462, -51, 1
-3176, 307, 1
-7297, 3234, 1
-3493, -820, 1
-8044, 755, 1
-3357, 1559, 1
-7453, 1022, 1
-3428, 220, 1
-2874, -1972, 1
-2998, 3056, 1
-3546, 1637, 1
-7876, 3869, 1
-3703, 507, 1
-2933, -182, 1
-2652, -771, 1
-3054, 1842, 1
-2966, -292, 1
-2891, 3795, 1
-2565, 4208, 1
-7210, -2511, 1
-2549, -2324, 1
-7656, 2825, 1
-3327, 2412, 1
-3218, 2693, 1
-3621, 1818, 1
-3401, -224, 1
-2837, 3939, 1
-3104, 2891, 1
-6209, -3054, 1
-7348, -1225, 1
-6027, 5536, 1
-3251, -25, 1
-3438, 2854, 1
-2986, -963, 1
-7648, 3808, 1
-7927, 3933, 1
-3585, -317, 1
-2929, 2564, 1
-3052, -1079, 1
-3169, -702, 1
-7598, 3089, 1
-2576, -2049, 1
-3161, 3110, 1
-3288, 3331, 1
-7205, -804, 1
-3054, -255, 1
-2857, -663, 1
-3115, -136, 1
-3558, 2076, 1
-3687, -85, 1
-1975, 4050, 1
-2914, 3543, 1
-7390, -2183, 1
-7025, -1145, 1
-7226, 5180, 1
-2927, -739, 1
-2895, -651, 1
-3700, 336, 1
-8222, 895, 1
-7436, -739, 1
-7578, -1421, 1
-3387, -48, 1
-2862, 2617, 1
-2950, -506, 1
-3361, 2537, 1
-3076, -1469, 1
-7409, 4998, 1
-6182, 5056, 1
-2954, -70, 1
-7501, 1032, 1
-3660, 1817, 1
-3259, 3432, 1
-3129, 3315, 1
-3455, 2766, 1
-3218, 2195, 1
-3501, 2609, 1
-3226, 2141, 1
-3054, 1532, 1
-2774, 3930, 1
-3267, 2371, 1
-3128, 26, 1
-7526, 4368, 1
-2636, 4056, 1
-2989, -11, 1
-3149, 1811, 1
-3709, 115, 1
-7538, -2294, 1
-3366, 3160, 1
-3240, -77, 1
-7060, -976, 1
-2918, -1361, 1
-2980, 2303, 1
-2806, -1625, 1
-3173, 3017, 1
-2966, 3381, 1
-3449, 327, 1
-2864, 2868, 1
-3026, 258, 1
-3025, -832, 1
-7347, 3299, 1
-3046, 36, 1
-8248, 1164, 1
-7647, 2451, 1
-3085, 2118, 1
-6056, -3486, 1
-3066, 577, 1
-2980, 2626, 1
-2947, 3488, 1
-7973, -1649, 1
-3173, 2307, 1
-3109, 184, 1
-2802, 2624, 1
-7778, -1994, 1
-2955, -1001, 1
-3160, -1523, 1
-3251, -210, 1
-7323, -1298, 1
-7640, -535, 1
-3387, 408, 1
-8039, 1038, 1
-7278, -615, 1
-7119, -1071, 1
-5929, -3453, 1
-3014, 1092, 1
-2845, -1888, 1
-3399, -1031, 1
-2997, 1443, 1
-3374, 2441, 1
-3176, -1421, 1
-7315, -1318, 1
-3608, 2506, 1
-7739, -1701, 1
-3005, 1964, 1
-8036, 3683, 1
-7124, 4726, 1
-7632, 921, 1
-2990, 2192, 1
-7540, 3720, 1
-3328, 2498, 1
-3116, 102, 1
-2965, -1324, 1
-7697, 3975, 1
-3006, 3091, 1
-2156, 3828, 1
-3525, -71, 1
-3090, 3035, 1
-7204, 4711, 1
-7439, -1648, 1
-3403, 564, 1
-2634, -2170, 1
-2784, -681, 1
-7644, -1950, 1
-3666, 2022, 1
-8419, 1565, 1
-3466, 1543, 1
-3429, -713, 1
-3239, 1834, 1
-3294, 4, 1
-2977, -968, 1
-3126, 2401, 1
-2877, 4123, 1
-2993, 3522, 1
-2606, 4293, 1
-3551, -392, 1
-3274, 382, 1
-3134, 2977, 1
-2977, 3666, 1
-3744, 908, 1
-2170, -1831, 1
-7290, -2207, 1
-2417, 4278, 1
-3477, -374, 1
-2823, 2689, 1
-3522, -781, 1
-3253, -710, 1
-2877, 2571, 1
-3104, 118, 1
-2996, 3103, 1
-3107, 3294, 1
-3444, 127, 1
-2951, 1949, 1
-6986, 5329, 1
-3014, 2719, 1
-3195, 397, 1
-7541, -772, 1
-3066, 3675, 1
-7162, -916, 1
-3205, 3063, 1
-7871, 3802, 1
-2987, 717, 1
-3138, -725, 1
-7168, -1058, 1
-3337, 2357, 1
-3665, 1850, 1
-3415, 2826, 1
-3596, -186, 1
-7530, -464, 1
-2097, 3835, 1
-2837, 2963, 1
-7385, 4312, 1
-3126, 2356, 1
-7146, -2963, 1
-3031, 2824, 1
-3008, -509, 1
-7258, -848, 1
-2742, -808, 1
-3290, -76, 1
-7596, 4305, 1
-3449, -370, 1
-3088, 1519, 1
-7649, -2109, 1
-7382, -941, 1
-2969, -1853, 1
-7346, -1233, 1
-3073, 365, 1
-3301, 2181, 1
-3312, 366, 1
-3051, -135, 1
-3266, -267, 1
-7356, 4535, 1
-3765, 1082, 1
-7623, 4005, 1
-3028, 3430, 1
-2811, 2869, 1
-7101, -3023, 1
-2876, 2406, 1
-6342, -2818, 1
-3413, 1686, 1
-7820, -1406, 1
-3138, 1650, 1
-2551, -2263, 1
-7408, 3285, 1
-7391, 4046, 1
-2853, -269, 1
-6252, 5120, 1
-2043, 3873, 1
-3778, 1741, 1
-2966, 226, 1
-3415, 1728, 1
-3589, 2624, 1
-3474, -771, 1
-3588, 1745, 1
-2128, 3964, 1
-7356, 4071, 1
-7245, 3114, 1
-2823, -591, 1
-2844, -1572, 1
-3200, -971, 1
-6127, 5246, 1
-7497, 3323, 1
-3063, 1358, 1
-3056, 426, 1
-7434, 2910, 1
-3325, 240, 1
-3033, -1106, 1
-7161, -762, 1
-2995, 2831, 1
-3214, -256, 1
-3497, 1816, 1
-3469, 340, 1
-3301, -255, 1
-7011, -3229, 1
-3090, -631, 1
-3567, 2557, 1
-3021, -1327, 1
-3597, 2470, 1
-2927, 300, 1
-3713, 1106, 1
-3051, 3235, 1
-2969, -1347, 1
-3247, -1302, 1
-2472, 4213, 1
-3654, 66, 1
-2812, 2638, 1
-7146, 3210, 1
-3100, 1763, 1
-3410, 1765, 1
-7528, -1486, 1
-7401, 3338, 1
-3550, 2005, 1
-2107, -1908, 1
-3490, 127, 1
-3300, -1261, 1
-6971, -3055, 1
-2999, 783, 1
-3127, 1188, 1
-2854, -768, 1
-7454, 4449, 1
-7320, -913, 1
-7479, 4810, 1
-6542, -2341, 1
-3090, -949, 1
-2108, -1744, 1
-2783, 4185, 1
-2584, -2229, 1
-3283, -368, 1
-7092, 4933, 1
-3486, -91, 1
-7222, 2971, 1
-3692, 1972, 1
-2078, 3954, 1
-7943, -1462, 1
-3620, 272, 1
-7882, 3576, 1
-2890, 2122, 1
-7534, -1467, 1
-7241, -1207, 1
-2931, -61, 1
-7672, 2570, 1
-2941, 2996, 1
-2993, 414, 1
-3706, 2180, 1
-3334, -259, 1
-3097, 1768, 1
-3524, -596, 1
-3130, 343, 1
-3364, 2782, 1
-3462, -730, 1
-2887, 1998, 1
-3585, 2169, 1
-7046, 5280, 1
-3132, 2296, 1
-3386, 1995, 1
-7560, 4249, 1
-2923, 4023, 1
-2840, 2189, 1
-3405, 50, 1
-7656, 2778, 1
-3655, 1831, 1
-3136, -82, 1
-3080, -1725, 1
-2905, 2587, 1
-3610, 2503, 1
-3414, 2120, 1
-3575, 2357, 1
-7370, -2511, 1
-2741, -2073, 1
-3451, -347, 1
-3431, -67, 1
-3628, 283, 1
-3050, 823, 1
-3040, -1187, 1
-3347, 196, 1
-3018, 1821, 1
-2893, -750, 1
-3653, 2193, 1
-3209, 2017, 1
-2841, -581, 1
-2492, 4347, 1
-2675, -2059, 1
-2824, 3902, 1
-2702, 4055, 1
-3441, 1458, 1
-7008, -3356, 1
-3113, 2571, 1
-3219, 3182, 1
-7177, 2988, 1
-3290, 557, 1
-2015, -1922, 1
-3317, 2562, 1
-3108, -858, 1
-3013, 2929, 1
-7217, 2914, 1
-3575, 1983, 1
-6357, -2756, 1
-2997, 3606, 1
-3592, 2229, 1
-3068, 2414, 1
-1994, 3958, 1
-3078, -177, 1
-2714, 2835, 1
-3141, 2408, 1
-3200, 3272, 1
-2978, -1697, 1
-7673, 1119, 1
-3291, 2407, 1
-3464, 1620, 1
-2843, -1963, 1
-3224, 3421, 1
-3232, 3271, 1
-2587, 4391, 1
-3415, 314, 1
-3221, 2000, 1
-3353, 3084, 1
-3211, -7, 1
-3003, 2702, 1
-3109, -789, 1
-3292, 597, 1
-2727, -603, 1
-7470, 3040, 1
-3029, -674, 1
-3342, 2609, 1
