-3008, -103, 1
-3064, -1533, 1
-7551, 3993, 1
-7821, -1300, 1
-2082, 4065, 1
-3200, 1554, 1
-7608, 4466, 1
-2908, -1945, 1
-3302, 280, 1
-3374, 1155, 1
-3043, 662, 1
-3050, 1777, 1
-7324, -1194, 1
-2997, 3795, 1
-3356, -1160, 1
-2770, -830, 1
-3677, 273, 1
-3027, -1431, 1
-3445, 2995, 1
-3496, 133, 1
-3350, -501, 1
-3008, 480, 1
-3097, 3613, 1
-2976, 1363, 1
-2145, -1895, 1
-3279, 379, 1
-3406, 3034, 1
-3216, 2265, 1
-7379, 4396, 1
-7902, -1409, 1
-3062, 2204, 1
-3021, 1279, 1
-3140, 1929, 1
-2872, 3907, 1
-7645, -2098, 1
-3112, -603, 1
-3067, -1216, 1
-3546, 475, 1
-2538, 4141, 1
-2925, 3958, 1
-8293, 417, 1
-3372, 1764, 1
-3111, 171, 1
-2940, 3080, 1
-7668, 3823, 1
-3473, 1538, 1
-7325, -923, 1
-3351, -613, 1
-3284, 2011, 1
-2694, -1854, 1
-2118, 3780, 1
-3068, 2928, 1
-7679, -1464, 1
-3445, 400, 1
-2843, 3881, 1
-3233, 2207, 1
-3443, -837, 1
-7191, 3169, 1
-3142, 133, 1
-2906, -1795, 1
-3293, 164, 1
-3138, -110, 1
-3402, 2132, 1
-7103, 2876, 1
-7543, 3091, 1
-3048, 2050, 1
-7285, -991, 1
-2813, -262, 1
-2836, -675, 1
-7047, 3144, 1
-2725, -2211, 1
-3261, -1262, 1
-2672, 4228, 1
-3213, -1151, 1
-7110, -1100, 1
-7344, -3049, 1
-3509, -222, 1
-2729, 3954, 1
-3585, -4, 1
-3348, -158, 1
-2775, 4100, 1
-8439, 1356, 1
-6836, -3404, 1
-7248, -2265, 1
-7790, -1744, 1
-7238, 4945, 1
-2800, -407, 1
-3036, 1460, 1
-7639, -796, 1
-2731, -1935, 1
-7428, -2518, 1
-8444, 564, 1
-2614, 4000, 1
-3153, 381, 1
-3577, 2033, 1
-6072, 5427, 1
-3593, 1045, 1
-3334, 1960, 1
-6823, -3625, 1
-3157, 3123, 1
-2883, 2717, 1
-2997, 186, 1
-3499, 1837, 1
-6885, 5491, 1
-2938, -1336, 1
-3014, -1121, 1
-3113, -1311, 1
-7313, -2085, 1
-3655, 1602, 1
-7500, 4214, 1
-3696, 0, 1
-2486, 4275, 1
-3401, -775, 1
-3157, -127, 1
-8450, 510, 1
-3169, 262, 1
-2715, 3793, 1
-3193, 337, 1
-2456, -2265, 1
-3080, 160, 1
-2968, -151, 1
-7220, -2431, 1
-3598, 2038, 1
-3200, 2672, 1
-7678, -988, 1
-2977, -1363, 1
-3045, 3189, 1
-2454, -2170, 1
-2974, 3318, 1
-7414, -2851, 1
-7005, -3345, 1
-3164, -976, 1
-2644, 4251, 1
-3467, 1555, 1
-3004, -1199, 1
-3358, 336, 1
-7010, -3275, 1
-3243, -1179, 1
-2171, 3738, 1
-3403, 1554, 1
-7189, -2704, 1
-3002, -432, 1
-2957, -1438, 1
-2994, 2478, 1
-7351, 3855, 1
-3249, 1782, 1
-3047, -925, 1
-3119, 2560, 1
-3114, 3602, 1
-7867, -1824, 1
-3727, 1595, 1
-3348, -1244, 1
-7508, -1643, 1
-7567, -350, 1
-6140, -3210, 1
-7662, 3072, 1
-2977, -1866, 1
-3035, -629, 1
-3031, -1676, 1
-3608, 80, 1
-3154, 144, 1
-3283, 1575, 1
-8204, 946, 1
-7283, -880, 1
-7208, 2852, 1
-3301, 2487, 1
-2920, 2007, 1
-3099, 1191, 1
-6961, 5637, 1
-3339, 1503, 1
-3487, 533, 1
-2891, -1496, 1
-2939, 3027, 1
-3742, 539, 1
-3438, -583, 1
-7079, 3111, 1
-3651, 368, 1
-7560, 4129, 1
-2593, -2150, 1
-3075, 2467, 1
-3271, 94, 1
-3753, 1931, 1
-2683, 4321, 1
-3089, 1630, 1
-2737, -2172, 1
-3068, -1418, 1
-3180, 1951, 1
-3340, 2329, 1
-7502, 3280, 1
-3378, -392, 1
-2694, -1824, 1
-2980, 2952, 1
-7113, 5108, 1
-2820, -1683, 1
-2788, -1577, 1
-7335, -1170, 1
-2190, 3687, 1
-3426, 1776, 1
-3666, -211, 1
-3469, -518, 1
-7383, 2984, 1
-3031, -700, 1
-7130, 4696, 1
-7959, 1015, 1
-7452, 4022, 1
-6730, -3469, 1
-3107, 2347, 1
-3105, 466, 1
-8395, 271, 1
-3627, 2348, 1
-7541, 3405, 1
-2860, 2495, 1
-3064, 2414, 1
-3068, 1197, 1
-2870, 2439, 1
-7691, 3283, 1
-3631, -133, 1
-3227, 2588, 1
-2707, 2763, 1
-3205, 1450, 1
-3507, 2548, 1
-7356, 4913, 1
-7738, -1996, 1
-3627, 2179, 1
-2561, -2078, 1
-3133, -636, 1
-2790, -651, 1
-3047, 3035, 1
-8436, 199, 1
-3078, -405, 1
-7834, 3712, 1
-7323, 4592, 1
-8018, 1127, 1
-2968, 1979, 1
-3190, -349, 1
-7402, 4075, 1
-7830, -1993, 1
-2865, 2551, 1
-3601, 2162, 1
-2059, 3850, 1
-3369, 1958, 1
-3564, -557, 1
-2667, 4349, 1
-3100, 187, 1
-3447, 1972, 1
-2909, -443, 1
-3410, -307, 1
-7190, 4364, 1
-7344, -2588, 1
-3089, 1741, 1
-7539, 3773, 1
-2733, -748, 1
-3500, -234, 1
-2871, -390, 1
-3182, -1151, 1
-3134, 2175, 1
-2555, 4147, 1
-3341, 1559, 1
-3139, 2251, 1
-7249, -885, 1
-8113, 873, 1
-3015, 1772, 1
-2976, 3485, 1
-3423, 320, 1
-3036, 319, 1
-3821, 908, 1
-7647, -1345, 1
-2780, 2620, 1
-2992, 2273, 1
-3013, 371, 1
-2751, 4239, 1
-3126, 1793, 1
-2997, 1856, 1
-3414, 16, 1
-3387, 1859, 1
-2177, -1719, 1
-3345, 1631, 1
-5976, -3442, 1
-3447, -816, 1
-2677, 4132, 1
-3024, -1312, 1
-3217, 2965, 1
-2845, -1643, 1
-3478, 1623, 1
-3298, 1661, 1
-2982, 2606, 1
-3206, 1923, 1
-3538, -677, 1
-7874, 3485, 1
-3338, -1078, 1
-3237, 227, 1
-2919, 3790, 1
-2503, -2279, 1
-3393, 2611, 1
-8377, 473, 1
-2066, -2035, 1
-2044, -1835, 1
-2824, -1942, 1
-3073, -1622, 1
-7336, 4743, 1
-3359, -307, 1
-3021, -749, 1
-3341, 2378, 1
-3189, 519, 1
-3299, 2659, 1
-2706, 3991, 1
-3480, 509, 1
-7487, 4611, 1
-2963, 521, 1
-7643, 3373, 1
-7418, -2209, 1
-7460, -2098, 1
-3556, -351, 1
-3410, 1645, 1
-3558, 1583, 2
-3513, -726, 1
-3158, 3067, 1
-3032, 214, 1
-3467, 2345, 1
-3134, -348, 1
-2152, 3733, 1
-3374, 276, 1
-3100, 2133, 1
-7580, -521, 1
-7261, -800, 1
-2785, -2027, 1
-7427, -2845, 1
-2707, -2230, 1
-7187, -2326, 1
-6377, -2691, 1
-2931, -125, 1
-3525, -778, 1
-3203, 2837, 1
-7324, 3500, 1
-8411, 593, 1
-7026, 3130, 1
-2796, -2070, 1
-3057, -1072, 1
-3544, -682, 1
-7114, 3246, 1
-8144, 1287, 1
-3298, 2662, 1
-7620, 4382, 1
-3372, -701, 1
-3528, 2314, 1
-2875, -39, 1
-3334, 1664, 1
-3055, 39, 1
-7626, 2900, 1
-3448, 1481, 1
-2813, -1723, 1
-2650, 2823, 1
-3317, -45, 1
-3772, 1017, 1
-2995, 1346, 1
-7600, -511, 1
-3523, 2377, 1
-7109, 3138, 1
-3297, 3029, 1
-3252, 1741, 1
-7374, -1906, 1
-3259, 224, 1
-2880, -852, 1
-7579, 4510, 1
-3372, 1771, 1
-3198, -337, 1
-2885, 2956, 1
-7394, -1417, 1
-7325, 2993, 1
-2812, -1636, 1
-3558, 398, 1
-2963, -151, 1
-7214, -3178, 1
-7332, 4670, 1
-3256, -4, 1
-1994, -2060, 1
-2858, -2032, 1
-3109, 3561, 1
-3332, 2942, 1
-7305, 3022, 1
-3443, 2260, 1
-3439, 2423, 1
-7292, 5216, 1
-2921, -931, 1
-7797, 4073, 1
-7154, 4664, 1
-2998, -646, 1
-2989, 1130, 1
-7230, -1263, 1
-3114, 1542, 1
-3354, -222, 1
-2900, 3473, 1
-3316, 342, 1
-2724, 4178, 1
-3262, 1439, 1
-3087, -807, 1
-2995, -1358, 1
-3497, 2820, 1
-3103, 3232, 1
-8114, 951, 1
-3397, 2002, 1
-3017, 3405, 1
-3395, 1653, 1
-7502, -1641, 1
-3228, -433, 1
-3241, -540, 1
-3149, -1489, 1
-7432, -881, 1
-3153, -1172, 1
-3116, -1167, 1
-3248, 2489, 1
-3260, 3393, 1
-3624, 48, 1
-7775, 3213, 1
-3052, 588, 1
-2889, 2892, 1
-7232, 3257, 1
-7101, 4663, 1
-2938, 3332, 1
-7089, -1015, 1
-5937, 5428, 1
-7562, -1042, 1
-3819, 1138, 1
-2994, 2885, 1
-2799, 2917, 1
-3502, -184, 1
-3504, -422, 1
-3238, 3071, 1
-2634, 3984, 1
-3558, -267, 1
-7572, -1182, 1
-3404, 2396, 1
-3147, -1631, 1
-7041, 5007, 1
-7343, 4605, 1
-2931, -465, 1
-3414, 2183, 1
-2820, 2967, 1
-3200, -1369, 1
-3180, 2594, 1
-3136, 1956, 1
-7209, 3071, 1
-7055, 5362, 1
-7347, -971, 1
-3293, 3096, 1
-2762, -2169, 1
-3689, 2247, 1
-3280, 2452, 1
-6083, -3224, 1
-2892, 3528, 1
-3025, 3134, 1
-7993, 1119, 1
-3161, -1012, 1
-7387, -1185, 1
-2968, -1359, 1
-2924, 2019, 1
-3343, 441, 1
-3683, 1668, 1
-7586, 3148, 1
-3171, 2005, 1
-3270, 1482, 1
-7537, 4056, 1
-7666, 2514, 1
-3232, 2092, 1
-3405, -596, 1
-2843, 2864, 1
-6021, 5300, 1
-7451, 4598, 1
-7072, -890, 1
-7126, -3475, 1
-3396, 234, 1
-3165, -800, 1
-3621, 33, 1
-7145, 5266, 1
-7572, -1376, 1
-2843, -329, 1
-3328, 2222, 1
-2955, 2048, 1
-3062, 2063, 1
-7821, -1079, 1
-7071, 3147, 1
-3283, 2972, 1
-2798, -381, 1
-3173, -662, 1
-7509, -2518, 1
-7879, -1343, 1
-2952, 2438, 1
-3056, 1630, 1
-3568, -464, 1
-7408, -2582, 1
-3211, 1935, 1
-3163, -602, 1
-6808, -3126, 1
-3553, 122, 1
-2079, -1851, 1
-7089, -1137, 1
-3476, -595, 1
-3709, 1743, 1
-2937, -1378, 1
-2953, -384, 1
-3047, 2586, 1
-3378, 3201, 1
-7361, -1261, 1
-3118, 662, 1
-2924, 2617, 1
-3499, 1977, 1
-3057, 1714, 1
-2932, -1680, 1
-2908, 2697, 1
-3403, -1024, 1
-3378, 471, 1
-7615, 3998, 1
-3476, -803, 1
-3610, 22, 1
-2067, 3981, 1
-3587, 298, 1
-2711, 4373, 1
-2998, -448, 1
-2150, 3939, 1
-7275, -2145, 1
-7424, 3275, 1
-2801, -357, 1
-7664, 2753, 1
-7214, -730, 1
-2032, 4017, 1
-3463, 2713, 1
-3014, 3060, 1
-7686, 3798, 1
-3151, 83, 1
-2994, 3618, 1
-3290, -818, 1
-2891, 3904, 1
-3770, 913, 1
-3306, 3103, 1
-7605, -1918, 1
-6906, 5619, 1
-7047, -1065, 1
-7534, 3157, 1
-3119, 1243, 1
-3056, -448, 1
-2018, 3901, 1
-7573, -2110, 1
-3426, 2968, 1
-3054, 2143, 1
-3506, 1584, 1
-2936, 2257, 1
-3406, 1911, 1
-2769, 4111, 1
-3113, -893, 1
-3040, 1736, 1
-3059, 1199, 1
-7402, 3133, 1
-2990, 2027, 1
-3306, 151, 1
-3132, -1520, 1
-3639, 145, 1
-7254, -2573, 1
-3344, -29, 1
-3001, 1830, 1
-3260, 329, 1
-3427, 2910, 1
-3640, 2034, 1
-3709, 458, 1
-2888, 2498, 1
-3024, 1717, 1
-7353, -1181, 1
-6799, 5497, 1
-3301, 1943, 1
-3638, 52, 1
-2990, 2265, 1
-7557, -2230, 1
-3404, -804, 1
-3082, 1629, 1
-3169, 330, 1
-2837, 3608, 1
-7262, 4638, 1
-7323, -1043, 1
-3286, 1854, 1
-3160, 2847, 1
-2722, 2691, 1
-3411, 196, 1
-6960, -3524, 1
-3499, 2260, 1
-3584, 1853, 1
-3681, 1874, 1
-3443, 2886, 1
-3286, -1004, 1
-7348, -850, 1
-3144, 2917, 1
-3239, -255, 1
-3204, -1192, 1
-3300, 1863, 1
-3227, 2589, 1
-3006, -1306, 1
-3061, 3435, 1
-3268, -282, 1
-3076, 2274, 1
-3139, 154, 1
-3474, -913, 1
-2715, -1758, 1
-3059, 1220, 1
-7476, -912, 1
-3445, 1863, 1
-3169, 3007, 1
-7213, 2670, 1
-3713, 517, 1
-2863, 3901, 1
-3501, 2675, 1
-3658, 2220, 1
-3394, 1610, 1
-2928, 1825, 1
-3128, -634, 1
-2801, -1869, 1
-3357, 3141, 1
-3414, 2477, 1
-7261, -3239, 1
-3387, 2030, 1
-3005, -406, 1
-3190, -1265, 1
-2965, -762, 1
-3701, 1789, 1
-7500, -1856, 1
-3319, 2322, 1
-7225, -2759, 1
-7404, -968, 1
-2963, 1466, 1
-7961, 3855, 1
-2907, -725, 1
-7204, -804, 1
-2900, 2704, 1
-7053, 3028, 1
-3106, 1577, 1
-3487, -886, 1
-7722, 3482, 1
-7468, 2722, 1
-3703, -25, 1
-3272, -124, 1
-6108, -3404, 1
-3197, -120, 1
-8397, 1016, 1
-2950, 126, 1
-3664, 2139, 1
-7404, 2704, 1
-3415, 2959, 1
-2723, 2579, 1
-7264, 5092, 1
-2801, 4198, 1
-6832, -3461, 1
-2792, 3822, 1
-3233, 2988, 1
-2521, 4240, 1
-7143, 5071, 1
-7690, 3937, 1
-3237, -172, 1
-3340, 2502, 1
-3003, -827, 1
-7335, -876, 1
-3079, 2556, 1
-3077, -818, 1
-2187, 3790, 1
-7385, 4531, 1
-3258, 1685, 1
-2918, -1613, 1
-2779, -587, 1
-3334, -587, 1
-6398, -2675, 1
-3123, 32, 1
-3355, 381, 1
-7742, 1266, 1
-3429, 2237, 1
-2104, -1949, 1
-2619, -1967, 1
-7394, -2342, 1
-2763, 2624, 1
-3138, 1901, 1
-7751, 3335, 1
-7491, 2910, 1
-3610, 351, 1
-7467, 3774, 1
-3247, 3037, 1
-3146, 2009, 1
-3283, -1348, 1
-2873, 2055, 1
-3444, 2416, 1
-3691, 481, 1
-7398, -1504, 1
-3639, 1910, 1
-3215, -391, 1
-3228, 2779, 1
-7694, 3440, 1
-2961, 592, 1
-2978, -603, 1
-3356, 2519, 1
-3016, -1152, 1
-7441, -1286, 1
-2950, -189, 1
-7791, -1797, 1
-7916, 3937, 1
-3184, 1687, 1
-7785, 3468, 1
-7555, -523, 1
-2635, 3966, 1
-2942, -1869, 1
-3671, -193, 1
-2805, -1805, 1
-2992, -1387, 1
-2968, 676, 1
-7608, -1568, 1
-3370, 156, 1
-7008, 4921, 1
-3390, -1032, 1
-3054, 1907, 1
-3460, 2342, 1
-2760, -1987, 1
-3369, -950, 1
-7057, 5720, 1
-7785, -979, 1
-6391, 4710, 1
-3677, 536, 1
-5889, -3454, 1
-3424, -325, 1
-2470, -2174, 1
-2714, -2208, 1
-2907, -99, 1
-3366, 1985, 1
-3470, 585, 1
-3238, 2608, 1
-2939, 3934, 1
-7452, 3439, 1
-3577, 300, 1
-2007, 3946, 1
-2647, 4421, 1
-3250, -753, 1
-3444, -811, 1
-2995, 1363, 1
-3475, -526, 1
-3149, -35, 1
-3193, 628, 1
-3723, 298, 1
-2851, 2301, 1
-3531, 190, 1
-2962, 3648, 1
-3174, -128, 1
-3518, 2407, 1
-2663, 2841, 1
-6339, -2885, 1
-3082, 1577, 1
-2154, -1673, 1
-3480, 2318, 1
-3242, -137, 1
-3731, 246, 1
-3242, 3046, 1
-3022, -37, 1
-7280, -2823, 1
-3115, 2721, 1
-3186, -968, 1
-3072, -1117, 1
-6975, -3072, 1
-3300, 2922, 1
-3311, 2531, 1
-2955, -1719, 1
-7657, -1675, 1
-7358, 3554, 1
-3168, 1199, 1
-2945, 2348, 1
-3566, 2441, 1
-3416, -1041, 1
-7622, -1764, 1
-3148, 1771, 1
-2583, 4148, 1
-3276, -1201, 1
-3329, -856, 1
-7452, -1284, 1
-2940, 1849, 1
-7658, -715, 1
-3147, 1792, 1
-3185, 3102, 1
-7202, 4432, 1
-3746, 1704, 1
-3154, -327, 1
-3424, 568, 1
-3438, 39, 1
-3019, 1780, 1
-3046, 197, 1
-7492, -1568, 1
-3420, -395, 1
-3039, -771, 1
-7396, 3835, 1
-2737, 2788, 1
-3348, 2963, 1
-3510, 292, 1
-7577, -1176, 1
-7397, 4192, 1
-8183, 936, 1
-3617, -477, 1
-3304, 3011, 1
-7326, -983, 1
-3510, 2563, 1
-7467, 3216, 1
-2840, -2029, 1
-2957, 2487, 1
-2772, 2529, 1
-2920, 3987, 1
-7209, -2462, 1
-3234, 1756, 1
-2868, -845, 1
-7346, -619, 1
-3447, 2505, 1
-3539, -575, 1
-8299, 466, 1
-7170, -3335, 1
-3007, 2917, 1
-3036, 1267, 1
-3159, -1506, 1
-3347, 475, 1
-3686, 56, 1
-7446, -1999, 1
-7101, 5161, 1
-3385, -409, 1
-7259, 4681, 1
-6105, -3284, 1
-7945, 882, 1
-3397, 1716, 1
-2656, -1850, 1
-3624, 2518, 1
-2961, -434, 1
-3082, 3798, 1
-3592, -8, 1
-3003, 2928, 1
-3005, 3247, 1
-3230, 2243, 1
-3564, 1678, 1
-7441, -1886, 1
-3202, 2189, 1
-2916, -1446, 1
-2974, -580, 1
-2480, 4344, 1
-7814, -1912, 1
-3440, 2349, 1
-3323, -1121, 1
-3125, 488, 1
-2940, 3543, 1
-3012, 3366, 1
-3446, 2301, 1
-3032, 2330, 1
-3407, -993, 1
-3318, 2438, 1
-3496, -499, 1
-2678, -2124, 1
-7210, 3866, 1
-2797, 2400, 1
-3186, -397, 1
-2707, 3877, 1
-3053, 734, 1
-3743, 1637, 1
-3224, 331, 1
-3702, 1890, 1
-3079, 367, 1
-2801, -522, 1
-7294, -1250, 1
-7701, 3713, 1
-3237, 3394, 1
-7517, 3516, 1
-2750, -1937, 1
-3647, -158, 1
-2165, -1693, 1
-3252, 2753, 1
-7570, 3961, 1
-6196, 5240, 1
-2909, -808, 1
-8014, 882, 1
-3340, 2627, 1
-3042, -1680, 1
-3128, 3704, 1
-6992, -3071, 1
-3365, 1706, 1
-2839, -634, 1
-3443, 2124, 1
-3366, 1438, 1
-3097, -293, 1
-3632, 2413, 1
-7119, -1152, 1
-7531, -2222, 1
-3100, -261, 1
-7380, 3398, 1
-3473, 270, 1
-2961, 552, 1
-2754, -2112, 1
-6378, -2825, 1
-3672, 485, 1
-3173, 2394, 1
-3720, 2120, 1
-3283, 577, 1
-3363, 3029, 1
-2550, -2286, 1
-3021, 1985, 1
-7372, -1243, 1
-3019, -450, 1
-3099, 177, 1
-2964, 2837, 1
-2201, -1727, 1
-7200, -2251, 1
-3299, -715, 1
-3186, 2542, 1
-3695, 448, 1
-7071, 3191, 1
-2456, -2212, 1
-3534, -213, 1
-3231, 2628, 1
-7368, 4967, 1
-2987, -1633, 1
-3235, 2734, 1
-3538, 2371, 1
-2991, 265, 1
-7645, 2838, 1
-2612, -2098, 1
-3379, 1570, 1
-3654, -120, 1
-2859, 3640, 1
-3514, 222, 1
-3300, 345, 1
-7364, 3339, 1
-3250, 1937, 1
-3085, -770, 1
-3229, 2848, 1
-2644, -1982, 1
-3050, -1025, 1
-7295, -2024, 1
-7761, 883, 1
-6436, -2614, 1
-6176, -3096, 1
-3002, 2144, 1
-7222, -1920, 1
-7292, 4382, 1
-3568, -294, 1
-3109, 3137, 1
-3306, -634, 1
-7339, 4520, 1
-7557, -1679, 1
-7276, 5200, 1
-3525, 1707, 1
-2815, -725, 1
-3316, 1750, 1
-7424, 4887, 1
-2774, -1783, 1
-3106, 351, 1
-3289, -906, 1
-3725, 950, 1
-2927, -1806, 1
-7365, 3854, 1
-3015, 1717, 1
-2973, -356, 1
-2986, -1458, 1
-3192, 2268, 1
-2812, 2984, 1
-2941, 2575, 1
-3156, 209, 1
-7114, 5195, 1
-3075, -1013, 1
-3519, 1562, 1
-3207, 3351, 1
-7636, -2368, 1
-3006, -202, 1
-6989, 5201, 1
-2971, 3343, 1
-2577, 4386, 1
-3334, 2186, 1
-7212, -1078, 1
-3286, 2525, 1
-7263, -3190, 1
-3009, -376, 1
-3644, 2247, 1
-2815, -464, 1
-3056, 2376, 1
-3528, 34, 1
-3204, -343, 1
-6831, 5317, 1
-3454, 86, 1
-3164, -276, 1
-2784, 2897, 1
-3195, 2633, 1
-7406, -1208, 1
-2959, 3433, 1
-2790, 3632, 1
-3209, 2055, 1
-7335, 3102, 1
-3514, -83, 1
-3197, 163, 1
-7703, 2836, 1
-3408, 2757, 1
-7816, 3643, 1
-7756, -1966, 1
-7457, -1100, 1
-7760, 3502, 1
-7204, 3187, 1
-3200, -512, 1
-3547, -716, 1
-3589, 2199, 1
-3110, -780, 1
-3059, 2444, 1
-3289, -615, 1
-3481, -381, 1
-7251, -1001, 1
-7161, -1130, 1
-7615, 3061, 1
-3436, 1804, 1
-3030, 3438, 1
-8336, 852, 1
-2827, 2708, 1
-3636, 1751, 1
-7114, 3137, 1
-3052, 3102, 1
-3017, 2553, 1
-2050, 4082, 1
-2960, 525, 1
-2903, 2012, 1
-2825, 3577, 1
-2999, 2902, 1
-3034, 2742, 1
-2064, -2014, 1
-3021, 2404, 1
-3120, 3725, 1
-3155, 2851, 1
-3475, -494, 1
-7053, -3152, 1
-7811, -1172, 1
-3008, 2788, 1
-6972, -3566, 1
-7736, 1137, 1
-3080, -1336, 1
-3156, 2606, 1
-7256, -971, 1
-3355, -764, 1
-7531, 4030, 1
-2626, 3993, 1
-3162, 2349, 1
-3054, 106, 1
-2742, 4316, 1
-3236, 2185, 1
-7352, 5075, 1
-3333, 1438, 1
-7362, 2502, 1
-3395, 67, 1
-2969, -1882, 1
-2728, -2197, 1
-3149, -137, 1
-3385, -291, 1
-6247, -2916, 1
-7392, -775, 1
-7678, 3418, 1
-7313, -960, 1
-3051, 2094, 1
-3239, 1025, 1
-7778, 3746, 1
-3183, -363, 1
-3453, 2254, 1
-2130, 3763, 1
-3450, 2114, 1
-3524, -442, 1
-6974, 5068, 1
-3221, 2314, 1
-3440, 1833, 1
-2726, 2913, 1
-3418, 2481, 1
-3104, 2384, 1
-6907, 5680, 1
-6291, -2912, 1
-2977, 1492, 1
-3056, 3250, 1
-7176, -3085, 1
-3457, 314, 1
-3059, 1274, 1
-7763, 4034, 1
-7105, 3235, 1
-3381, -783, 1
-3103, -181, 1
-3543, 1540, 1
-3037, 767, 1
-2853, 2137, 1
-3519, 2441, 1
-7651, -739, 1
-7918, -1372, 1
-3147, 1770, 1
-3000, 68, 1
-3158, 2864, 1
-3379, 1453, 1
-7148, 2987, 1
-3013, 1382, 1
-3152, 2590, 1
-3133, 1559, 1
-6046, -3457, 1
-3196, -186, 1
-3538, 314, 1
-7647, 1124, 1
-3216, -825, 1
-3145, 3249, 1
-3294, -921, 1
-7612, 1028, 1
-7672, 3302, 1
-5902, -3473, 1
-3282, -703, 1
-3115, 754, 1
-3204, 322, 1
-3456, -826, 1
-3176, -709, 1
-7344, 4600, 1
-3061, -172, 1
-3299, 2217, 1
-3294, 2758, 1
-3537, 2345, 1
-6222, 5123, 1
-7652, -2251, 1
-2762, -2175, 1
-3056, 3558, 1
-6180, 5263, 1
-2769, -1788, 1
-2874, 2025, 1
-2876, 4098, 1
-3094, 268, 1
-3702, 287, 1
-2942, -1859, 1
-5989, 5442, 1
-3627, 1952, 1
-3177, 1806, 1
-3328, 1840, 1
-7521, -979, 1
-6985, -3346, 1
-7204, -3070, 1
-7266, -2405, 1
-5989, -3410, 1
-3634, 1673, 1
-3027, 3218, 1
-3579, 1620, 1
-7180, -1017, 1
-2790, -1940, 1
-3401, 600, 1
-6416, -2705, 1
-7261, 3026, 1
-2982, 1900, 1
-3704, 1656, 1
-3579, 104, 1
-3542, 1701, 1
-7761, -1172, 1
-3651, 2112, 1
-3507, 81, 1
-3039, 769, 1
-7390, 3072, 1
-2909, 2202, 1
-6860, 5278, 1
-2763, -1658, 1
-3061, -1217, 1
-3064, -578, 1
-3716, 1570, 1
-3111, 1744, 1
-3093, -530, 1
-7229, -3037, 1
-3217, 2784, 1
-3325, 74, 1
-2650, 4373, 1
-3128, 2125, 1
-3174, -806, 1
-8353, 1192, 1
-3413, 2, 1
-3537, 332, 1
-3544, 158, 1
-2649, -1957, 1
-3056, 3476, 1
-7667, -2035, 1
-7809, 3202, 1
-2678, -699, 1
-7108, 5260, 1
-7387, 4801, 1
-3018, 1904, 1
-7354, 3244, 1
-2826, -1704, 1
-3614, 43, 1
-3557, 2120, 1
-7447, -788, 1
-3341, -766, 1
-2844, 3570, 1
-2056, 4060, 1
-3261, -1256, 1
-2682, -827, 1
-2051, -1878, 1
-3125, 3090, 1
-2817, 2642, 1
-3523, 1497, 1
-2998, 3720, 1
-8397, 1829, 1
-3100, -1635, 1
-2607, -2320, 1
-2936, -907, 1
-3401, -794, 1
-7081, -877, 1
-7360, -3073, 1
-2555, 4332, 1
-3148, 1822, 1
-7456, 3290, 1
-2949, -977, 1
-3233, 600, 1
-7409, -1943, 1
-6412, 4740, 1
-6396, -2809, 1
-2925, 184, 1
-3290, 1441, 1
-7161, -825, 1
-6890, 5119, 1
-6234, 5140, 1
-7589, -1245, 1
-3481, 2224, 1
-7087, 3246, 1
-2950, 2608, 1
-2872, -816, 1
-7979, -1644, 1
-3190, -1142, 1
-3196, 1464, 1
-3183, 50, 1
-8208, 1314, 1
-2683, 2744, 1
-3330, 2111, 1
-3406, 2017, 1
-2819, -2103, 1
-7705, 3310, 1
-3392, 436, 1
-3432, -495, 1
-2768, -525, 1
-3313, -57, 1
-7414, -1524, 1
-3392, 2456, 1
-3646, 441, 1
-3637, 2305, 1
-3086, -1575, 1
-3113, -504, 1
-3031, 2421, 1
-2925, -108, 1
-7221, -907, 1
-2884, 2727, 1
-2990, 382, 1
-3177, 111, 1
-7601, -2268, 1
-3453, 412, 1
-3751, 1101, 1
-2094, 3915, 1
-6111, -3185, 1
-3324, 1868, 1
-3079, 668, 1
-7048, 5345, 1
-3099, 3139, 1
-2006, -2032, 1
-3111, 471, 1
-3168, 3347, 1
-3063, 2931, 1
-3395, 2693, 1
-3797, 970, 1
-3325, 40, 1
-2927, 3929, 1
-3383, 1902, 1
-7246, -1217, 1
-3423, 2904, 1
-2776, 3721, 1
-3378, 2669, 1
-3252, 1478, 1
-3537, 2149, 1
-3549, 1695, 1
-3097, 3596, 1
-7562, -2454, 1
-3346, -130, 1
-2937, 3015, 1
-3160, 2671, 1
-7708, 4263, 1
-3082, 2835, 1
-3265, 2336, 1
-3593, 2160, 1
-1986, 3992, 1
-7413, 4843, 1
-7266, 2752, 1
-3205, 1529, 1
-7660, -1209, 1
-3520, 1907, 1
-3325, 1584, 1
-3013, 3868, 1
-7162, -997, 1
-3660, 1739, 1
-3017, 201, 1
-3234, 2106, 1
-2903, -620, 1
-2567, 4247, 1
-2719, -1908, 1
-3575, 2251, 1
-3252, -788, 1
-3034, 1525, 1
-2726, 4294, 1
-7593, 1111, 1
-3549, 507, 1
-3554, 2434, 1
-2934, 2332, 1
-3484, -823, 1
-3323, 149, 1
-7646, -685, 1
-2523, -2187, 1
-7509, -2638, 1
-7140, -3158, 1
-2990, 2587, 1
-2954, -1829, 1
-7410, 3284, 1
-2942, -360, 1
-3114, -1493, 1
-7550, 2812, 1
-3656, -113, 1
-3401, 428, 1
-7407, 3978, 1
-2951, 1699, 1
-3575, 2235, 1
-3277, 1774, 1
-3480, 142, 1
-3026, -419, 1
-3587, 192, 1
-2648, -2244, 1
-7536, 2779, 1
-2617, -2202, 1
-7855, 1171, 1
-7571, 3368, 1
-2822, 2295, 1
-7008, -3638, 1
-3128, -159, 1
-3327, -637, 1
-7152, -860, 1
-3096, 3759, 1
-1996, -1900, 1
-3679, -12, 1
-2842, -350, 1
-2968, 2546, 1
-3101, 3278, 1
-2872, 2819, 1
-3296, -379, 1
-2770, -853, 1
-3471, 1838, 1
-3072, 684, 1
-2762, 3799, 1
-3127, 2950, 1
-5988, 5449, 1
-7322, -2976, 1
-2877, 2898, 1
-3010, 2345, 1
-3406, 446, 1
-3003, 1321, 1
-7533, 3819, 1
-2935, 2870, 1
-3252, -908, 1
-3005, -293, 1
-3450, -393, 1
-3486, 1611, 1
-2020, 4126, 1
-3285, 531, 1
-7422, -2292, 1
-8395, 1487, 1
-3024, 3211, 1
-3136, -81, 1
-2171, -1738, 1
-3426, 2230, 1
-6441, -2619, 1
-3559, 1954, 1
-3699, 172, 1
-3037, 3568, 1
-3336, 2148, 1
-2923, 149, 1
-7455, 4383, 1
-3261, 2149, 1
-7063, -3515, 1
-3042, 2407, 1
-3102, 3687, 1
-3254, -877, 1
-3002, 336, 1
-2950, -75, 1
-8409, 573, 1
-3298, -1217, 1
-7391, 3358, 1
-3786, 884, 1
-2042, -2071, 1
-2937, 2413, 1
-7642, -474, 1
-3543, -260, 1
-7936, 3775, 1
-2991, -1759, 1
-3397, 1559, 1
-7375, -2178, 1
-2815, -1546, 1
-3010, -672, 1
-2979, 1662, 1
-6899, 5256, 1
-3230, 2465, 1
-2557, -2143, 1
-3051, -969, 1
-3459, 2511, 1
-3269, 2443, 1
-3314, 84, 1
-2917, 2224, 1
-6030, 5286, 1
-3169, 3394, 1
-7849, -1193, 1
-7866, 3803, 1
-3398, 2185, 1
-3265, 2630, 1
-3038, -772, 1
-3276, 3252, 1
-3175, 1689, 1
-7576, 3219, 1
-3515, 2656, 1
-7685, 4108, 1
-2817, -2019, 1
-3409, -460, 1
-7659, -1570, 1
-2185, 3692, 1
-3422, -52, 1
-7836, 883, 1
-3053, -456, 1
-7819, 1019, 1
-3308, -651, 1
-7455, 4356, 1
-7339, -1125, 1
-7398, -1565, 1
-6011, 5512, 1
-2869, 3573, 1
-7787, -1006, 1
-3519, 2096, 1
-1970, -1986, 1
-2981, 451, 1
-3204, -1279, 1
-3355, 2117, 1
-3306, -107, 1
-3027, -903, 1
-3600, 2076, 1
-3527, 2299, 1
-7069, 3104, 1
-7469, 3487, 1
-2823, -200, 1
-7317, -1323, 1
-7013, 5506, 1
-3035, 2293, 1
-3120, -502, 1
-2993, 3162, 1
-2967, 3569, 1
-7159, -782, 1
-8357, 548, 1
-3176, -1020, 1
-2660, 4016, 1
-3037, -913, 1
-2947, -789, 1
-2453, 4292, 1
-3133, 1184, 1
-7382, 4416, 1
-3574, 2270, 1
-3163, -518, 1
-3103, 837, 1
-2835, 3902, 1
-7800, -1716, 1
-1976, 4104, 1
-7962, -1623, 1
-7757, 1265, 1
-2863, 2340, 1
-2994, -1023, 1
-3027, 427, 1
-3399, 1743, 1
-3003, 2324, 1
-7739, 3194, 1
-3132, 10, 1
-2815, -1763, 1
-3033, -593, 1
-3243, -697, 1
-7496, 3034, 1
-7852, 3637, 1
-2557, 4209, 1
-3194, -897, 1
-2977, -688, 1
-7580, 4027, 1
-6982, 5518, 1
-3200, -122, 1
-3184, 282, 1
-3056, -1428, 1
-3658, 2088, 1
-2994, 676, 1
-6920, -3200, 1
-2990, -978, 1
-2518, -2148, 1
-3235, 2642, 1
-2699, 2708, 1
-2833, 2926, 1
-2887, 3473, 1
-3698, 361, 1
-2808, 4131, 1
-2197, 3708, 1
-7426, -912, 1
-7597, -1478, 1
-3111, -1568, 1
-2732, 3835, 1
-3158, -46, 1
-3562, -315, 1
-3339, 2454, 1
-2947, 3778, 1
-3643, 339, 1
-3011, 930, 1
-3089, 279, 1
-7311, -2427, 1
-2964, 2956, 1
-2989, 2108, 1
-7352, 2770, 1
-2562, -2326, 1
-8392, 1570, 1
-7521, 2664, 1
-2724, -2256, 1
-7160, -871, 1
-3108, 1913, 1
-2634, 3942, 1
-7763, 4150, 1
-2566, -2296, 1
-2990, 1242, 1
-3772, 1105, 1
-7029, 3158, 1
-3159, 315, 1
-3028, 2574, 1
-3637, 166, 1
-7636, -710, 1
-3333, 2077, 1
-2881, -1953, 1
-3266, 1711, 1
-2882, 2811, 1
-3714, 1807, 1
-3257, 3191, 1
-3623, -307, 1
-3071, -1333, 1
-6955, -3077, 1
-2774, 3684, 1
-3041, 1937, 1
-7742, 938, 1
-6183, -3143, 1
-7469, 3124, 1
-2132, -1868, 1
-2955, 1852, 1
-7619, -2385, 1
-3275, 2884, 1
-2956, 438, 1
-6469, -2600, 1
-3025, 3824, 1
-3495, -37, 1
-7352, 3183, 1
-2679, -670, 1
-7210, 4496, 1
-3051, -852, 1
-3016, -488, 1
-2984, 1684, 1
-7525, -1442, 1
-3446, 1999, 1
-7827, -1493, 1
-3522, 389, 1
-2907, 2974, 1
-3388, 3148, 1
-3061, -1107, 1
-7379, 4529, 1
-7162, -826, 1
-7207, 3003, 1
-2739, 2782, 1
-2998, -99, 1
-3358, 891, 1
-3040, -332, 1
-2915, -913, 1
-3471, 2270, 1
-2737, -701, 1
-3778, 1051, 1
-3095, 89, 1
-8414, 1338, 1
-7390, 4099, 1
-2991, 2857, 1
-7735, 3166, 1
-3017, -367, 1
-7419, 4216, 1
-3437, -1023, 1
-3772, 279, 1
-2991, 3900, 1
-2954, 1814, 1
-2895, -534, 1
-2864, 2647, 1
-7428, 3360, 1
-2838, 3899, 1
-7576, 3572, 1
-2700, 4178, 1
-2943, -954, 1
-7669, -2263, 1
-3577, 2373, 1
-2756, 2481, 1
-7803, 3792, 1
-7917, -1726, 1
-3174, 3398, 1
-7223, -1275, 1
-3150, -275, 1
-7938, -1539, 1
-3185, 1516, 1
-2784, -714, 1
-7695, -1455, 1
-7154, 3208, 1
-3555, -685, 1
-7435, 4401, 1
-7242, -881, 1
-3402, 214, 1
-7522, 3269, 1
-3433, 2127, 1
-7249, 3349, 1
-3183, 221, 1
-3114, 86, 1
-3739, 31, 1
-3603, 2580, 1
-2996, 2635, 1
-7618, -2288, 1
-3403, 2287, 1
-2966, 387, 1
-2256, 3592, 1
-2976, 2972, 1
-7516, 3781, 1
-3225, -114, 1
-7527, 1129, 1
-3196, 2578, 1
-3133, 1207, 1
-3089, 288, 1
-3176, 3291, 1
-7423, -2501, 1
-6476, 4575, 1
-2980, -1634, 1
-7041, 5039, 1
-7866, 1112, 1
-7348, -1914, 1
-3640, 1613, 1
-2896, 3511, 1
-7056, 3088, 1
-3170, 2937, 1
-7439, 4413, 1
-3370, 162, 1
-8075, 1134, 1
-3718, 1524, 1
-3009, 2939, 1
-7478, -1500, 1
-1945, -2001, 1
-2915, -471, 1
-3245, 615, 1
-3029, 2809, 1
-3065, 1474, 1
-3151, 3187, 1
-7990, 3850, 1
-8065, 925, 1
-3152, -1201, 1
-2670, -676, 1
-8310, 1210, 1
-2608, 4149, 1
-2969, -1355, 1
-7283, -777, 1
-8289, 1553, 1
-3381, -1011, 1
-2903, -1893, 1
-7591, -1719, 1
-3032, -464, 1
-2941, -688, 1
-2505, -2211, 1
-7343, 3334, 1
-3416, 88, 1
-2941, -501, 1
-3524, 1536, 1
-3037, 2843, 1
-3353, 3238, 1
-3027, 785, 1
-2851, 2375, 1
-2945, -364, 1
-7414, 3398, 1
-3294, 3159, 1
-2981, 2948, 1
-7404, -2669, 1
-3549, 545, 1
-2933, -1563, 1
-3269, 2381, 1
-3036, 185, 1
-3581, 2054, 1
-3736, 1570, 1
-3049, 1730, 1
-3580, -368, 1
-3211, 523, 1
-3240, 2605, 1
-7127, -763, 1
-3403, 1680, 1
-7291, 4879, 1
-3154, 1839, 1
-3279, 2474, 1
-3184, -1255, 1
-7860, 1119, 1
-2955, -395, 1
-3626, 2223, 1
-3093, 1960, 1
-7247, -2456, 1
-2942, 359, 1
-2067, -1823, 1
-3143, 3041, 1
-7687, -925, 1
-3125, -442, 1
-2973, 3966, 1
-3536, -97, 1
-2842, -661, 1
-2628, 4215, 1
-3232, -925, 1
-3409, 3026, 1
-3712, 444, 1
-3628, 116, 1
-3243, 3277, 1
-3141, -1071, 1
-2954, 1613, 1
-7296, 4828, 1
-3489, -679, 1
-3708, 440, 1
-3526, 1494, 1
-3007, -733, 1
-3230, 1977, 1
-7234, 4748, 1
-3411, -1006, 1
-2777, 4028, 1
-7235, 3313, 1
-2952, -1903, 1
-3372, -55, 1
-2001, -1997, 1
-3671, 1933, 1
-6823, 5641, 1
-3159, 258, 1
-3685, 1986, 1
-3460, 2123, 1
-3650, 1022, 1
-7143, 5280, 1
-5986, 5527, 1
-3024, -649, 1
-3392, 2544, 1
-3426, 463, 1
-7658, 3981, 1
-3531, -562, 1
-3225, -449, 1
-7314, 2749, 1
-3492, 2734, 1
-2942, 1659, 1
-3162, 3143, 1
-6095, -3270, 1
-2648, -2253, 1
-3213, -851, 1
-3054, 2993, 1
-6348, -2885, 1
-3238, 250, 1
-2738, -780, 1
-2796, -1966, 1
-3158, 3132, 1
-3287, -828, 1
-7118, -753, 1
-7359, -2858, 1
-3046, -779, 1
-7063, 3124, 1
-3102, -1551, 1
-3364, 3231, 1
-3165, 3638, 1
-7147, -3077, 1
-3045, -431, 1
-3198, 3104, 1
-3592, -569, 1
-7598, -1258, 1
-7367, 3067, 1
-7266, 4324, 1
-7451, 3053, 1
-3145, -1411, 1
-3014, 1136, 1
-3533, -620, 1
-3646, -378, 1
-3193, -1145, 1
-3185, 3081, 1
-3320, 2927, 1
-7345, 4678, 1
-3042, 2075, 1
-2987, 1642, 1
-7591, 2447, 1
-3068, 2864, 1
-3735, 161, 1
-2959, 398, 1
-2785, 3829, 1
-3398, 2731, 1
-6169, -3104, 1
-3550, 1552, 1
-3048, -782, 1
-2882, -1433, 1
-7418, -1207, 1
-3040, 2201, 1
-2784, 4023, 1
-3517, -654, 1
-2932, 2796, 1
-3116, 3083, 1
-3292, -1067, 1
-2915, -271, 1
-7703, 2732, 1
-2879, -368, 1
-7736, 3186, 1
-2817, -243, 1
-3054, 680, 1
-7325, 2951, 1
-3057, -1066, 1
-2756, -425, 1
-3407, 2152, 1
-3409, 1880, 1
-6735, -3593, 1
-6967, -3074, 1
-2730, -2214, 1
-7695, 3559, 1
-7591, -589, 1
-7395, -1363, 1
-3094, 3711, 1
-3036, -1662, 1
-3152, -348, 1
-7551, -723, 1
-3356, 3013, 1
-3471, 2873, 1
-3496, 308, 1
-2942, 1890, 1
-8391, 1616, 1
-2905, 3063, 1
-7468, 3686, 1
-7673, 1137, 1
-7146, 3158, 1
-2755, -2091, 1
-7382, -1547, 1
-3202, -795, 1
-3453, 188, 1
-2900, 2532, 1
-7715, -2124, 1
-6150, 5351, 1
-3575, -628, 1
-3344, 2158, 1
-3004, 791, 1
-3037, -401, 1
-3091, 324, 1
-2838, 3756, 1
-3501, 471, 1
-7098, 2986, 1
-7493, -2550, 1
-3371, -461, 1
-3375, -426, 1
-3442, -406, 1
-2184, 3869, 1
-2840, -415, 1
-3145, 1929, 1
-3324, -301, 1
-7148, -880, 1
-7663, 3561, 1
-2903, -166, 1
-6256, -3006, 1
-7393, 3678, 1
-2821, -661, 1
-2761, 2468, 1
-3039, 793, 1
-3115, 267, 1
-3556, 2205, 1
-3599, -270, 1
-7114, -1065, 1
-7439, -654, 1
-3679, 1584, 1
-3073, -752, 1
-3367, 1950, 1
-3445, 2107, 1
-3407, 2352, 1
-3390, -395, 1
-1997, 4062, 1
-2988, 1631, 1
-6830, 5653, 1
-3496, 1641, 1
-3360, 3149, 1
-3163, 2174, 1
-2942, 2791, 1
-7776, 2969, 1
-7719, -1172, 1
-3094, 3235, 1
-3475, 2057, 1
-3431, 2976, 1
-3064, -4, 1
-3322, 66, 1
-8463, 1482, 1
-3118, 2921, 1
-3040, 2912, 1
-2875, 3725, 1
-3135, 1793, 1
-3271, 2361, 1
-7402, 3303, 1
-3294, -934, 1
-3480, 1571, 1
-3686, 1828, 1
-3143, -1442, 1
-3145, 3239, 1
-3686, 2115, 1
-3297, 2095, 1
-2944, -598, 1
-2944, 85, 1
-3660, -17, 1
-2709, -693, 1
-2941, 219, 1
-3247, 2066, 1
-6253, -2951, 1
-3053, 1506, 1
-3097, -1104, 1
-3081, 1683, 1
-3464, 187, 1
-2534, -2305, 1
-7439, 4641, 1
-2943, 1635, 1
-3028, 764, 1
-3486, 2680, 1
-3549, 46, 1
-3105, -647, 1
-2195, 3777, 1
-6248, -3036, 1
-7202, -3165, 1
-3176, -1106, 1
-3524, 1653, 1
-3324, 3279, 1
-7959, 1153, 1
-6843, 5578, 1
-2892, -1784, 1
-2883, 2178, 1
-7014, 5343, 1
-3631, 2159, 1
-3139, -1005, 1
-3047, 2557, 1
-2777, 4215, 1
-3715, 282, 1
-2816, 2351, 1
-7738, 3569, 1
-3248, 2169, 1
-3236, -1468, 1
-3692, 117, 1
-3575, 2277, 1
-3318, 1568, 1
-3668, 1526, 1
-2069, 3887, 1
-3499, 2538, 1
-3025, 2039, 1
-7120, 2827, 1
-2960, 2957, 1
-2701, -704, 1
-2988, -457, 1
-2888, -784, 1
-2708, 3868, 1
-2971, 1459, 1
-3123, 3013, 1
-8000, 901, 1
-3069, -1090, 1
-2837, 3947, 1
-2980, -1928, 1
-3338, 2233, 1
-3241, 3367, 1
-3427, 297, 1
-2996, -320, 1
-7542, -2348, 1
-2911, 102, 1
-3276, 2394, 1
-3328, 2005, 1
-2773, -1827, 1
-7531, -2658, 1
-2841, 2721, 1
-3092, 3255, 1
-7565, 2903, 1
-3509, -622, 1
-6977, -3067, 1
-3552, 1966, 1
-3248, 2920, 1
-7114, 4941, 1
-7287, 4996, 1
-7575, -1909, 1
-3353, -999, 1
-2890, 2630, 1
-3537, -30, 1
-6037, -3292, 1
-2956, 1591, 1
-3157, 2798, 1
-3245, 2669, 1
-3061, 127, 1
-2936, 3385, 1
-2986, 2398, 1
-3373, 1488, 1
-7045, -3016, 1
-2859, 3838, 1
-3409, 1814, 1
-2986, 2523, 1
-3105, 1601, 1
-3190, -1055, 1
-2753, 3980, 1
-2927, 1772, 1
-3148, 3674, 1
-3033, -1633, 1
-3253, -944, 1
-3114, -1591, 1
-7152, -2965, 1
-2908, -1393, 1
-7757, 3786, 1
-3639, 1627, 1
-3253, -728, 1
-3748, 1568, 1
-7413, -2643, 1
-3814, 882, 1
-3023, 280, 1
-7341, -980, 1
-7126, 2991, 1
-2705, -828, 1
-3096, -1128, 1
-7768, 3534, 1
-3106, 1620, 1
-7735, 3955, 1
-3527, 2446, 1
-3581, -184, 1
-2553, -2137, 1
-3729, 266, 1
-2542, -2175, 1
-3443, 3049, 1
-3484, 1812, 1
-2631, -2181, 1
-3171, -837, 1
-3040, -1273, 1
-2971, -1725, 1
-7635, -1001, 1
-2945, 2710, 1
-2931, 2050, 1
-3388, 1644, 1
-3118, 2084, 1
-3235, -108, 1
-7520, -2611, 1
-3145, -1300, 1
-2760, -2070, 1
-2025, -1976, 1
-3569, -436, 1
-3046, 1280, 1
-2593, 4280, 1
-2860, -1655, 1
-2605, -2312, 1
-3139, -1601, 1
-3242, 3303, 1
-3343, -299, 1
-3252, 2481, 1
-3286, 2208, 1
-2110, -1932, 1
-7506, -1640, 1
-2966, -627, 1
-3722, 960, 1
-3087, 687, 1
-2965, 3460, 1
-3455, -115, 1
-3274, 532, 1
-3010, -627, 1
-2973, 3062, 1
-3202, 70, 1
-3051, 3227, 1
-3032, 1714, 1
-3509, 2243, 1
-7402, -1914, 1
-3370, -34, 1
-7120, 5107, 1
-3343, -954, 1
-7612, 2917, 1
-2681, -2370, 1
-7575, 2880, 1
-3256, 3209, 1
-7574, 4149, 1
-3344, 2663, 1
-7087, 5580, 1
-3722, 126, 1
-3288, 1662, 1
-7868, -1431, 1
-2873, 2471, 1
-3642, 2328, 1
-3089, 3701, 1
-3668, 24, 1
-2983, 452, 1
-3686, 1920, 1
-2839, 2779, 1
-2854, -868, 1
-3546, -595, 1
-3035, 3519, 1
-2839, -943, 1
-2631, 4050, 1
-2877, 4140, 1
-2911, 2874, 1
-2948, -142, 1
-6989, -3252, 1
-3004, -1036, 1
-3042, 238, 1
-3235, -1060, 1
-7069, -3498, 1
-3376, 2121, 1
-7358, -1764, 1
-7432, -2738, 1
-3160, -1350, 1
-7133, -965, 1
-3209, 2029, 1
-7547, 4458, 1
-3100, 3338, 1
-2899, 3532, 1
-3330, 49, 1
-3260, 2885, 1
-2491, -2291, 1
-3458, 194, 1
-3121, 2198, 1
-7521, 4235, 1
-7313, -2790, 1
-3047, 1314, 1
-3541, 2198, 1
-3389, 526, 1
-2737, -706, 1
-7234, 3209, 1
-7222, 3185, 1
-3373, 3148, 1
-3583, -278, 1
-2940, 4005, 1
-2901, -888, 1
-3492, 561, 1
-3252, 3150, 1
-3202, -835, 1
-3737, 199, 1
-7661, 4043, 1
-7759, 3198, 1
-7985, 1030, 1
-3395, -356, 1
-2935, -144, 1
-7040, 5679, 1
-3019, -1106, 1
-3090, 3005, 1
-7341, 5092, 1
-7140, 2877, 1
-7279, 4571, 1
-2073, 4067, 1
-7270, -1025, 1
-2019, 3959, 1
-3050, -1777, 1
-2904, 2160, 1
-2824, -2068, 1
-2698, 4222, 1
-8418, 378, 1
-3306, 469, 1
-7298, -1189, 1
-2724, 2663, 1
-7340, 2918, 1
-2924, -723, 1
-7417, 3293, 1
-7437, -2157, 1
-7656, -842, 1
-7851, 1112, 1
-2923, 2049, 1
-2820, 3820, 1
-3740, 375, 1
-2110, 4047, 1
-7265, -2079, 1
-6260, -2891, 1
-3264, -1378, 1
-3403, -704, 1
-2776, 2715, 1
-3178, 2644, 1
-3584, 1711, 1
-3006, -287, 1
-3263, 2005, 1
-7031, -1065, 1
-2906, -765, 1
-2820, 3568, 1
-3209, -549, 1
-6036, 5389, 1
-7509, -1853, 1
-7560, 4071, 1
-7321, -1111, 1
-2933, 1809, 1
-3129, -950, 1
-7453, 3942, 1
-3194, 5, 1
-3079, 1930, 1
-3447, 2294, 1
-3179, -267, 1
-3606, 324, 1
-2708, -2053, 1
-3277, 1678, 1
-2737, -715, 1
-3214, -96, 1
-2127, 4024, 1
-3248, 24, 1
-3361, 3218, 1
-3735, 186, 1
-3211, -1198, 1
-2739, -556, 1
-3430, 2824, 1
-7027, -3048, 1
-3295, 2857, 1
-3052, -147, 1
-3688, 1532, 1
-3433, -620, 1
-3446, -935, 1
-3030, 3579, 1
-7455, 3922, 1
-2814, -2189, 1
-7337, 4005, 1
-7922, -1862, 1
-3062, -1401, 1
-3078, -876, 1
-7505, 3371, 1
-2809, 2588, 1
-3481, -548, 1
-2912, -1918, 1
-7382, 3816, 1
-3304, 1580, 1
-7503, -1317, 1
-3369, -103, 1
-3138, 2223, 1
-3422, 2106, 1
-8061, 1138, 1
-3028, -870, 1
-3202, 2714, 1
-3195, 22, 1
-3579, 2338, 1
-7418, -623, 1
-2790, -878, 1
-3133, -1521, 1
-2021, 3955, 1
-3374, -865, 1
-3435, -619, 1
-3202, 2018, 1
-2433, 4265, 1
-3509, -732, 1
-2905, -166, 1
-3540, 2028, 1
-6327, -2837, 1
-8434, 486, 1
-3474, -26, 1
-3330, 2594, 1
-7600, 3610, 1
-3467, -60, 1
-2949, 22, 1
-2931, -774, 1
-7500, -2598, 1
-2893, 2936, 1
-3537, 1634, 1
-3044, 2718, 1
-7395, 3654, 1
-3337, 1608, 1
-2494, -2220, 1
-3109, -1522, 1
-7548, 3920, 1
-3145, 182, 1
-2811, 2614, 1
-3303, 138, 1
-2957, 477, 1
-7149, -1119, 1
-3310, 3047, 1
-2702, -2285, 1
-7815, 3626, 1
-2903, -1689, 1
-3220, 154, 1
-2625, 4118, 1
-7222, -2606, 1
-3382, 1698, 1
-2446, -2227, 1
-3139, -1519, 1
-7672, 1130, 1
-3623, 486, 1
-2822, 2752, 1
-3692, 187, 1
-2948, 229, 1
-7443, -1516, 1
-3339, 3026, 1
-7529, 3622, 1
-3016, 2978, 1
-3105, 1492, 1
-3002, 3430, 1
-6356, 4892, 1
-3022, 626, 1
-7004, 5608, 1
-7394, 3975, 1
-2566, -2234, 1
-7959, 3837, 1
-3476, -800, 1
-3352, 2796, 1
-2991, -1611, 1
-6104, -3227, 1
-7267, -2374, 1
-3509, 1855, 1
-3576, 1848, 1
-3334, 1498, 1
-3116, 80, 1
-7756, -1083, 1
-3440, 1917, 1
-7319, 3754, 1
-3588, -31, 1
-7270, -1024, 1
-7190, -2398, 1
-2795, -859, 1
-3015, 3594, 1
-3042, 2613, 1
-7111, -902, 1
-2957, 2635, 1
-3019, -608, 1
-2773, -2148, 1
-7594, 3428, 1
-8028, 1287, 1
-2868, 2778, 1
-7421, 4812, 1
-3069, -1531, 1
-2683, 2720, 1
-3559, 2328, 1
-3624, 1532, 1
-3040, 178, 1
-3116, -853, 1
-7173, -870, 1
-7892, 3692, 1
-3291, -681, 1
-2876, 2466, 1
-7020, -1092, 1
-7894, 3849, 1
-3040, -94, 1
-2738, -2064, 1
-3356, 546, 1
-3040, 3136, 1
-7475, -1371, 1
-6081, 5447, 1
-3235, 2558, 1
-7600, -907, 1
-3283, 3263, 1
-2904, 172, 1
-7981, 1180, 1
-3045, 1201, 1
-3267, 2765, 1
-3293, 496, 1
-3036, -1824, 1
-2803, 4140, 1
-3745, 911, 1
-3072, 2847, 1
-2702, 4232, 1
-3740, 228, 1
-3611, 2062, 1
-3459, 2075, 1
-3175, 74, 1
-3256, 1679, 1
-3147, 3073, 1
-6720, -3563, 1
-3068, 2574, 1
-3518, 554, 1
-7325, 2797, 1
-2915, 2619, 1
-3597, 531, 1
-3605, -325, 1
-7367, -2794, 1
-7302, 4836, 1
-7320, 3798, 1
-3015, -161, 1
-3389, -594, 1
-2699, -709, 1
-2815, -572, 1
-3096, 531, 1
-3633, -428, 1
-3327, 3097, 1
-3006, 2146, 1
-2672, -756, 1
-3490, 338, 1
-2878, -734, 1
-2795, 4071, 1
-3320, -1270, 1
-2866, -234, 1
-2966, 2207, 1
-2829, 2282, 1
-7347, -2968, 1
-7043, 5543, 1
-6485, -2483, 1
-3091, 3526, 1
-2872, 2466, 1
-7406, 3718, 1
-3480, 2104, 1
-2983, 1344, 1
-2609, 4289, 1
-3152, 2871, 1
-3771, 925, 1
-7485, 3874, 1
-2685, -1904, 1
-2812, -301, 1
-2098, -2017, 1
-3686, 1570, 1
-2936, 2506, 1
-3024, 1841, 1
-2955, 2202, 1
-3123, -184, 1
-2729, 4089, 1
-3461, 1823, 1
-2833, 2440, 1
-3165, -381, 1
-3314, 2303, 1
-8219, 879, 1
-3602, 1827, 1
-2548, 4270, 1
-6324, -2900, 1
-6519, -2423, 1
-3532, 2118, 1
-2960, 365, 1
-3730, 1728, 1
-3432, 1875, 1
-2675, -2007, 1
-3248, -189, 1
-3532, -644, 1
-3748, 1751, 1
-2920, 3060, 1
-3032, 483, 1
-7810, 3485, 1
-7219, -3263, 1
-3032, 3697, 1
-3090, 3084, 1
-7139, 5321, 1
-3033, -1145, 1
-3064, 2061, 1
-3518, 71, 1
-7059, -3458, 1
-7777, 3767, 1
-7115, -3427, 1
-3298, 2828, 1
-7659, -664, 1
-6951, -3643, 1
-3100, 660, 1
-7554, -1475, 1
-3634, -104, 1
-7614, -766, 1
-3173, -118, 1
-1979, -1983, 1
-7050, -3373, 1
-7736, -1403, 1
-7290, 5003, 1
-3566, 2112, 1
-2824, 3695, 1
-2720, -1941, 1
-2930, 3436, 1
-7395, -2025, 1
-3178, -693, 1
-3137, -167, 1
-3410, 3082, 1
-7113, -2854, 1
-3273, 1171, 1
-2947, -1428, 1
-2539, -2261, 1
-7340, 3889, 1
-3496, 2068, 1
-2106, -2001, 1
-2702, 4163, 1
-2189, -1785, 1
-3048, 1752, 1
-7558, 4288, 1
-2950, 2002, 1
-7510, 3706, 1
-3017, -21, 1
-3380, 2763, 1
-3192, 2047, 1
-2994, 3274, 1
-8386, 506, 1
-3527, 456, 1
-7667, -929, 1
-6177, -3018, 1
-2773, 2891, 1
-3595, 2259, 1
-3272, 2406, 1
-7515, 3152, 1
-2915, 2896, 1
-3385, -922, 1
-3099, 2359, 1
-2717, -1950, 1
-3282, 559, 1
-6376, -2743, 1
-3324, -979, 1
-3594, -215, 1
-7216, 4957, 1
-7699, 2974, 1
-2090, -1981, 1
-6488, 4506, 1
-3108, 3343, 1
-7318, 4873, 1
-3395, -126, 1
-3374, 2034, 1
-2870, -167, 1
-3461, 451, 1
-2710, 3789, 1
-3782, 975, 1
-1987, 3999, 1
-3469, -359, 1
-3211, 94, 1
-7104, 2786, 1
-7566, -1859, 1
-3269, 520, 1
-7516, 1031, 1
-3135, -468, 1
-2918, 126, 1
-7885, -1919, 1
-3075, 1327, 1
-3329, 138, 1
-2139, -1841, 1
-3419, 608, 1
-2828, -1874, 1
-3183, 519, 1
-3668, -216, 1
-7243, 4573, 1
-3169, -790, 1
-3125, 3462, 1
-7196, 5041, 1
-7693, -1428, 1
-3066, 754, 1
-8377, 282, 1
-2039, 3900, 1
-3027, 3684, 1
-3175, 3562, 1
-3089, -1632, 1
-7540, 3773, 1
-3018, -941, 1
-3544, -61, 1
-3400, 1968, 1
-8451, 746, 1
-7308, -2076, 1
-3065, -200, 1
-2049, -1863, 1
-3671, 2071, 1
-7674, -1563, 1
-2536, -2234, 1
-3553, 1007, 1
-7807, 4062, 1
-7130, -905, 1
-3348, 3135, 1
-3148, 2979, 1
-3657, 1738, 1
-3346, 3257, 1
-3288, 93, 1
-3146, 1703, 1
-3485, 279, 1
-2912, 3719, 1
-7842, -1636, 1
-3344, -1236, 1
-7475, -896, 1
-3244, 1837, 1
-3333, 2088, 1
-2044, -2054, 1
-3624, 1872, 1
-7253, 5188, 1
-2953, 3549, 1
-2930, -519, 1
-7183, -857, 1
-2931, 2952, 1
-6119, -3129, 1
-7564, 3396, 1
-2950, 3659, 1
-7480, 4376, 1
-7678, 3259, 1
-3442, -23, 1
-2996, -1146, 1
-3360, -573, 1
-3323, 220, 1
-2804, 3762, 1
-3307, 193, 1
-7415, -2677, 1
-3201, 2745, 1
-2926, 147, 1
-8444, 381, 1
-7087, -1207, 1
-7149, -1151, 1
-2982, 2682, 1
-3005, 161, 1
-2573, 4267, 1
-7618, -1559, 1
-2967, -1865, 1
-3529, 2048, 1
-7501, -448, 1
-3197, 3404, 1
-3362, 1664, 1
-3053, -682, 1
-3648, -59, 1
-3489, 550, 1
-7679, 925, 1
-3199, 1879, 1
-3471, 2679, 1
-7437, 3266, 1
-7215, 5126, 1
-2962, 124, 1
-7422, 4703, 1
-3453, 2804, 1
-3353, 282, 1
-7022, 4791, 1
-3479, 104, 1
-3088, 591, 1
-3062, -522, 1
-3368, 419, 1
-2701, 4374, 1
-3054, 1321, 1
-3736, 1872, 1
-7677, 3775, 1
-3392, -292, 1
-3422, -210, 1
-2857, 2357, 1
-7076, -3338, 1
-3406, 2418, 1
-3394, 2491, 1
-7512, -2659, 1
-3090, 2571, 1
-3070, 443, 1
-2102, 4072, 1
-7696, 3230, 1
-5934, 5530, 1
-2892, 2643, 1
-3000, 1253, 1
-3539, 334, 1
-3307, 2520, 1
-7365, 3224, 1
-2992, 1493, 1
-3598, 241, 1
-3113, 3543, 1
-3828, 1021, 1
-3098, 1918, 1
-3175, -961, 1
-2741, -2037, 1
-3029, 568, 1
-2915, 3571, 1
-6811, -3323, 1
-7037, -3491, 1
-2832, -2135, 1
-7781, 3261, 1
-5979, 5477, 1
-7267, -2934, 1
-3094, 2437, 1
-3290, -1010, 1
-3549, 1510, 1
-7146, -2481, 1
-3124, 1467, 1
-7303, 4073, 1
-3199, -993, 1
-3450, 2017, 1
-7287, 4544, 1
-3583, 2545, 1
-7729, 4148, 1
-7784, -1254, 1
-3509, 2533, 1
-3036, -1531, 1
-7210, -3272, 1
-3015, 1650, 1
-7244, 3791, 1
-7817, 1271, 1
-3616, -398, 1
-8105, 1132, 1
-3605, -169, 1
-3349, 96, 1
-1961, 4096, 1
-7289, -2277, 1
-7078, 5294, 1
-7616, -872, 1
-3728, 132, 1
-3267, 1724, 1
-7087, 3201, 1
-3228, 3545, 1
-7120, -1108, 1
-2948, 2637, 1
-7275, -943, 1
-7777, -1595, 1
-3183, -1098, 1
-2781, 2632, 1
-3667, 2163, 1
-7435, 3745, 1
-2990, 275, 1
-7063, 4604, 1
-2763, 2614, 1
-3266, 1738, 1
-3165, 324, 1
-2891, -716, 1
-3092, -739, 1
-2544, -2269, 1
-3374, 3092, 1
-3200, 581, 1
-2917, 4015, 1
-3672, 1762, 1
-3730, 369, 1
-2726, 2790, 1
-3609, -326, 1
-3171, 274, 1
-7423, -921, 1
-7276, -1123, 1
-3111, 3327, 1
-7240, 3288, 1
-2154, -1662, 1
-7419, -1130, 1
-3006, 2836, 1
-2676, -1885, 1
-2693, -2347, 1
-7469, -2353, 1
-3166, 82, 1
-3215, 573, 1
-3126, 121, 1
-3459, -589, 1
-6955, 4929, 1
-3255, 1561, 1
-3626, 298, 1
-2858, -1819, 1
-2746, -1924, 1
-3237, 169, 1
-3660, 332, 1
-7586, 3058, 1
-3458, -156, 1
-3059, 549, 1
-3487, 2811, 1
-3692, 976, 1
-3741, 1527, 1
-7704, 4150, 1
-3331, 1447, 1
-2709, -1778, 1
-3444, 240, 1
-2968, -997, 1
-3534, -76, 1
-3276, -839, 1
-2981, 3330, 1
-8015, 3700, 1
-3133, 2445, 1
-1948, -1948, 1
-3103, 753, 1
-2075, -2034, 1
-2821, 3956, 1
-7301, -1292, 1
-2642, -2196, 1
-2867, 2668, 1
-3309, 22, 1
-3315, -1023, 1
-2838, -1680, 1
-7715, -2001, 1
-2699, -2120, 1
-3366, 81, 1
-3282, -157, 1
-3310, 188, 1
-3333, 547, 1
-3315, 1425, 1
-3591, 1661, 1
-3290, -851, 1
-7128, 2872, 1
-2916, -48, 1
-7487, 3905, 1
-3025, 3177, 1
-2748, 3807, 1
-3179, -1375, 1
-2903, 2111, 1
-6268, -3100, 1
-3145, 2662, 1
-3759, 202, 1
-7325, 1028, 1
-3184, -570, 1
-3151, 2606, 1
-3286, -1126, 1
-3343, 2114, 1
-7166, -941, 1
-3408, 1871, 1
-7755, -1311, 1
-6273, -3077, 1
-3575, -540, 1
-3153, -79, 1
-2111, 3898, 1
-3326, 268, 1
-2665, -2220, 1
-3137, 2850, 1
-3027, -995, 1
-3004, -31, 1
-3353, 615, 1
-3243, 377, 1
-7293, -762, 1
-7424, -2104, 1
-3336, -85, 1
-3331, 2982, 1
-3711, 2032, 1
-2783, -1777, 1
-7854, -1737, 1
-6938, -3441, 1
-3025, 1596, 1
-7597, 3104, 1
-3043, -476, 1
-2145, -1829, 1
-3033, -1490, 1
-3625, 2502, 1
-3368, -957, 1
-2906, 2731, 1
-3639, 1693, 1
-3367, 2437, 1
-7305, -932, 1
-7688, 2997, 1
-3072, 3297, 1
-3199, 136, 1
-2911, 3773, 1
-2980, -874, 1
-7388, 3340, 1
-3356, 2640, 1
-3308, 496, 1
-3067, -1380, 1
-3275, -892, 1
-3196, 1525, 1
-2532, 4275, 1
-3149, -972, 1
-3679, 1040, 1
-3297, 1793, 1
-7665, 3389, 1
-7653, 4424, 1
-3369, -154, 1
-3141, 293, 1
-7119, -1113, 1
-7037, 5546, 1
-7047, 3154, 1
-2766, -2163, 1
-3463, 189, 1
-7101, -1083, 1
-7399, 4316, 1
-7272, 5025, 1
-2507, -2147, 1
-2616, -1958, 1
-2981, 228, 1
-3205, 2297, 1
-7693, 4080, 1
-3274, 2677, 1
-2771, -613, 1
-6239, 5086, 1
-7671, 4130, 1
-2951, -970, 1
-3225, 342, 1
-3152, 1639, 1
-3128, 3695, 1
-3492, -401, 1
-3073, 3124, 1
-3210, 3421, 1
-6353, 4826, 1
-3060, 3170, 1
-3336, 2778, 1
-3005, 3637, 1
-3453, 499, 1
-3668, -204, 1
-7941, 1185, 1
-3158, 3020, 1
-7264, 5115, 1
-3451, 2272, 1
-3202, 3496, 1
-7215, 4028, 1
-2949, 2717, 1
-3181, 3075, 1
-2726, -751, 1
-3027, 662, 1
-3350, -675, 1
-3058, 2887, 1
-3635, -435, 1
-3470, 2782, 1
-7248, -929, 1
-3071, 3281, 1
-7858, 3699, 1
-2783, 4110, 1
-3338, 3020, 1
-3220, 3545, 1
-3646, 143, 1
-2652, 4138, 1
-3524, 1674, 1
-7093, 5334, 1
-7170, 3047, 1
-8417, 706, 1
-7458, -721, 1
-2989, 1, 1
-2831, 4167, 1
-2990, 327, 1
-7516, -1622, 1
-3018, 2490, 1
-2916, 2075, 1
-7161, -966, 1
-3587, -416, 1
-7499, -676, 1
-7220, 3301, 1
-2628, 4213, 1
-8382, 298, 1
-3224, 535, 1
-3360, 1952, 1
-3555, 1967, 1
-3086, 567, 1
-3620, -477, 1
-2977, -680, 1
-6822, -3585, 1
-7563, -1127, 1
-7558, 3407, 1
-3773, 293, 1
-7297, -870, 1
-7675, 3274, 1
-7220, -785, 1
-2755, -517, 1
-3080, 2372, 1
-3581, 1603, 1
-3087, 2563, 1
-3569, -75, 1
-3349, -513, 1
-7261, -932, 1
-3330, 1584, 1
-3508, 2372, 1
-7578, -2244, 1
-2780, 2905, 1
-2743, -2160, 1
-7237, 4868, 1
-3068, 1568, 1
-3296, 247, 1
-2979, 2709, 1
-3453, -253, 1
-6257, -3130, 1
-3136, 2128, 1
-6267, -2966, 1
-2906, 2527, 1
-3429, -422, 1
-2694, -2109, 1
-3131, 1930, 1
-3162, 1749, 1
-7161, 3265, 1
-3029, -1221, 1
-7301, 4314, 1
-3491, -843, 1
-2854, 2207, 1
-3623, 25, 1
-7507, -1279, 1
-7267, -1533, 1
-3329, 1877, 1
-2915, -672, 1
-3282, -486, 1
-3384, 3199, 1
-2571, -2088, 1
-7015, -3054, 1
-3213, -317, 1
-7925, -1402, 1
-2999, 731, 1
-3058, 2869, 1
-2767, -597, 1
-7365, -910, 1
-2997, -27, 1
-3523, 2229, 1
-2986, 332, 1
-3609, -43, 1
-3259, -402, 1
-3348, 511, 1
-3274, -48, 1
-3153, 3124, 1
-2728, -2226, 1
-2675, 4194, 1
-3047, 3397, 1
-3569, -138, 1
-7389, 3913, 1
-3454, 2161, 1
-2898, 2052, 1
-6093, -3367, 1
-7279, 4799, 1
-7705, 2716, 1
-2651, 3927, 1
-3512, 1900, 1
-7211, -2309, 1
-7674, -649, 1
-3491, 2184, 1
-2584, 4133, 1
-3189, 3527, 1
-2834, -281, 1
-3084, 399, 1
-3246, -814, 1
-8356, 915, 1
-2134, -1708, 1
-3148, 78, 1
-3244, 2745, 1
-3467, -784, 1
-3100, -695, 1
-3070, 485, 1
-3517, -614, 1
-1919, 4047, 1
-3137, 2710, 1
-3146, 2575, 1
-3087, 2807, 1
-7506, 3324, 1
-3792, 1156, 1
-3293, 3337, 1
-3187, -751, 1
-3120, 2338, 1
-3179, 3230, 1
-7585, -1486, 1
-3040, 2292, 1
-7510, 3533, 1
-7246, -1212, 1
-7214, 2843, 1
-7488, -1571, 1
-3404, 347, 1
-3172, 302, 1
-3157, 135, 1
-3190, -528, 1
-2204, -1738, 1
-3054, 1584, 1
-3089, 2972, 1
-7223, 3101, 1
-3422, 33, 1
-7461, 4474, 1
-6097, -3317, 1
-2731, 2771, 1
-3080, -1581, 1
-3020, 2835, 1
-7002, -1137, 1
-7516, -2319, 1
-7855, 3708, 1
-3339, 193, 1
-3135, 520, 1
-2778, -644, 1
-3231, 1826, 1
-2947, -1526, 1
-2839, 3930, 1
-2953, -562, 1
-3646, 422, 1
-2959, 1896, 1
-3102, 1519, 1
-2989, 3414, 1
-3208, 2231, 1
-3087, 548, 1
-3267, 1749, 1
-8032, -1659, 1
-7428, -2366, 1
-3309, 2795, 1
-3680, 15, 1
-7317, 4499, 1
-7956, 3566, 1
-2764, 3777, 1
-7932, 3608, 1
-3100, 2558, 1
-7363, -2902, 1
-2961, -1060, 1
-3094, -1533, 1
-3116, -585, 1
-3550, 1627, 1
-3197, 3443, 1
-7625, 4279, 1
-3183, 3343, 1
-3336, -465, 1
-3060, -745, 1
-7480, 4668, 1
-3108, 3722, 1
-2491, 4231, 1
-2854, 2937, 1
-7074, -3478, 1
-2563, -2027, 1
-8415, 1210, 1
-2745, 3903, 1
-3183, 3474, 1
-3048, -1443, 1
-7801, 3501, 1
-2672, 3894, 1
-3009, -1065, 1
-5985, -3376, 1
-7666, 3554, 1
-2027, 3905, 1
-3055, 1682, 1
-3123, -1106, 1
-3093, -457, 1
-3501, 2648, 1
-7200, 5048, 1
-7589, -2348, 1
-3334, 2154, 1
-3382, -746, 1
-2556, 4204, 1
-7590, 4541, 1
-7237, -882, 1
-8467, 1366, 1
-3577, 1960, 1
-6944, -3157, 1
-2899, -110, 1
-7830, 3229, 1
-3557, 2062, 1
-3043, -1053, 1
-2925, -712, 1
-2781, -362, 1
-3162, 2635, 1
-3120, 53, 1
-8360, 1148, 1
-3283, -905, 1
-3067, 320, 1
-2208, -1649, 1
-3008, -1498, 1
-2692, -2151, 1
-3204, 2835, 1
-7549, 2707, 1
-3322, 1599, 1
-7010, 5593, 1
-2482, 4227, 1
-3273, 1491, 1
-3519, 97, 1
-2207, -1659, 1
-3167, 1520, 1
-7023, -3326, 1
-3353, -931, 1
-2814, -385, 1
-3188, 3584, 1
-7415, -2083, 1
-2851, -1823, 1
-2752, 4103, 1
-3163, -1401, 1
-3024, 832, 1
-3246, 2131, 1
-3062, 3533, 1
-2904, 2354, 1
-3283, 539, 1
-3211, 2266, 1
-3198, -1433, 1
-7271, -1070, 1
-2950, -812, 1
-3538, 2225, 1
-3036, -147, 1
-2872, -2009, 1
-2796, -373, 1
-2976, 441, 1
-2760, -2003, 1
-3116, 2715, 1
-2783, -472, 1
-3268, 3296, 1
-7336, -1147, 1
-7646, -601, 1
-2937, -1827, 1
-3038, -620, 1
-3749, 472, 1
-3396, 1797, 1
-3010, 290, 1
-7153, -1209, 1
-3593, -86, 1
-3289, 2354, 1
-7183, 2865, 1
-3302, 2840, 1
-2446, -2263, 1
-3522, 2848, 1
-3103, -999, 1
-7191, 3175, 1
-7643, 2757, 1
-3441, 1645, 1
-8299, 1324, 1
-3048, 2830, 1
-3265, 2155, 1
-3168, 2467, 1
-7439, 2956, 1
-3327, 3109, 1
-6930, 5526, 1
-2965, 1710, 1
-3469, -759, 1
-7738, -1843, 1
-2040, -1890, 1
-2975, 2022, 1
-2113, 3854, 1
-2138, 3876, 1
-2906, 2877, 1
-3173, -686, 1
-7650, 3938, 1
-7267, 2850, 1
-3358, 2081, 1
-3719, 1869, 1
-7215, 5256, 1
-2817, 4094, 1
-3061, 411, 1
-3618, 242, 1
-7748, 3408, 1
-7407, -2104, 1
-7613, -2080, 1
-8386, 1013, 1
-3121, 2772, 1
-3186, 1592, 1
-3680, 238, 1
-2454, -2217, 1
-1966, -1992, 1
-6867, -3380, 1
-3238, 1764, 1
-3375, 2714, 1
-8041, 1176, 1
-3623, -34, 1
-3009, -259, 1
-3554, 10, 1
-3454, 2041, 1
-7231, -3124, 1
-3165, 1916, 1
-2925, -1361, 1
-2773, -2224, 1
-3461, 2234, 1
-3239, -1171, 1
-3186, 3128, 1
-2838, 4056, 1
-3054, 2185, 1
-7637, -1160, 1
-3174, 2723, 1
-3614, 1650, 1
-3403, -465, 1
-7164, -1225, 1
-3621, 1765, 1
-3216, -930, 1
-3493, 2922, 1
-2998, -864, 1
-2770, 3879, 1
-3312, 480, 1
-3220, 150, 1
-3081, 2025, 1
-3006, -802, 1
-7881, -1807, 1
-3686, 1935, 1
-3598, 2087, 1
-7265, 3140, 1
-5991, 5378, 1
-7519, -839, 1
-7488, -685, 1
-8036, 3775, 1
-3198, 2416, 1
-3386, -556, 1
-3270, 2762, 1
-3297, -815, 1
-3362, 3175, 1
-7404, -2756, 1
-3565, 2463, 1
-3605, 2396, 1
-3012, 3194, 1
-2963, 64, 1
-3344, -806, 1
-7768, -1774, 1
-3523, 2243, 1
-7435, -1893, 1
-7245, 4744, 1
-7878, -1296, 1
-7403, 3440, 1
-3533, -453, 1
-7098, 2936, 1
-3107, 2615, 1
-2967, 324, 1
-3023, 3241, 1
-2591, -2015, 1
-3570, 2317, 1
-7262, -1010, 1
-3110, -95, 1
-8149, 941, 1
-3582, -291, 1
-7721, 3877, 1
-7441, 3364, 1
-7194, -1064, 1
-3174, -1277, 1
-7832, 3795, 1
-3453, 2708, 1
-3595, 205, 1
-3155, 1765, 1
-6959, 5308, 1
-3320, -106, 1
-3107, -685, 1
-7635, 2958, 1
-2913, -983, 1
-2839, -953, 1
-3355, 3262, 1
-3269, 3163, 1
-2807, 4037, 1
-3561, 2388, 1
-3136, -563, 1
-7483, 3763, 1
-3305, -644, 1
-3568, 2449, 1
-3033, 3551, 1
-6022, -3390, 1
-3004, 2989, 1
-3524, -143, 1
-3141, -1352, 1
-3218, 575, 1
-3275, 354, 1
-7445, -2162, 1
-6092, 5467, 1
-2995, 3675, 1
-2744, 2855, 1
-2986, 1963, 1
-7805, -1290, 1
-2786, -1625, 1
-3194, 9, 1
-3328, -143, 1
-3200, -738, 1
-3299, -854, 1
-7470, 4232, 1
-3187, -1306, 1
-3469, -427, 1
-3359, 1856, 1
-3126, 2953, 1
-3148, 159, 1
-3581, 2653, 1
-3057, 2195, 1
-7121, -2763, 1
-3522, -37, 1
-3744, 94, 1
-3016, -363, 1
-3011, 3890, 1
-7837, 935, 1
-2857, 2539, 1
-2953, -1558, 1
-3287, 1702, 1
-2958, 210, 1
-3482, 2077, 1
-3335, -1101, 1
-3086, 108, 1
-2655, 2844, 1
-2703, -1758, 1
-7248, -3083, 1
-3380, 2127, 1
-3115, -1024, 1
-3639, 2305, 1
-2894, 2803, 1
-3338, 124, 1
-3615, 2421, 1
-3026, 1566, 1
-3282, 349, 1
-7508, 1254, 1
-2855, 2488, 1
-2839, -469, 1
-3140, -1438, 1
-7611, 4387, 1
-3040, 1289, 1
-3206, 3530, 1
-7485, 4589, 1
-7364, -2301, 1
-2995, -1901, 1
-3488, 195, 1
-7422, 3081, 1
-3026, 188, 1
-3496, -554, 1
-7804, 3307, 1
-7012, 5594, 1
-2582, 4019, 1
-2927, 128, 1
-3499, 2106, 1
-2896, -1708, 1
-7042, -1143, 1
-7440, -1253, 1
-2910, -1901, 1
-3680, -73, 1
-7360, 4129, 1
-3002, -1076, 1
-2968, 3881, 1
-8125, 1146, 1
-3444, -661, 1
-3529, 1926, 1
-3475, 1551, 1
-7316, 4934, 1
-7158, -860, 1
-7158, 2904, 1
-7819, -1070, 1
-3124, -216, 1
-2901, -898, 1
-7369, -2962, 1
-2890, 2178, 1
-7833, -1899, 1
-2907, 2621, 1
-2634, 4192, 1
-3415, -759, 1
-3257, -177, 1
-2997, 2881, 1
-3458, -883, 1
-3584, 280, 1
-3537, 1839, 1
-7798, 3774, 1
-3168, -390, 1
-3017, 3494, 1
-3012, 2942, 1
-2796, -1831, 1
-2517, -2276, 1
-3388, 408, 1
-3584, 287, 1
-3440, 2596, 1
-2077, 4015, 1
-3018, 3526, 1
-3410, -1002, 1
-2762, -418, 1
-7503, 3382, 1
-3125, 2376, 1
-2960, 449, 1
-3512, 2616, 1
-3275, 1692, 1
-2864, -2054, 1
-2868, -1411, 1
-2995, 3365, 1
-2791, 4262, 1
-3001, 3635, 1
-3499, -187, 1
-2946, -1558, 1
-2678, -2250, 1
-3253, -237, 1
-2808, 2506, 1
-2167, -1845, 1
-3013, -1827, 1
-3235, 3340, 1
-2559, 4211, 1
-3162, 1647, 1
-2974, 671, 1
-2905, 2469, 1
-7389, -2516, 1
-7137, 4661, 1
-3078, 1545, 1
-3017, 2881, 1
-3421, 1658, 1
-3308, -16, 1
-7441, -1542, 1
-2779, 3900, 1
-7829, 3413, 1
-7127, 3270, 1
-3339, 2893, 1
-2996, 124, 1
-3588, -232, 1
-7343, 3221, 1
-3393, 2845, 1
-2052, 4008, 1
-3041, 2325, 1
-3484, -410, 1
-3003, 3861, 1
-3017, -26, 1
-3719, 348, 1
-2957, -250, 1
