-3011, 3136, 1
-7731, 3211, 1
-3340, 420, 1
-3574, 47, 1
-3005, 2675, 1
-2758, 4116, 1
-3065, -12, 1
-6185, 5106, 1
-3379, 2044, 1
-3120, -545, 1
-2999, -1447, 1
-3194, 3289, 1
-8075, 1134, 1
-6867, 5669, 1
-6503, -2472, 1
-2748, 4301, 1
-7427, -1194, 1
-7673, -836, 1
-3225, 2774, 1
-3373, -112, 1
-2898, -775, 1
-7333, -2793, 1
-2969, 1802, 1
-6479, -2520, 1
-3346, 1514, 1
-3031, 1853, 1
-7221, 4871, 1
-2676, -1992, 1
-7448, 3480, 1
-3020, 1593, 1
-7230, 4900, 1
-7526, 2941, 1
-3150, 17, 1
-3085, 6, 1
-2915, -510, 1
-3275, -961, 1
-3437, -791, 1
-3299, -1031, 1
-3461, -523, 1
-2963, -59, 1
-6012, 5357, 1
-3460, 2013, 1
-3328, 135, 1
-3304, 1427, 1
-7696, 3488, 1
-3507, -369, 1
-2992, -46, 1
-3012, 594, 1
-2763, 3986, 1
-2890, -346, 1
-2919, -1650, 1
-6225, 5146, 1
-3431, -592, 1
-3072, -1251, 1
-6447, 4700, 1
-7811, -1764, 1
-7632, 2770, 1
-7483, -1113, 1
-3575, 2066, 1
-2081, 4075, 1
-3397, -442, 1
-3733, 1801, 1
-2783, 4154, 1
-3312, -905, 1
-3637, 1018, 1
-2827, 2763, 1
-2735, -1896, 1
-3201, -1348, 1
-3549, 274, 1
-3693, 1722, 1
-3016, 2628, 1
-2984, 444, 1
-2974, 614, 1
-3614, -103, 1
-7995, 1104, 1
-3505, 541, 1
-2836, 2951, 1
-2908, -581, 1
-7107, -1217, 1
-7833, 4006, 1
-5926, -3398, 1
-3333, 2770, 1
-7189, 4906, 1
-2674, 2875, 1
-7659, 4290, 1
-3545, 2161, 1
-3268, 502, 1
-2907, -1756, 1
-2163, -1712, 1
-7009, 5591, 1
-7463, -2077, 1
-3623, 1731, 1
-2781, -897, 1
-7261, 3078, 1
-3091, -1208, 1
-3364, -467, 1
-7234, -2893, 1
-3176, -89, 1
-3379, 2919, 1
-2769, 2512, 1
-7272, -1124, 1
-7197, -1104, 1
-3321, 535, 1
-2537, 4186, 1
-3120, 1553, 1
-3227, 2304, 1
-3281, 483, 1
-3084, 2106, 1
-3426, -261, 1
-8351, 943, 1
-5924, 5465, 1
-3480, -40, 1
-3351, 2722, 1
-2823, 2724, 1
-3313, 1662, 1
-7163, -745, 1
-3055, -1506, 1
-2874, 2545, 1
-3676, 1023, 1
-2922, 1979, 1
-3734, 1126, 1
-3052, -869, 1
-2965, 3998, 1
-2990, 2229, 1
-2770, -2144, 1
-3763, 175, 1
-2612, -2048, 1
-3062, 2558, 1
-3316, 2400, 1
-3463, -944, 1
-2871, -1493, 1
-7207, 5036, 1
-7932, 872, 1
-3062, -303, 1
-7196, 5062, 1
-2692, 4099, 1
-2750, 3713, 1
-7238, -690, 1
-7330, 4483, 1
-3498, 447, 1
-3091, 2027, 1
-3115, -836, 1
-2703, -2212, 1
-3735, 947, 1
-3131, -1597, 1
-2951, 2582, 1
-3784, 952, 1
-7373, -2659, 1
-6125, -3135, 1
-2818, 4183, 1
-3626, 2196, 1
-7304, -2323, 1
-3192, 1603, 1
-7675, -878, 1
-6988, 5424, 1
-3066, -551, 1
-3536, 375, 1
-6116, -3314, 1
-6997, 5193, 1
-7325, 5119, 1
-3438, 228, 1
-7586, 2265, 1
-2987, 1283, 1
-3629, 1651, 1
-3145, -900, 1
-2663, -766, 1
-3099, 2528, 1
-3335, 1777, 1
-3473, -787, 1
-3688, 1933, 1
-3481, -108, 1
-7347, -846, 1
-3800, 1529, 1
-2980, -821, 1
-3094, 2824, 1
-3453, 198, 1
-7660, 2998, 1
-7851, -1813, 1
-3141, 3349, 1
-7902, 3976, 1
-3088, -345, 1
-2899, -2003, 1
-2579, -2157, 1
-3295, 3004, 1
-3487, 1693, 1
-7580, 3554, 1
-3184, -1332, 1
-3157, -646, 1
-3149, -71, 1
-3121, 3488, 1
-2820, 2741, 1
-7708, -1259, 1
-7663, 3625, 1
-2912, 143, 1
-7698, -1990, 1
-3459, 223, 1
-7792, 3343, 1
-7484, -1027, 1
-7326, -2588, 1
-3482, -473, 1
-3100, 3721, 1
-3557, -482, 1
-3269, -211, 1
-3010, -442, 1
-2589, 4261, 1
-3620, 53, 1
-3117, -443, 1
-8271, 1144, 1
-2759, 2485, 1
-2493, -2291, 1
-7788, -1431, 1
-3669, -25, 1
-7251, 2754, 1
-3487, 5, 1
-7195, -1272, 1
-2089, -1953, 1
-3436, 227, 1
-3423, 2243, 1
-3242, -834, 1
-2110, 3896, 1
-7454, -1334, 1
-2817, 2703, 1
-6177, 5269, 1
-3177, 424, 1
-3094, 2262, 1
-7436, 4015, 1
-3266, -203, 1
-7492, 4609, 1
-3089, 483, 1
-7403, -2201, 1
-7115, -771, 1
-3523, -155, 1
-3771, 927, 1
-3151, -788, 1
-7250, 4965, 1
-7890, -1524, 1
-7561, -2081, 1
-3168, 2300, 1
-2917, -1727, 1
-3224, 1629, 1
-3131, 202, 1
-7785, -1769, 1
-8260, 479, 1
-2846, 3972, 1
-3448, 1795, 1
-2059, -1960, 1
-3418, 1973, 1
-7766, -1438, 1
-7354, -1089, 1
-3050, 326, 1
-3485, 460, 1
-2895, -381, 1
-3253, -1280, 1
-7221, 4905, 1
-3340, -673, 1
-2479, 4294, 1
-2887, -1422, 1
-7263, 4933, 1
-3015, -546, 1
-2819, 2641, 1
-6880, 5516, 1
-7641, -1639, 1
-3105, 2840, 1
-3078, -1155, 1
-8331, 1015, 1
-3279, 396, 1
-3618, 2271, 1
-2718, -1806, 1
-3369, 3092, 1
-3156, 456, 1
-2896, -399, 1
-3053, 78, 1
-3750, 1049, 1
-3155, -866, 1
-3094, -106, 1
-2796, -1590, 1
-2702, -695, 1
-3323, 505, 1
-3355, 2772, 1
-7420, 2901, 1
-2809, 2717, 1
-2694, -738, 1
-2898, -551, 1
-3678, 199, 1
-2877, 2661, 1
-3165, -1236, 1
-3018, 2126, 1
-3217, 296, 1
-2938, -270, 1
-3488, 263, 1
-3148, 2056, 1
-7737, -1041, 1
-7458, -646, 1
-3221, -1235, 1
-3441, 2261, 1
-2937, 3088, 1
-7550, 3166, 1
-7657, 3475, 1
-3191, -121, 1
-3376, 2213, 1
-3045, -914, 1
-3632, 156, 1
-3181, 3625, 1
-2823, 2750, 1
-3569, 520, 1
-2744, -2226, 1
-2986, -904, 1
-7378, 4627, 1
-3267, 3126, 1
-7127, -3265, 1
-3013, 410, 1
-3383, 2896, 1
-2889, 2032, 1
-2892, -332, 1
-2831, -759, 1
-3005, 90, 1
-2613, 4258, 1
-3104, 3353, 1
-2099, 3914, 1
-3183, 2475, 1
-3275, 1796, 1
-2750, 4046, 1
-3050, 2549, 1
-7560, -1346, 1
-7386, -1350, 1
-3449, 2472, 1
-7810, 3567, 1
-2924, 3541, 1
-2912, -82, 1
-8168, 1016, 1
-3272, 2802, 1
-3061, -1763, 1
-2932, 2006, 1
-2961, 1691, 1
-2728, 4297, 1
-3029, 1821, 1
-2936, 271, 1
-2898, 3511, 1
-3341, -931, 1
-6054, 5297, 1
-3094, 2396, 1
-2081, 4039, 1
-2915, 3078, 1
-3016, 528, 1
-3554, 1649, 1
-8050, 896, 1
-2944, 2774, 1
-7115, 5179, 1
-3155, -976, 1
-3486, 2282, 1
-7324, 3920, 1
-2952, -1478, 1
-3517, 2325, 1
-3236, 2497, 1
-3182, 2198, 1
-2912, 2832, 1
-2990, 2823, 1
-2962, 3772, 1
-6963, -2930, 1
-7642, 3142, 1
-3617, -413, 1
-7177, 4685, 1
-3011, 3049, 1
-2696, 2739, 1
-2951, 3853, 1
-2594, 4295, 1
-7462, -2763, 1
-3137, 1180, 1
-2691, -2182, 1
-3129, 298, 1
-2916, -547, 1
-7139, -840, 1
-3614, -363, 1
-3506, 1550, 1
-3236, 3310, 1
-3054, 3551, 1
-2751, 4225, 1
-3076, 1589, 1
-3553, -171, 1
-3351, -502, 1
-7712, -740, 1
-7661, -574, 1
-7927, -1801, 1
-7500, 4414, 1
-3040, 2662, 1
-3263, 361, 1
-2994, 1501, 1
-7483, 4146, 1
-2717, 2603, 1
-3022, 1364, 1
-7640, 4219, 1
-2926, -544, 1
-3295, -143, 1
-6258, -3052, 1
-3521, 1808, 1
-7283, -3075, 1
-6340, -2881, 1
-2872, -1691, 1
-8020, 944, 1
-3330, 167, 1
-3021, 2022, 1
-2676, -2002, 1
-3039, 1784, 1
-3213, 2863, 1
-3088, 2782, 1
-3296, 309, 1
-7928, -1456, 1
-7344, 4841, 1
-3134, -171, 1
-3689, 1928, 1
-2987, 1330, 1
-3132, 2112, 1
-3283, -1151, 1
-3021, 1610, 1
-7425, -771, 1
-3195, 1982, 1
-7538, 3545, 1
-7820, 1122, 1
-2059, 3844, 1
-2998, 1724, 1
-3340, 1918, 1
-2947, -731, 1
-3247, 59, 1
-2780, 3801, 1
-7331, 3882, 1
-3597, 2307, 1
-2732, 4343, 1
-6966, 5519, 1
-7413, 4364, 1
-2718, -766, 1
-3234, 40, 1
-3559, 286, 1
-3200, 2260, 1
-2787, 2481, 1
-3698, 1706, 1
-3581, 1717, 1
-2624, -1935, 1
-3044, -1269, 1
-7426, 4677, 1
-3295, -889, 1
-8407, 1655, 1
-3586, -276, 1
-3066, -1116, 1
-3382, -688, 1
-3057, -396, 1
-7151, -2994, 1
-3069, 1742, 1
-3352, 1661, 1
-3053, 273, 1
-7441, 3999, 1
-3108, 2719, 1
-3377, 80, 1
-2992, 2475, 1
-3112, 2457, 1
-7676, -1524, 1
-3433, -935, 1
-2751, 2573, 1
-2961, 3849, 1
-7691, -1344, 1
-3169, -2, 1
-2828, 2881, 1
-3299, -782, 1
-2871, -1451, 1
-2899, 28, 1
-3088, 329, 1
-2950, -1664, 1
-3392, 2695, 1
-2578, -2027, 1
-3426, -302, 1
-7388, -1242, 1
-7719, -2139, 1
-3627, -378, 1
-7319, 4408, 1
-2038, 4067, 1
-2940, -1406, 1
-3033, 2362, 1
-7683, 2685, 1
-7106, -3205, 1
-2954, 281, 1
-7940, 767, 1
-3294, -236, 1
-2791, -603, 1
-7106, 2924, 1
-2872, -1568, 1
-6086, -3304, 1
-3374, 2050, 1
-3003, -778, 1
-2733, -783, 1
-3319, -897, 1
-3741, 1573, 1
-7294, -2815, 1
-3100, 3163, 1
-3189, 2417, 1
-7187, -1724, 1
-3506, 34, 1
-3046, -469, 1
-3432, 2549, 1
-2997, -881, 1
-3568, 417, 1
-3031, 1593, 1
-7682, -2200, 1
-3012, -1754, 1
-7239, -790, 1
-7307, 2822, 1
-3350, 277, 1
-3176, 2209, 1
-3088, -849, 1
-3012, 656, 1
-3258, 330, 1
-2945, -493, 1
-3099, 3663, 1
-3159, 406, 1
-7464, -1893, 1
-2670, 4082, 1
-7599, 3997, 1
-3128, -139, 1
-2085, 3885, 1
-7264, -2930, 1
-3078, 207, 1
-3496, 2709, 1
-3566, -465, 1
-7424, -1476, 1
-2894, -130, 1
-7573, 2955, 1
-3428, 1487, 1
-3306, 2348, 1
-3072, 2035, 1
-7392, -1900, 1
-3134, 3012, 1
-2846, -135, 1
-2923, 137, 1
-7400, -2282, 1
-7873, -1589, 1
-2925, -697, 1
-7408, -1112, 1
-2806, -274, 1
-2750, 2705, 1
-3475, 206, 1
-2908, 2181, 1
-2788, 4117, 1
-7585, 3944, 1
-2901, -737, 1
-7812, -1458, 1
-3274, 494, 1
-6958, -3594, 1
-3114, 1574, 1
-2789, 2933, 1
-3287, 71, 1
-2827, -223, 1
-3054, 3785, 1
-2660, -1857, 1
-2672, -728, 1
-3499, 2465, 1
-3541, -654, 1
-2940, 254, 1
-2972, -1769, 1
-2844, 2677, 1
-7395, -907, 1
-3445, 2953, 1
-7810, 3473, 2
-7670, -2273, 1
-2825, 3804, 1
-3628, -118, 1
-3420, 1819, 1
-3297, 2178, 1
-3193, 328, 1
-2968, 2965, 1
-7826, -1430, 1
-2927, 3442, 1
-7557, -1860, 1
-3089, -548, 1
-2981, -1505, 1
-3018, 2228, 1
-3383, 3000, 1
-3047, 3326, 1
-3610, 2370, 1
-3140, 3676, 1
-8315, 1168, 1
-3139, 1466, 1
-3604, 321, 1
-2928, -1743, 1
-3314, -592, 1
-3254, -890, 1
-3280, -1289, 1
-7712, 2974, 1
-7678, 2866, 1
-3465, 440, 1
-7729, 3110, 1
-3586, 255, 1
-3485, 2388, 1
-7773, 3041, 1
-7507, 3657, 1
-3576, -7, 1
-3338, -534, 1
-3153, -651, 1
-3106, 729, 1
-7684, 3723, 1
-3253, -1085, 1
-6067, 5345, 1
-2192, -1670, 1
-7749, -1913, 1
-7391, -1457, 1
-2827, -1815, 1
-3333, -203, 1
-2951, 2436, 1
-7301, 4735, 1
-2037, -2058, 1
-2996, -861, 1
-3361, 446, 1
-3619, 2394, 1
-3398, 256, 1
-2207, 3671, 1
-7434, -2563, 1
-6199, -3213, 1
-2900, 3560, 1
-2840, 3543, 1
-7522, 4640, 1
-2660, 2817, 1
-3158, -614, 1
-3328, 1542, 1
-3094, 2503, 1
-7657, 3072, 1
-3366, 3250, 1
-3496, 1917, 1
-2556, 4170, 1
-6950, -3022, 1
-3057, -1237, 1
-3106, 1708, 1
-2797, -659, 1
-2919, 3753, 1
-2957, 2495, 1
-7902, -1734, 1
-3713, 1043, 1
-3466, 32, 1
-3414, 2691, 1
-2624, 4371, 1
-3066, -481, 1
-2041, -2062, 1
-3008, 2966, 1
-3358, 2417, 1
-2854, -1625, 1
-2957, 353, 1
-3005, 3855, 1
-3436, 2208, 1
-2153, -1669, 1
-2999, 1993, 1
-2680, -2335, 1
-8453, 689, 1
-3240, 260, 1
-3018, -57, 1
-3421, -725, 1
-2753, -1874, 1
-3213, 393, 1
-7569, -1483, 1
-3052, 1223, 1
-3137, -243, 1
-3495, -149, 1
-7624, -1514, 1
-3531, -634, 1
-2851, -1847, 1
-3553, 2108, 1
-2906, -836, 1
-7107, 2820, 1
-3491, 484, 1
-2955, 419, 1
-3517, 86, 1
-2897, 2817, 1
-3387, -131, 1
-2957, 3397, 1
-3081, -838, 1
-3667, 1721, 1
-2965, 2285, 1
-2717, -2044, 1
-3251, 2192, 1
-3478, 1019, 1
-2614, -1962, 1
-2575, -2321, 1
-3133, -855, 1
-3427, 2982, 1
-7362, -2195, 1
-3056, -1596, 1
-3041, 3238, 1
-3015, -24, 1
-3668, 317, 1
-7349, 3023, 1
-3566, 2455, 1
-3758, 1165, 1
-3174, -1217, 1
-2960, 2678, 1
-3397, 2287, 1
-2951, 2758, 1
-2770, -772, 1
-3275, -118, 1
-6244, 5098, 1
-3432, -473, 1
-2952, 2521, 1
-2994, -1571, 1
-7140, -805, 1
-3191, 3055, 1
-3359, 1486, 1
-3476, 1863, 1
-2947, 2361, 1
-3356, 1606, 1
-3235, 3243, 1
-3545, -366, 1
-7676, -1892, 1
-3722, 1833, 1
-3400, 1527, 1
-7180, 5410, 1
-3121, 1691, 1
-3600, 1719, 1
-3071, 310, 1
-7394, 2951, 1
-3051, 2878, 1
-3470, -326, 1
-2100, -1830, 1
-2933, -609, 1
-3486, 1868, 1
-7589, -1929, 1
-2966, 3769, 1
-7883, 1278, 1
-6327, -2847, 1
-7630, 4447, 1
-2906, -1713, 1
-3024, 828, 1
-2725, 4057, 1
-7617, -1693, 1
-3201, 527, 1
-2877, 2709, 1
-2764, 2676, 1
-2144, 3953, 1
-3195, 3517, 1
-3238, -1228, 1
-2752, 2557, 1
-3590, 83, 1
-2701, 4374, 1
-3199, 2933, 1
-7396, -2322, 1
-3484, 2335, 1
-7416, -2078, 1
-3413, -1074, 1
-3137, 1687, 1
-7635, -1788, 1
-2657, -2104, 1
-3364, -193, 1
-3125, 2398, 1
-3110, 1635, 1
-2793, 3907, 1
-3023, 3347, 1
-2828, 4107, 1
-2437, -2225, 1
-7195, 2968, 1
-1945, -1949, 1
-8084, 1146, 1
-7231, -1011, 1
-3493, 1805, 1
-7079, -951, 1
-3219, -1418, 1
-7545, 3257, 1
-3241, 1449, 1
-7360, 3291, 1
-3256, 298, 1
-3196, -599, 1
-7389, -1730, 1
-3523, -563, 1
-3428, 128, 1
-2695, 4219, 1
-7864, -1262, 1
-7304, -1199, 1
-2039, 3923, 1
-2075, -2064, 1
-3338, -1103, 1
-3038, 2015, 1
-7281, -1022, 1
-2910, 3046, 1
-3064, 2534, 1
-3679, 1595, 1
-6537, 4417, 1
-7453, -1773, 1
-7774, -1308, 1
-3085, 1287, 1
-3167, -168, 1
-3457, 2478, 1
-2927, 2227, 1
-2747, 2660, 1
-3300, 3219, 1
-2947, 15, 1
-3008, -540, 1
-3309, 317, 1
-8063, 1109, 1
-7071, -3058, 1
-3501, -676, 1
-3454, -593, 1
-7033, 5002, 1
-7594, 4313, 1
-2954, 282, 1
-3573, -40, 1
-2103, 3792, 1
-7814, 3949, 1
-3159, 2744, 1
-2514, 4332, 1
-3090, 2445, 1
-7691, 3098, 1
-3027, 1671, 1
-7794, -1837, 1
-3067, 3070, 1
-2983, 2620, 1
-3603, 413, 1
-3241, 2780, 1
-8462, 718, 1
-3364, 1560, 1
-3513, 2870, 1
-6959, 5144, 1
-3139, 2016, 1
-7454, 4260, 1
-3030, 494, 1
-3594, 1524, 1
-2779, 3971, 1
-2933, -1969, 1
-7260, 5113, 1
-7669, -736, 1
-3305, -721, 1
-3280, 2721, 1
-7331, 4919, 1
-3329, 2713, 1
-5986, 5433, 1
-2973, 3127, 1
-3301, 306, 1
-2897, 2498, 1
-3549, -624, 1
-2524, -2181, 1
-2051, -2047, 1
-2899, 3034, 1
-3178, 4, 1
-3277, 2001, 1
-3232, -1096, 1
-3112, 3504, 1
-3196, 186, 1
-7298, 3061, 1
-3307, -1130, 1
-2900, -41, 1
-3565, 2046, 1
-3296, 2001, 1
-7259, 4338, 1
-3408, 333, 1
-3394, -1042, 1
-7132, -788, 1
-7877, 3550, 1
-2877, 2543, 1
-3714, 2138, 1
-3129, -824, 1
-3050, 526, 1
-7559, 3855, 1
-3154, -43, 1
-3201, 3347, 1
-2609, 4255, 1
-2995, -365, 1
-7685, -1730, 1
-3188, 2850, 1
-7519, -1798, 1
-7246, -833, 1
-7430, 4186, 1
-3294, -761, 1
-3242, -556, 1
-2670, -767, 1
-2778, 4161, 1
-3454, -21, 1
-3250, -992, 1
-3095, -536, 1
-3733, 1043, 1
-7560, 2536, 1
-2832, -1624, 1
-2948, 3449, 1
-3653, 218, 1
-3031, 3856, 1
-6226, 5107, 1
-3050, -332, 1
-6036, 5369, 1
-3632, 1630, 1
-7073, -1153, 1
-7647, 2695, 1
-2905, -832, 1
-6229, 5039, 1
-7346, 4135, 1
-7054, 3037, 1
-2774, 4276, 1
-2439, 4272, 1
-2807, 4077, 1
-3698, 404, 1
-3001, -1878, 1
-7544, 3474, 1
-3424, 2276, 1
-3192, 1957, 1
-3662, -113, 1
-3071, 514, 1
-3502, 2571, 1
-3488, 1728, 1
-3498, 407, 1
-2744, -1904, 1
-3203, -267, 1
-2459, 4241, 1
-3045, 1379, 1
-6292, -2955, 1
-3367, 2337, 1
-2797, -1638, 1
-2958, -1876, 1
-2652, -2259, 1
-8319, 1118, 1
-2577, -2337, 1
-7327, 3028, 1
-7261, 4770, 1
-2906, 3860, 1
-3074, 3576, 1
-7143, 5019, 1
-7127, -804, 1
-3152, -407, 1
-2947, 297, 1
-2897, -1437, 1
-3264, -1113, 1
-7432, 3377, 1
-2986, -215, 1
-3235, -373, 1
-3285, 1498, 1
-7307, 4533, 1
-3170, 3090, 1
-3399, -374, 1
-6248, -2920, 1
-2636, 4187, 1
-3470, 2419, 1
-8007, 3852, 1
-2943, -77, 1
-2920, 2338, 1
-3229, 562, 1
-7440, 4459, 1
-7220, -1097, 1
-3494, -771, 1
-3410, 3001, 1
-2182, 3858, 1
-3675, -9, 1
-7792, 3909, 1
-7111, 2855, 1
-7700, 3387, 1
-3110, 3318, 1
-3082, -1243, 1
-3130, 1579, 1
-7207, -757, 1
-3064, 2599, 1
-3171, 425, 1
-3078, -1260, 1
-3124, 2447, 1
-3477, -117, 1
-3612, 2302, 1
-2945, 258, 1
-2722, -1887, 1
-3352, 102, 1
-3086, 515, 1
-3583, 2039, 1
-2978, 254, 1
-2986, 950, 1
-3072, 395, 1
-8429, 1543, 1
-7687, 3338, 1
-3599, 515, 1
-7616, -1339, 1
-2769, 2617, 1
-7482, -1208, 1
-3165, -281, 1
-2716, 2781, 1
-3550, 2090, 1
-6884, -3554, 1
-2977, 2254, 1
-7649, 4309, 1
-7403, 3614, 1
-7070, 5033, 1
-3381, -520, 1
-7539, -2116, 1
-3121, 3235, 1
-7174, 3065, 1
-7622, -1180, 1
-2514, 4169, 1
-6300, 5068, 1
-7267, -1058, 1
-7194, -3346, 1
-7725, 3052, 1
-3192, 609, 1
-2877, 2281, 1
-7881, 858, 1
-2949, 3487, 1
-3185, -763, 1
-2860, 2428, 1
-3278, -381, 1
-7396, 5012, 1
-3425, 2582, 1
-3458, -666, 1
-2958, 3374, 1
-3134, -1605, 1
-2942, -1463, 1
-2684, -2221, 1
-3439, -32, 1
-3035, -1299, 1
-3163, 2833, 1
-7244, -2300, 1
-7611, -1279, 1
-2881, 2539, 1
-3447, 1437, 1
-3110, 660, 1
-3372, 1563, 1
-2848, -614, 1
-3556, 1827, 1
-7551, -1761, 1
-3383, -525, 1
-2931, 2762, 1
-3521, 1919, 1
-2174, 3881, 1
-3091, -1449, 1
-3292, -1037, 1
-2972, -1921, 1
-3119, -1352, 1
-3223, 1937, 1
-7655, 4329, 1
-8399, 1558, 1
-2676, -1808, 1
-6175, 5268, 1
-2927, 113, 1
-3265, 2021, 1
-1992, 4047, 1
-2883, 2832, 1
-3720, 501, 1
-3664, 344, 1
-2901, 56, 1
-3404, 219, 1
-8059, 761, 1
-7504, -2313, 1
-2991, -646, 1
-2892, 4007, 1
-2189, -1686, 1
-2212, -1701, 1
-2240, -1636, 1
-3521, 1991, 1
-7629, -1898, 1
-3628, 1890, 1
-7692, -1094, 1
-3127, -473, 1
-3124, 1572, 1
-3553, -608, 1
-3327, 237, 1
-2798, 2772, 1
-2999, 3754, 1
-3303, 1428, 1
-3303, 61, 1
-7392, -2922, 1
-3003, 1705, 1
-3260, -1225, 1
-6510, 4513, 1
-3015, -373, 1
-7592, -2381, 1
-3337, -1142, 1
-2977, 1577, 1
-3013, 1996, 1
-3079, 1626, 1
-3092, 3482, 1
-3003, -1753, 1
-2824, 2331, 1
-3067, 2764, 1
-2962, 1894, 1
-7768, -1804, 1
-3520, 2321, 1
-3704, 1085, 1
-3461, 1763, 1
-3373, 1861, 1
-7384, 3617, 1
-2994, 2083, 1
-2164, 3833, 1
-2051, 4014, 1
-2974, 195, 1
-3271, 1764, 1
-7382, 2839, 1
-3214, -1249, 1
-2743, 4135, 1
-7543, 2403, 1
-7019, 5329, 1
-7382, -2570, 1
-7268, 2747, 1
-3357, 2505, 1
-2998, -1585, 1
-3130, -317, 1
-3422, 534, 1
-3216, 2562, 1
-2965, 2405, 1
-7466, -2231, 1
-3103, 2843, 1
-7569, -1546, 1
-3260, 2982, 1
-7549, -2228, 1
-7629, -1960, 1
-7242, 2827, 1
-3101, 2438, 1
-3271, 340, 1
-3245, 435, 1
-2011, 4018, 1
-3129, 74, 1
-3052, -973, 1
-7274, 3951, 1
-2656, 4208, 1
-7856, -1741, 1
-2961, 578, 1
-7508, -995, 1
-7459, 4095, 1
-3129, -1434, 1
-3108, 205, 1
-2979, 1883, 1
-3011, -295, 1
-7556, 4524, 1
-3232, 1581, 1
-7719, -1273, 1
-7269, -1973, 1
-2910, -1941, 1
-2099, -1911, 1
-2891, -2016, 1
-3794, 496, 1
-3340, 1766, 1
-3409, 1811, 1
-3056, 610, 1
-2784, 2570, 1
-2217, 3676, 1
-7048, 3169, 1
-2592, -1958, 1
-3421, 1025, 1
-3092, 20, 1
-7274, 5243, 1
-2648, 4080, 1
-2970, -1429, 1
-2989, 498, 1
-3255, -92, 1
-7111, -723, 1
-7489, 2818, 1
-2894, -689, 1
-3136, -347, 1
-2938, 2408, 1
-1914, -2021, 1
-3000, 3324, 1
-2945, 2731, 1
-2791, 2900, 1
-3291, -570, 1
-7364, -2316, 1
-3249, 418, 1
-2897, 2260, 1
-3193, 1993, 1
-2666, -1973, 1
-3121, 13, 1
-7737, 3849, 1
-7912, 3507, 1
-3620, 306, 1
-3333, -968, 1
-3537, -120, 1
-3095, -36, 1
-7200, 4840, 1
-7469, 3193, 1
-3042, -1787, 1
-3042, 3230, 1
-3719, 233, 1
-3597, 244, 1
-3374, -577, 1
-3473, 133, 1
-2546, -2163, 1
-7464, 4848, 1
-7175, -952, 1
-7334, 3221, 1
-2197, 3704, 1
-6996, -3129, 1
-2720, -1778, 1
-3016, 2263, 1
-2753, -709, 1
-2890, -762, 1
-7536, -1796, 1
-2956, 3877, 1
-6215, -3021, 1
-3002, -348, 1
-7620, 3038, 1
-3569, 2707, 1
-3789, 1009, 1
-6385, -2824, 1
-2957, 1776, 1
-3114, 2627, 1
-3272, -706, 1
-3120, -1617, 1
-2984, -1752, 1
-2825, -1860, 1
-6090, 5469, 1
-7500, -1970, 1
-2679, -2120, 1
-7441, -2230, 1
-8323, 605, 1
-3127, 1183, 1
-6939, 5286, 1
-7553, 3275, 1
-7120, 5137, 1
-7208, 5021, 1
-3160, -761, 1
-3716, 2129, 1
-2811, -2037, 1
-2659, -2068, 1
-7313, -1844, 1
-5966, -3346, 1
-3441, 3002, 1
-2775, -2111, 1
-3092, 2189, 1
-2851, 2774, 1
-2135, 3782, 1
-3474, 2000, 1
-3105, -1368, 1
-8271, 875, 1
-7720, 2875, 1
-3440, 2792, 1
-2767, -446, 1
-3023, 1995, 1
-3320, -852, 1
-3197, 535, 1
-7707, -2147, 1
-3219, 2941, 1
-7235, 3269, 1
-2013, 4003, 1
-2833, 2613, 1
-3233, 2343, 1
-7145, 3148, 1
-2818, 2963, 1
-3039, 1215, 1
-7302, -2957, 1
-3313, 2357, 1
-7855, -1596, 1
-3167, 2795, 1
-2742, -582, 1
-3536, -647, 1
-2974, 2140, 1
-2537, 4260, 1
-2757, -646, 1
-3067, 702, 1
-3187, -849, 1
-3111, 1986, 1
-7093, 5312, 1
-2440, 4259, 1
-3376, 325, 1
-2928, 1902, 1
-3590, 2279, 1
-3532, 2482, 1
-2585, -2335, 1
-3004, 2965, 1
-7619, -1321, 1
-2899, 3447, 1
-2755, 2900, 1
-2861, 2369, 1
-7331, 3761, 1
-3268, 2244, 1
-6349, 4866, 1
-7848, -1735, 1
-3337, -1089, 1
-3265, -829, 1
-3022, -96, 1
-2989, 463, 1
-2460, 4310, 1
-7220, -898, 1
-3433, -956, 1
-7719, -2112, 1
-7809, 867, 1
-3208, -742, 1
-3351, -929, 1
-7706, 3504, 1
-6949, -3307, 1
-3353, 1844, 1
-7256, 4498, 1
-2933, -505, 1
-2864, 2891, 1
-1996, -1972, 1
-3042, 68, 1
-7866, -1529, 1
-2928, 2212, 1
-3172, 2707, 1
-3192, 390, 1
-2716, 3972, 1
-7807, 4049, 1
-3067, 3535, 1
-3375, 3084, 1
-2931, 241, 1
-2892, 31, 1
-2712, 4228, 1
-7937, 3885, 1
-7137, -783, 1
-7505, 3148, 1
-3312, 170, 1
-3057, 2266, 1
-3278, 1467, 1
-3548, 1584, 1
-7558, 3724, 1
-2078, 3831, 1
-3119, 1286, 1
-3667, 2049, 1
-2082, 3950, 1
-2749, -2185, 1
-3212, 2053, 1
-7295, -3035, 1
-3041, -1654, 1
-3698, 1812, 1
-3601, 2391, 1
-8356, 903, 1
-7672, -845, 1
-7582, 4472, 1
-1994, -1973, 1
-2941, 1888, 1
-7518, 4574, 1
-3319, 2225, 1
-2195, -1600, 1
-3327, 106, 1
-7138, 5510, 1
-2859, -1723, 1
-2954, -1078, 1
-2828, -531, 1
-3042, 2603, 1
-3603, 2588, 1
-7459, 3956, 1
-3241, 2185, 1
-2922, -880, 1
-7120, -866, 1
-2853, -2020, 1
-7709, 3031, 1
-2951, 2948, 1
-7173, 5347, 1
-3007, -1389, 1
-3180, -995, 1
-2831, 3609, 1
-3603, -473, 1
-3088, 2503, 1
-3435, 1927, 1
-3223, -149, 1
-3278, 1490, 1
-2862, 3555, 1
-2533, 4168, 1
-2572, -2326, 1
-3137, -28, 1
-3091, 1993, 1
-3272, 2019, 1
-3048, 3121, 1
-2704, -2329, 1
-3115, -62, 1
-7318, -2264, 1
-2685, -1903, 1
-3300, -574, 1
-7127, 5098, 1
-7478, 3997, 1
-2804, -392, 1
-8151, 1115, 1
-8408, 901, 1
-7135, 2819, 1
-3076, -789, 1
-7680, -555, 1
-3082, 472, 1
-7342, -1183, 1
-3610, 1767, 1
-7148, 3287, 1
-7523, -2318, 1
-7662, 3258, 1
-2636, 4100, 1
-3206, 3201, 1
-3313, -71, 1
-3471, 1934, 1
-7709, 782, 1
-3010, -1171, 1
-7522, 2847, 1
-7518, -137, 1
-3372, 2296, 1
-3209, 1987, 1
-3217, 145, 1
-3322, 358, 1
-2943, 3813, 1
-3041, 2070, 1
-3378, 99, 1
-3636, 531, 1
-2804, 3786, 1
-3161, 494, 1
-3345, -590, 1
-2836, -423, 1
-8347, 551, 1
-3062, 509, 1
-3265, 81, 1
-3133, 2690, 1
-3004, 2800, 1
-2907, 2876, 1
-7638, 3491, 1
-2793, 2702, 1
-2839, -1933, 1
-7467, -2192, 1
-3231, 267, 1
-2798, -1958, 1
-2260, 3555, 1
-3115, 111, 1
-7686, 3897, 1
-7875, 3529, 1
-2878, -1528, 1
-7655, 3176, 1
-3307, 462, 1
-3248, 2677, 1
-2921, -393, 1
-2633, -770, 1
-3310, 403, 1
-3375, 1454, 1
-3212, 3187, 1
-3106, 2602, 1
-2835, 2611, 1
-3172, 2961, 1
-2441, 4268, 1
-7787, -1025, 1
-2054, -2046, 1
-3597, 61, 1
-7276, 4812, 1
-7417, -1225, 1
-7423, -1900, 1
-7579, 4299, 1
-7261, -990, 1
-3524, 1666, 1
-3165, -1053, 1
-3412, 2460, 1
-3615, -57, 1
-3313, 3358, 1
-3281, 2966, 1
-3204, 3000, 1
-2970, 2720, 1
-2888, 2018, 1
-2982, 1297, 1
-7443, 3976, 1
-3361, -512, 1
-7742, 3787, 1
-3206, -995, 1
-3217, -1477, 1
-3410, 1770, 1
-2860, 2331, 1
-7103, -1125, 1
-7049, 5404, 1
-3342, 1554, 1
-2171, -1853, 1
-2827, -242, 1
-2879, 2970, 1
-2545, -2070, 1
-3283, 447, 1
-3406, 1553, 1
-3326, 1428, 1
-2993, -1882, 1
-3057, 3344, 1
-3027, 10, 1
-3275, 16, 1
-8435, 972, 1
-3430, -211, 1
-7942, 3662, 1
-7665, -1578, 1
-2673, -2048, 1
-2902, 2013, 1
-2860, 2890, 1
-2960, 3084, 1
-3576, 413, 1
-2823, 4066, 1
-3148, 2786, 1
-2950, 1640, 1
-2973, -439, 1
-2788, 4043, 1
-2601, 4134, 1
-6203, -3228, 1
-6407, 4702, 1
-7424, -1267, 1
-3136, 427, 1
-2946, 2403, 1
-3299, -1049, 1
-3683, 76, 1
-3141, 2363, 1
-3504, 485, 1
-3352, 1738, 1
-3549, 441, 1
-3291, -1284, 1
-3240, -1189, 1
-3403, 1702, 1
-2702, -684, 1
-2113, -2004, 1
-2913, 2457, 1
-3703, 66, 1
-3130, 3610, 1
-8001, 1189, 1
-3498, 1701, 1
-2825, 2456, 1
-3094, 3546, 1
-3136, -327, 1
-3237, 534, 1
-2567, -2073, 1
-2968, 204, 1
-2808, -2051, 1
-2817, -714, 1
-3566, -523, 1
-3456, 195, 1
-2788, 2923, 1
-7764, 3341, 1
-3622, 1914, 1
-3006, 574, 1
-7198, -948, 1
-7624, 3287, 1
-2732, -2289, 1
-2983, 3305, 1
-7606, -2075, 1
-2213, 3665, 1
-3656, 1662, 1
-3150, 2021, 1
-3204, 1700, 1
-7533, -757, 1
-3417, -964, 1
-7665, -587, 1
-2907, -284, 1
-3703, 28, 1
-7981, 764, 1
-2155, -1678, 1
-7650, 3431, 1
-7391, -1421, 1
-3226, 188, 1
-3386, 181, 1
-2889, 2662, 1
-2587, -2213, 1
-3409, -211, 1
-3079, 2206, 1
-7787, 4108, 1
-3324, 2013, 1
-7485, -2279, 1
-7279, -2900, 1
-7581, 3074, 1
-2943, 3802, 1
-3551, 1955, 1
-3263, 2935, 1
-3728, 980, 1
-3143, 3374, 1
-3695, 284, 1
-3116, -668, 1
-7532, -405, 1
-3040, -1841, 1
-3505, 191, 1
-7058, -2949, 1
-3374, 1470, 1
-2537, 4321, 1
-3165, 351, 1
-7395, -2864, 1
-3122, 2984, 1
-3101, 1843, 1
-7441, -1691, 1
-2065, -2071, 1
-3015, -231, 1
-3325, 343, 1
-7530, 1112, 1
-6017, 5419, 1
-3230, -699, 1
-7611, 872, 1
-2839, 3943, 1
-3063, 470, 1
-2783, 2648, 1
-3176, 1583, 1
-2737, 3847, 1
-3284, 489, 1
-3493, 2129, 1
-3215, -131, 1
-7250, 3191, 1
-2872, -1900, 1
-2727, -1969, 1
-3370, 2362, 1
-2894, -315, 1
-3742, 267, 1
-3229, 2850, 1
-3033, 212, 1
-3540, -218, 1
-7405, -1055, 1
-3151, -74, 1
-2985, 1434, 1
-3409, 2235, 1
-3273, -246, 1
-2893, 2610, 1
-3279, -710, 1
-3167, 277, 1
-2949, -359, 1
-2757, -731, 1
-3586, 71, 1
-3249, -1353, 1
-3303, 2977, 1
-3647, 2028, 1
-7395, 4712, 1
-6789, -3475, 1
-2956, 3753, 1
-3349, 2626, 1
-2846, 2696, 1
-8340, 489, 1
-2979, 3430, 1
-7486, 3777, 1
-7361, 2616, 1
-7082, 5265, 1
-2961, 2842, 1
-2867, -491, 1
-6246, 5152, 1
-2896, -782, 1
-7551, 3900, 1
-3588, -206, 1
-3672, -83, 1
-2990, -1699, 1
-3185, 3491, 1
-3037, 3514, 1
-7235, 5089, 1
-3093, -1114, 1
-7507, -1820, 1
-7690, -2170, 1
-2875, 2289, 1
-3040, -1327, 1
-3314, 444, 1
-7876, 3476, 1
-3441, 1947, 1
-7528, -1858, 1
-7823, 3793, 1
-3102, 2643, 1
-3301, -1159, 1
-2906, 75, 1
-2899, -989, 1
-3647, 408, 1
-7797, 3234, 1
-7285, -2284, 1
-5894, 5488, 1
-2594, 4155, 1
-7240, -3209, 1
-3182, 194, 1
-7199, 3245, 1
-2953, -1973, 1
-7074, 3051, 1
-3566, 477, 1
-3293, -820, 1
-3339, -1266, 1
-2967, 2572, 1
-7284, -2919, 1
-7044, 4839, 1
-3158, -982, 1
-7633, -1778, 1
-3167, 266, 1
-7191, -3255, 1
-2898, -557, 1
-6140, 5189, 1
-3294, 1546, 1
-3129, 3265, 1
-7158, 2918, 1
-3244, 3426, 1
-3110, -859, 1
-3634, 323, 1
-3283, -311, 1
-2974, 2574, 1
-3540, 2434, 1
-2735, -650, 1
-2856, 2788, 1
-3387, 199, 1
-3060, 3171, 1
-3002, 3109, 1
-3479, -690, 1
-7669, -1663, 1
-3414, 601, 1
-6376, -2855, 1
-2604, -1951, 1
-3300, 1717, 1
-7085, 5660, 1
-3219, -1495, 1
-3560, 2290, 1
-3540, -280, 1
-2988, 2108, 1
-3019, 570, 1
-2811, -2011, 1
-6181, -3003, 1
-2109, -1998, 1
-3350, 2448, 1
-3635, -208, 1
-2984, 2622, 1
-3216, 246, 1
-3260, -817, 1
-7134, -3031, 1
-6067, -3406, 1
-3403, 441, 1
-7889, 884, 1
-3035, 2774, 1
-3613, -340, 1
-7993, 1133, 1
-7499, -1666, 1
-3118, 3461, 1
-3526, -677, 1
-7301, -2868, 1
-2971, -660, 1
-2861, 3708, 1
-6943, 5526, 1
-3533, -769, 1
-7175, 4991, 1
-7519, -1189, 1
-3133, -305, 1
-6157, 5101, 1
-2000, -1994, 1
-6078, -3332, 1
-3078, -585, 1
-3344, -973, 1
-6120, 5295, 1
-2684, 3931, 1
-7188, 2920, 1
-3766, 241, 1
-3219, 1622, 1
-3045, 1599, 1
-7447, -994, 1
-3133, 845, 1
-2986, 3280, 1
-7160, -850, 1
-3395, -227, 1
-3079, -634, 1
-3119, 2747, 1
-2198, -1757, 1
-3706, 1924, 1
-3499, 2105, 1
-3422, 1894, 1
-3342, 32, 1
-2931, 2724, 1
-3397, 569, 1
-3051, 3597, 1
-8352, 1413, 1
-3111, 1433, 1
-8062, 760, 1
-3698, 239, 1
-3285, -457, 1
-6963, -3179, 1
-3455, -729, 1
-7164, -1261, 1
-2908, -1545, 1
-3319, -763, 1
-7704, 3822, 1
-2796, -438, 1
-3028, -1500, 1
-3533, 534, 1
-3506, 2610, 1
-3044, -1345, 1
-2760, 2549, 1
-3255, -924, 1
-3643, 1599, 1
-2995, -1357, 1
-3201, 2312, 1
-7395, 3956, 1
-7440, -1634, 1
-2930, -889, 1
-7250, 2974, 1
-3024, -379, 1
-7938, -1714, 1
-7408, -2085, 1
-7852, -1364, 1
-2040, 4131, 1
-3555, 2481, 1
-3693, 360, 1
-7282, -2939, 1
-7461, -779, 1
-3028, 3536, 1
-2954, 2898, 1
-3230, 43, 1
-2794, 2595, 1
-2774, 4251, 1
-2879, 2218, 1
-7559, -2205, 1
-3297, 1672, 1
-3696, 1923, 1
-2896, 2541, 1
-7275, 3009, 1
-3632, 2240, 1
-7350, -2773, 1
-3317, -583, 1
-7635, 2586, 1
-2169, -1820, 1
-3048, 1304, 1
-2948, 3576, 1
-8410, 878, 1
-3711, 999, 1
-7821, -1882, 1
-3469, 1728, 1
-3120, 2683, 1
-3761, 199, 1
-3362, 2447, 1
-3098, 236, 1
-7201, 2936, 1
-3127, 2533, 1
-3258, 2153, 1
-6793, -3533, 1
-2768, 2609, 1
-3055, 3842, 1
-3544, 2451, 1
-3139, -888, 1
-3492, 1695, 1
-7291, 4593, 1
-3115, 3456, 1
-2957, -260, 1
-3152, -47, 1
-7171, 2831, 1
-2740, 2525, 1
-2064, -2021, 1
-2639, 4229, 1
-3204, 243, 1
-7830, -1885, 1
-3090, 1914, 1
-7298, 4707, 1
-6412, -2638, 1
-3312, -263, 1
-3108, 3574, 1
-2953, 2193, 1
-3333, 2421, 1
-2755, 3958, 1
-7501, 2934, 1
-2955, 123, 1
-3536, 1972, 1
-3483, -803, 1
-3589, 1613, 1
-2996, 1242, 1
-3095, 2380, 1
-7117, -3339, 1
-3078, -1030, 1
-3251, -882, 1
-3429, 2110, 1
-3488, 2790, 1
-7590, 4541, 1
-7273, 5046, 1
-2918, 2460, 1
-8265, 890, 1
-7709, -2228, 1
-3287, 392, 1
-3464, 2889, 1
-3241, -675, 1
-3518, 2749, 1
-3109, -1261, 1
-7872, -1242, 1
-7295, -1158, 1
-2084, 3967, 1
-6987, -3231, 1
-3430, 2157, 1
-3124, 2898, 1
-3069, 2271, 1
-7242, 5290, 1
-3246, 2305, 1
-2894, -216, 1
-1973, -1993, 1
-3067, 2978, 1
-7330, -1202, 1
-3584, 356, 1
-3250, 2475, 1
-3006, 2100, 1
-7576, -1372, 1
-3112, -109, 1
-2860, -105, 1
-3497, 2497, 1
-2933, -369, 1
-7618, 2574, 1
-3229, 1550, 1
-3240, 2012, 1
-7826, -1151, 1
-8141, 1131, 1
-2956, 364, 1
-2986, -1273, 1
-3067, -64, 1
-7277, 2899, 1
-3369, 1609, 1
-7037, 5594, 1
-3321, 283, 1
-3159, 1498, 1
-3066, 1385, 1
-2983, -800, 1
-3442, 2697, 1
-3620, 2364, 1
-7218, 4650, 1
-2913, 21, 1
-3191, 1906, 1
-2657, 4294, 1
-6946, 5665, 1
-2962, -570, 1
-7555, 4065, 1
-7577, 4370, 1
-5916, -3477, 1
-3272, -963, 1
-7779, -1374, 1
-3187, 518, 1
-7205, -3200, 1
-6839, 5416, 1
-6084, -3371, 1
-3174, 588, 1
-8317, 1039, 1
-7713, -1411, 1
-2692, -2172, 1
-3002, 913, 1
-7652, 2803, 1
-7372, 2998, 1
-7481, 2899, 1
-8310, 866, 1
-3088, 2262, 1
-3489, -822, 1
-6917, -3006, 1
-3463, -854, 1
-7020, -1159, 1
-8159, 1297, 1
-2585, -2209, 1
-3633, -63, 1
-3435, 1784, 1
-2984, -840, 1
-3233, -636, 1
-2616, -2062, 1
-2907, 2297, 1
-7027, 5437, 1
-7013, 5536, 1
-8378, 1378, 1
-7338, -1070, 1
-2189, 3678, 1
-2579, -2172, 1
-2715, -2091, 1
-3794, 1002, 1
-7184, 5347, 1
-3042, 3130, 1
-7905, -1610, 1
-2536, -2214, 1
-3487, -36, 1
-2976, 704, 1
-7287, 3302, 1
-3215, 201, 1
-6068, -3240, 1
-7198, 3290, 1
-3077, 28, 1
-3208, 1856, 1
-2947, 1611, 1
-3420, -1006, 1
-2717, -2119, 1
-7823, 3386, 1
-6420, -2703, 1
-3412, 3003, 1
-2899, -1965, 1
-2984, -1035, 1
-3284, -43, 1
-2955, 2970, 1
-7477, -1303, 1
-8388, 1711, 1
-2822, 3659, 1
-2921, 3573, 1
-6804, -3625, 1
-2950, 2623, 1
-7692, -2279, 1
-3150, 1887, 1
-7054, -1170, 1
-3176, 2668, 1
-3072, 3256, 1
-3207, -325, 1
-7660, -1414, 1
-3280, -610, 1
-3282, -207, 1
-3318, 3043, 1
-2930, 3601, 1
-3287, 404, 1
-6946, 5234, 1
-6163, 5281, 1
-7629, -1486, 1
-3191, -517, 1
-8027, 892, 1
-3080, 1690, 1
-7534, -1894, 1
-7806, -1189, 1
-3229, 2313, 1
-7097, -2990, 1
-7377, -1374, 1
-2824, 3609, 1
-2221, 3715, 1
-7244, 2886, 1
-3663, -109, 1
-2241, -1595, 1
-7025, -2991, 1
-8352, 557, 1
-3756, 878, 1
-2709, 4144, 1
-3157, 3511, 1
-7628, 906, 1
-7511, 3381, 1
-3194, -1123, 1
-3081, -1679, 1
-3138, 3284, 1
-3061, 3616, 1
-2240, 3651, 1
-3033, 2001, 1
-7166, -3314, 1
-8367, 1334, 1
-3072, 2097, 1
-2870, -1733, 1
-2648, 2832, 1
-2634, -2370, 1
-3042, 2025, 1
-2883, 2599, 1
-3548, 2255, 1
-7425, 4617, 1
-2799, -2040, 1
-7156, 3088, 1
-7221, -864, 1
-3315, 1728, 1
-3500, 2506, 1
-2751, 4251, 1
-2853, 3541, 1
-3349, 1539, 1
-3166, 2222, 1
-7899, 1273, 1
-2658, -1862, 1
-3713, -90, 1
-2781, -344, 1
-3126, -670, 1
-3501, 1632, 1
-3014, 476, 1
-3781, 1100, 1
-2903, -85, 1
-2863, -852, 1
-7028, 5037, 1
-7441, -1069, 1
-3500, -131, 1
-3132, -240, 1
-2521, 4121, 1
-3369, 2983, 1
-2643, -2328, 1
-7691, -2079, 1
-3205, 3310, 1
-2905, -846, 1
-6559, 4358, 1
-7194, -891, 1
-7421, 3374, 1
-2867, 2811, 1
-3238, 560, 1
-2957, 3488, 1
-3248, -1042, 1
-7192, 3293, 1
-3186, -280, 1
-3273, 3335, 1
-2914, -996, 1
-7650, -596, 1
-3239, 2356, 1
-7698, -1121, 1
-2799, -721, 1
-3281, 2492, 1
-2925, -988, 1
-3298, 114, 1
-7452, 3601, 1
-7220, 5179, 1
-3043, -1122, 1
-3126, 596, 1
-3421, -45, 1
-3712, 168, 1
-2853, 2747, 1
-3007, 3619, 1
-3025, 2438, 1
-3158, 3506, 1
-7162, -2540, 1
-3103, 3188, 1
-8425, 429, 1
-3161, 1881, 1
-3000, 3328, 1
-3276, 3038, 1
-3351, -106, 1
-2795, 4215, 1
-2905, -743, 1
-8363, 1135, 1
-7299, -1032, 1
-3793, 1116, 1
-3060, -1707, 1
-3305, 1918, 1
-3201, 1892, 1
-3357, -745, 1
-3353, 187, 1
-2821, -1702, 1
-3560, -190, 1
-2149, 3889, 1
-3057, 3498, 1
-3576, 2393, 1
-7008, 5608, 1
-7507, -668, 1
-2834, -2023, 1
-3378, -73, 1
-3016, -1858, 1
-3527, 1652, 1
-2783, -361, 1
-2998, 3664, 1
-3124, 663, 1
-3153, 3240, 1
-3405, 181, 1
-7213, 4791, 1
-3112, 1736, 1
-7690, 787, 1
-2905, 3765, 1
-3222, -1179, 1
-2929, 3524, 1
-7631, 3612, 1
-3166, 1666, 1
-3429, 1793, 1
-1955, -1943, 1
-3458, -134, 1
-3550, 1758, 1
-3089, -849, 1
-3300, 2935, 1
-3309, 1823, 1
-7782, 3469, 1
-3262, 3134, 1
-7157, -830, 1
-3591, 7, 1
-2883, 2930, 1
-8411, 1130, 1
-2834, 4033, 1
-7586, 3652, 1
-2832, 3881, 1
-2793, -875, 1
-2833, -2114, 1
-3338, -899, 1
-2955, 2919, 1
-2821, -579, 1
-3073, -323, 1
-3676, 1533, 1
-3279, 3058, 1
-3204, -318, 1
-3381, 236, 1
-7493, 3148, 1
-7247, 2956, 1
-7625, 4494, 1
-6103, -3177, 1
-2906, -555, 1
-7069, -987, 1
-2857, 4088, 1
-3427, 1942, 1
-3343, -776, 1
-7580, -357, 1
-8031, 1024, 1
-3251, 3500, 1
-7207, -2320, 1
-3703, 2190, 1
-2831, -918, 1
-6075, -3200, 1
-7911, -1652, 1
-3211, 302, 1
-7660, 4020, 1
-2968, -826, 1
-7321, 2801, 1
-3442, 1653, 1
-3129, 10, 1
-7272, -925, 1
-2067, -1868, 1
-2837, 2412, 1
-3289, -100, 1
-2766, -2078, 1
-2928, 2019, 1
-3110, -938, 1
-3232, 3162, 1
-3181, 2192, 1
-3220, 2439, 1
-3100, 2584, 1
-3414, 2428, 1
-7123, 4435, 1
-3473, 1944, 1
-7674, -1615, 1
-3431, 3049, 1
-3197, -949, 1
-3220, -1436, 1
-7741, -1245, 1
-7577, 4356, 1
-2149, 3855, 1
-3255, -498, 1
-2938, 1703, 1
-3129, -471, 1
-3366, 2105, 1
-2753, -1881, 1
-7698, 2735, 1
-2947, -902, 1
-3372, 1513, 1
-3340, 1023, 1
-2765, 3758, 1
-3116, 1217, 1
-2833, -1503, 1
-3074, 484, 1
-7129, -3510, 1
-7890, 3360, 1
-3242, 159, 1
-3234, 1642, 1
-6925, 5459, 1
-7291, 4401, 1
-7459, 3558, 1
-3101, 3348, 1
-3008, 3495, 1
-2912, 2209, 1
-3101, 1811, 1
-7649, -1523, 1
-3710, -94, 1
-2855, 2837, 1
-6396, -2636, 1
-7996, 1145, 1
-3722, 1618, 1
-3266, -439, 1
-6997, 5374, 1
-7690, -2262, 1
-3196, 2561, 1
-3087, 157, 1
-3019, 1780, 1
-3491, 2213, 1
-7166, 3082, 1
-7571, -1271, 1
-3443, 2886, 1
-3272, -455, 1
-2913, -1629, 1
-2986, 2679, 1
-2973, -1508, 1
-7411, -694, 1
-3061, -1330, 1
-3293, 2500, 1
-2895, -2006, 1
-3488, 2047, 1
-3454, -104, 1
-3093, -756, 1
-2911, -934, 1
-3199, -138, 1
-3283, 1705, 1
-7854, 3372, 1
-3213, 1190, 1
-3237, -254, 1
-3056, 2379, 1
-3137, 3692, 1
-6347, 4926, 1
-7128, -986, 1
-2238, -1541, 1
-7233, -1109, 1
-3053, 3289, 1
-2903, -109, 1
-7340, -1148, 1
-2189, -1756, 1
-6895, -3630, 1
-2992, 494, 1
-2530, 4255, 1
-7615, -1742, 1
-7963, -1679, 1
-3037, 101, 1
-3340, -795, 1
-2037, 3995, 1
-8449, 1333, 1
-3032, -771, 1
-2837, 2694, 1
-6176, -3008, 1
-7545, -2131, 1
-3047, 2655, 1
-7963, -1799, 1
-7647, 3026, 1
-2777, 3715, 1
-3042, 287, 1
-2876, 4102, 1
-3018, 603, 1
-3476, -292, 1
-3186, 3533, 1
-2696, -2159, 1
-3019, 3738, 1
-7119, 2907, 1
-7578, 3213, 1
-2937, 2167, 1
-3125, -673, 1
-3196, -1416, 1
-3219, 2027, 1
-2532, -2107, 1
-3557, 1563, 1
-2917, 2035, 1
-6929, -3502, 1
-3510, 2121, 1
-3317, 486, 1
-7086, -3062, 1
-3498, 2652, 1
-7812, 3254, 1
-7118, 4733, 1
-3547, 2286, 1
-2871, 4105, 1
-3537, -681, 1
-7452, 4121, 1
-3201, 1715, 1
-3029, -1000, 1
-7567, 3539, 1
-1911, -1995, 1
-2989, 1558, 1
-2017, 3912, 1
-3644, 2188, 1
-2799, 2847, 1
-7600, 4350, 1
-3193, 2243, 1
-3099, 2684, 1
-7467, -1188, 1
-7854, 3735, 1
-3073, 3370, 1
-7134, 2996, 1
-7456, -2162, 1
-3213, -1237, 1
-2977, -1219, 1
-3187, 3328, 1
-2804, 2894, 1
-3353, 36, 1
-7082, -3437, 1
-2523, -2298, 1
-3008, 2307, 1
-3549, 104, 1
-3149, 2839, 1
-1944, 4086, 1
-7066, 5626, 1
-3357, 100, 1
-2641, -1951, 1
-2068, 4000, 1
-6251, 5135, 1
-7238, -1060, 1
-3394, 41, 1
-3361, -213, 1
-6812, 5302, 1
-3069, 1580, 1
-2006, -1961, 1
-3336, 2180, 1
-2886, 2007, 1
-3084, -824, 1
-2999, -1852, 1
-3468, 155, 1
-2791, 4217, 1
-3010, 3005, 1
-7563, 3150, 1
-3233, 2401, 1
-7107, -3350, 1
-7408, 2899, 1
-2841, -1624, 1
-2857, -328, 1
-3631, -131, 1
-3517, 1513, 1
-2874, 2817, 1
-7606, 893, 1
-3209, 1668, 1
-3461, 2516, 1
-2168, 3708, 1
-2873, 2339, 1
-8432, 1697, 1
-7970, 1128, 1
-7530, -2211, 1
-2875, 2792, 1
-2902, -1795, 1
-3726, -18, 1
-3251, -349, 1
-2818, 2779, 1
-2957, -404, 1
-2906, 2590, 1
-2737, 2747, 1
-7484, 3223, 1
-3824, 1011, 1
-3692, -10, 1
-2937, 3378, 1
-3182, 1565, 1
-3023, -1273, 1
-3379, 26, 1
-2538, -2131, 1
-3261, 1421, 1
-2539, 4297, 1
-3006, 2432, 1
-2898, -55, 1
-2795, -678, 1
-3400, 2255, 1
-2933, -438, 1
-7724, -1339, 1
-3186, 1605, 1
-3213, -366, 1
-3812, 901, 1
-6930, -3426, 1
-7649, -627, 1
-3433, -353, 1
-7160, 4999, 1
-3263, 2603, 1
-3574, 444, 1
-1997, 4047, 1
-7039, -1099, 1
-2997, 1352, 1
-7516, -1017, 1
-7739, -2157, 1
-3645, 325, 1
-3506, 490, 1
-3039, 3371, 1
-3195, 200, 1
-3100, 1616, 1
-2960, -476, 1
-3434, 1533, 1
-7632, -1823, 1
-7899, -1810, 1
-3481, 2677, 1
-7369, -2690, 1
-2861, 2344, 1
-7340, -1292, 1
-7800, -2060, 1
-2828, -1594, 1
-2441, 4248, 1
-3663, -318, 1
-3515, -644, 1
-7602, -1148, 1
-3156, -1141, 1
-3623, -58, 1
-3364, 150, 1
-3298, 444, 1
-2749, 2665, 1
-2871, -422, 1
-8286, 1127, 1
-7408, 4328, 1
-3020, -964, 1
-3316, 1692, 1
-3494, 2586, 1
-3121, -1322, 1
-3366, 2911, 1
-3334, 2156, 1
-7339, -2827, 1
-7652, -2082, 1
-3108, 2229, 1
-3588, -357, 1
-3390, -371, 1
-7053, -3524, 1
-3228, -240, 1
-3462, 2101, 1
-8423, 635, 1
-7433, -2650, 1
-6455, -2620, 1
-2486, -2287, 1
-3512, -6, 1
-3532, 1684, 1
-2884, 2538, 1
-7327, -1002, 1
-7189, -923, 1
-8365, 1790, 1
-3360, -66, 1
-3349, 1562, 1
-7484, -2346, 1
-3562, 1038, 1
-7792, -1751, 1
-6920, -3201, 1
-3264, 1917, 1
-7067, 5499, 1
-7383, -1235, 1
-2954, 3077, 1
-2781, 2872, 1
-2521, -2234, 1
-3274, 2229, 1
-7067, -3251, 1
-3065, 199, 1
-5984, -3473, 1
-7975, 3649, 1
-7525, -2326, 1
-7367, 4105, 1
-2747, 3952, 1
-2962, 2141, 1
-3129, 606, 1
-2852, -328, 1
-3460, -346, 1
-3125, 2131, 1
-3618, -415, 1
-2187, -1616, 1
-3042, 401, 1
-3229, 3019, 1
-7914, -1815, 1
-3791, 921, 1
-2072, -2026, 1
-2725, 4131, 1
-6119, -3208, 1
-2929, -725, 1
-3282, 2240, 1
-3131, 1692, 1
-3512, 2217, 1
-3330, 1790, 1
-2886, 2692, 1
-3592, 2251, 1
-2885, 3001, 1
-2689, 4383, 1
-2813, 2697, 1
-3299, 2492, 1
-7646, -1570, 1
-7305, -2701, 1
-2760, -509, 1
-3820, 888, 1
-2841, -1803, 1
-3401, 2411, 1
-2994, 3806, 1
-3300, -1095, 1
-3256, -774, 1
-3086, 2263, 1
-3343, 1152, 1
-7441, 3995, 1
-6483, 4548, 1
-3129, 1789, 1
-2930, 2788, 1
-7229, 4148, 1
-3426, -114, 1
-3504, -574, 1
-3171, 1974, 1
-2818, 2986, 1
-3417, 2464, 1
-3685, 437, 1
-3625, 215, 1
-7225, 5098, 1
-2186, -1794, 1
-3192, -864, 1
-2832, 4059, 1
-3047, -1707, 1
-7482, 4559, 1
-7474, 3480, 1
-2755, 4091, 1
-3469, 2416, 1
-6066, -3296, 1
-3498, 1868, 1
-3667, 2041, 1
-2156, -1776, 1
-3614, -381, 1
-2964, -1488, 1
-3290, 2294, 1
-3730, 918, 1
-7216, -2789, 1
-3480, 2133, 1
-2716, -654, 1
-3339, -93, 1
-3242, 3467, 1
-3408, -19, 1
-7024, 4901, 1
-2977, -1870, 1
-3128, 328, 1
-2628, 4157, 1
-7188, -983, 1
-2825, 4102, 1
-3011, 1511, 1
-3243, 87, 1
-2907, -579, 1
-3245, -1340, 1
-3664, -237, 1
-3768, 971, 1
-3269, -345, 1
-3421, 2665, 1
-6545, 4383, 1
-2871, 2387, 1
-3150, 3120, 1
-2993, 2955, 1
-7399, 4576, 1
-2859, 2254, 1
-6978, -3343, 1
-2947, 2752, 1
-3162, 1974, 1
-3406, 2342, 1
-2652, 4433, 1
-3089, -827, 1
-3140, -1665, 1
-7493, 4557, 1
-3647, 46, 1
-3588, 353, 1
-2999, 279, 1
-3401, 2832, 1
-7975, 904, 1
-3031, -542, 1
-3091, -1589, 1
-3120, 2527, 1
-7969, -1830, 1
-3031, -1452, 1
-2780, 2782, 1
-3058, 3693, 1
-2699, 2787, 1
-3491, -213, 1
-3390, -25, 1
-2500, 4342, 1
-3465, -178, 1
-2529, -2174, 1
-7658, 3845, 1
-3138, 2491, 1
-3619, 181, 1
-7307, 2939, 1
-2676, -2167, 1
-3170, 1462, 1
-3643, 1786, 1
-3368, -330, 1
-3176, 1797, 1
-3255, 2839, 1
-2216, -1607, 1
-3511, 2062, 1
-2579, -2191, 1
-3110, 769, 1
-2717, 2808, 1
-7339, -615, 1
-3249, 1775, 1
-3233, -515, 1
-7441, 4644, 1
-7537, 3880, 1
-3114, 2884, 1
-3567, -557, 1
-3140, 181, 1
-3455, 2698, 1
-2872, 2605, 1
-8443, 1616, 1
-3697, 276, 1
-2943, -851, 1
-2750, 4021, 1
-3062, 3148, 1
-3175, 3025, 1
-2581, 4310, 1
-3480, -364, 1
-2586, -2310, 1
-3008, 1720, 1
-3045, -1493, 1
-3302, 1864, 1
-7586, -2414, 1
-3645, 1555, 1
-3348, 426, 1
-3236, 2968, 1
-3304, 1426, 1
-2968, 1724, 1
-3274, 1178, 1
-7030, 4935, 1
-7770, 3864, 1
-3455, 1499, 1
-7625, 2973, 1
-2541, 4349, 1
-2956, -627, 1
-6258, 5144, 1
-3275, 2253, 1
-3549, 2261, 1
-3499, 1989, 1
-3623, 2276, 1
-3051, -558, 1
-3801, 476, 1
-7392, 4402, 1
-3509, -185, 1
-7649, 3174, 1
-3508, -174, 1
-6118, -3345, 1
-3239, 2851, 1
-3216, 2762, 1
-3338, 3029, 1
-3445, 419, 1
-3266, 2982, 1
-2931, -245, 1
-7344, 2957, 1
-3287, 344, 1
-2105, 3912, 1
-7731, 3636, 1
-7297, 4556, 1
-3398, 39, 1
-7738, 3105, 1
-3670, 2036, 1
-7250, -2429, 1
-3601, 1672, 1
-3382, 552, 1
-3275, -693, 1
-3119, -1393, 1
-7933, -1903, 1
-2253, 3650, 1
-3524, -703, 1
-3415, 444, 1
-8428, 1492, 1
-3194, -940, 1
-7585, 3071, 1
-2856, 2617, 1
-7039, -3397, 1
-3075, 1467, 1
-2894, -1521, 1
-3004, 241, 1
-3215, 2692, 1
-3621, 1762, 1
-7480, 4075, 1
-7128, -2956, 1
-2873, -1943, 1
-2232, -1663, 1
-3481, 1601, 1
-2744, 4020, 1
-3099, 770, 1
-3215, -773, 1
-7911, 1108, 1
-3561, -37, 1
-3162, 2684, 1
-7310, -1297, 1
-2988, 3600, 1
-3379, -1165, 1
-8076, 1151, 1
-7268, -1147, 1
-3045, 1540, 1
-3024, -364, 1
-2917, -899, 1
-8078, 922, 1
-2732, -2155, 1
-1987, 3950, 1
-7621, 3443, 1
-2147, 3874, 1
-2973, 208, 1
-3477, 1822, 1
-3174, 2017, 1
-3347, 27, 1
-7599, 3976, 1
-3303, 1499, 1
-2795, -475, 1
-2667, 2752, 1
-2826, -638, 1
-2773, -759, 1
-2698, -1954, 1
-7381, 3968, 1
-2797, -579, 1
-3053, 1561, 1
-3176, 3327, 1
-3130, 602, 1
-2974, 2045, 1
-2728, 2575, 1
-7582, -1210, 1
-6925, -3420, 1
-3205, 2441, 1
-3082, 105, 1
-3496, 1650, 1
-2539, -2227, 1
-7341, -1247, 1
-3366, -1197, 1
-2953, -87, 1
-3354, 2677, 1
-2877, 3988, 1
-3436, -109, 1
-3144, 456, 1
-2857, 3956, 1
-3260, 322, 1
-3028, 451, 1
-3393, -848, 1
-7103, -994, 1
-3538, -48, 1
-3065, -1343, 1
-3035, 539, 1
-2921, -1317, 1
-3318, 139, 1
-2849, -1467, 1
-2240, 3643, 1
-1989, -1954, 1
-6958, -3472, 1
-2552, 4220, 1
-3197, 3270, 1
-6121, 5414, 1
-3598, 2251, 1
-7283, 5156, 1
-2983, -1409, 1
-2893, -1802, 1
