-3494, 2819, 1
-3053, 337, 1
-3127, 3200, 1
-3131, 1360, 1
-2659, 2830, 1
-2884, 2507, 1
-2408, 4306, 1
-3622, -88, 1
-2585, 4399, 1
-3176, 1834, 1
-3405, 572, 1
-3497, 81, 1
-3317, 3172, 1
-2846, -845, 1
-3415, 1604, 1
-2749, -2043, 1
-3393, -102, 1
-3422, 1508, 1
-7580, 2976, 1
-3031, -176, 1
-3113, -687, 1
-2945, 3021, 1
-2801, -345, 1
-7619, 4501, 1
-7502, -707, 1
-3147, 580, 1
-3709, 1646, 1
-3004, 3178, 1
-7370, -1178, 1
-7080, -1190, 1
-7816, -1163, 1
-3002, -758, 1
-7355, -2389, 1
-3224, 3210, 1
-3077, -1150, 1
-3326, 121, 1
-3195, 3033, 1
-3405, -172, 1
-6124, -3227, 1
-7188, 3045, 1
-3791, 1600, 1
-3073, 1262, 1
-3137, 119, 1
-7322, 3592, 1
-3165, -94, 1
-2684, -638, 1
-7734, 914, 1
-7791, 938, 1
-3601, 2512, 1
-3283, -417, 1
-7664, 3734, 1
-2895, 2349, 1
-3696, -175, 1
-3007, -1768, 1
-3667, 1976, 1
-2990, 2543, 1
-2612, -2041, 1
-7186, -862, 1
-7218, 2898, 1
-3367, -375, 1
-2829, 2973, 1
-3476, 1482, 1
-3287, 2026, 1
-3312, -50, 1
-7877, 4026, 1
-3687, 526, 1
-3291, 2354, 1
-7532, -1374, 1
-7317, -898, 1
-3382, -122, 1
-7574, -1473, 1
-3327, 2547, 1
-3234, 877, 1
-3064, 1941, 1
-7432, 4583, 1
-2884, -456, 1
-7174, -3361, 1
-3112, -1628, 1
-3123, 2648, 1
-3279, -914, 1
-3298, 3165, 1
-7671, 3454, 1
-3228, 3328, 1
-7594, -1886, 1
-2999, 1498, 1
-7139, -1219, 1
-3131, 2739, 1
-7184, 3072, 1
-3812, 1016, 1
-2994, -1058, 1
-7949, -1893, 1
-2669, 3955, 1
-3057, -515, 1
-7293, -886, 1
-3344, 518, 1
-7737, -1765, 1
-3388, 125, 1
-2788, 4091, 1
-7396, -2189, 1
-3622, 2130, 1
-2983, 352, 1
-8404, 564, 1
-3207, 3486, 1
-3361, -57, 1
-7847, -1793, 1
-7528, -2561, 1
-3442, 1933, 1
-5996, -3315, 1
-2856, 3555, 1
-2885, 3787, 1
-7684, 3794, 1
-3000, 820, 1
-3341, 433, 1
-7401, 5021, 1
-3450, 2877, 1
-3185, -137, 1
-3673, 467, 1
-2830, -754, 1
-3467, 2947, 1
-2888, 2994, 1
-6164, 5113, 1
-3541, 2145, 1
-2765, 2565, 1
-3479, 2506, 1
-7675, -1006, 1
-7187, 4716, 1
-3812, 948, 1
-3339, 2483, 1
-3710, 1553, 1
-6955, 5597, 1
-6440, -2640, 1
-2916, 2561, 1
-3070, 3515, 1
-3332, -102, 1
-3342, -607, 1
-3041, -489, 1
-2841, 2264, 1
-7513, 3277, 1
-7702, -2195, 1
-3060, -1312, 1
-7344, 3138, 1
-7260, -1846, 1
-2792, 4108, 1
-7621, 2942, 1
-7704, 2697, 1
-2944, 3771, 1
-2973, -1656, 1
-7648, 3598, 1
-7244, -1080, 1
-2957, 1709, 1
-7545, 2604, 1
-7881, 3651, 1
-3255, -451, 1
-8430, 1451, 1
-3242, 285, 1
-3324, 1554, 1
-2633, 3963, 1
-3627, -77, 1
-3099, -1120, 1
-2656, 4001, 1
-3211, 1470, 1
-2911, -1928, 1
-7914, 3934, 1
-2584, -2133, 1
-3102, 3277, 1
-6984, -3048, 1
-6392, -2716, 1
-2943, 236, 1
-3041, 2108, 1
-3121, -206, 1
-7196, -1031, 1
-2963, -937, 1
-3002, 1298, 1
-7065, 3069, 1
-3064, -517, 1
-7064, -3221, 1
-3032, 1497, 1
-2258, -1546, 1
-2687, 4326, 1
-2922, -1512, 1
-3287, 3386, 1
-3124, -996, 1
-3147, 2284, 1
-7523, 2855, 1
-3363, 2949, 1
-7519, 3319, 1
-8438, 541, 1
-3216, 1488, 1
-3231, -328, 1
-7547, -1588, 1
-3422, 1588, 1
-8138, 1112, 1
-7592, 3681, 1
-7232, -3177, 1
-2812, -510, 1
-3475, 2807, 1
-5985, -3333, 1
-3407, -158, 1
-7757, 3373, 1
-3030, 365, 1
-7404, -2744, 1
-3287, 431, 1
-3200, 3421, 1
-7374, -591, 1
-3236, 2983, 1
-2951, 152, 1
-2901, -1735, 1
-3223, 1462, 1
-3094, -1136, 1
-2951, -983, 1
-3116, -806, 1
-3099, 770, 1
-3551, 2071, 1
-2039, 3933, 1
-3264, 1529, 1
-6035, 5545, 1
-3328, 1543, 1
-3056, 1342, 1
-7573, 3254, 1
-3563, 2727, 1
-3321, 2373, 1
-2935, -673, 1
-3170, 1195, 1
-2994, -1397, 1
-7157, -2982, 1
-2819, -504, 1
-6471, -2484, 1
-3612, -496, 1
-3289, 2932, 1
-2995, 471, 1
-7760, 3595, 1
-3067, 169, 1
-3039, -1361, 1
-7419, -2043, 1
-2872, 2998, 1
-8399, 902, 1
-7122, -1024, 1
-7595, -1863, 1
-3168, 382, 1
-7422, -1440, 1
-2764, 2534, 1
-2175, -1732, 1
-2860, 3928, 1
-3318, -1082, 1
-3306, 2071, 1
-2947, -51, 1
-3008, -1169, 1
-3453, -834, 1
-7446, -661, 1
-2709, 2692, 1
-3613, 180, 1
-2993, 1729, 1
-2957, 2445, 1
-1907, 4052, 1
-7069, -3156, 1
-3370, -403, 1
-2965, 2817, 1
-8274, 729, 1
-7757, -1120, 1
-2742, 4121, 1
-2951, -1595, 1
-3103, -1560, 1
-7799, -2065, 1
-3192, 2305, 1
-3040, 2874, 1
-3046, 2077, 1
-7351, 3035, 1
-7234, 4529, 1
-3173, 3475, 1
-3764, 872, 1
-7573, 4243, 1
-7531, 3513, 1
-7603, 3345, 1
-2725, -2281, 1
-3377, 144, 1
-3081, 2470, 1
-7548, 2939, 1
-3030, 653, 1
-2998, -425, 1
-7265, -974, 1
-3475, 2852, 1
-2852, 2762, 1
-7592, -2426, 1
-2966, 47, 1
-3038, 2924, 1
-2606, -2053, 1
-3245, 2359, 1
-3291, 3092, 1
-3473, 461, 1
-3200, 90, 1
-3274, -1152, 1
-7200, 3187, 1
-3149, 3533, 1
-3437, 1672, 1
-3245, -709, 1
-7525, 4185, 1
-7241, 4755, 1
-3181, 1715, 1
-2746, 3970, 1
-3180, -1437, 1
-2910, 2478, 1
-2800, -905, 1
-3562, 2545, 1
-3129, 332, 1
-3508, 2778, 1
-3084, 1779, 1
-6129, -3366, 1
-8238, 1151, 1
-3307, -345, 1
-3389, -838, 1
-2555, -2292, 1
-3341, -670, 1
-7871, -1913, 1
-7168, 4757, 1
-7663, -2116, 1
-7253, 4234, 1
-3217, 3249, 1
-2636, 4120, 1
-7482, -1144, 1
-6002, -3347, 1
-8432, 1401, 1
-7293, 3383, 1
-7372, -2401, 1
-2951, -1452, 1
-3440, 1623, 1
-7611, 3119, 1
-1958, -1997, 1
-3444, -624, 1
-3126, 2553, 1
-2890, -408, 1
-3563, 309, 1
-2805, -1666, 1
-2830, 2623, 1
-2673, 4328, 1
-7602, -2307, 1
-3390, -428, 1
-7579, -792, 1
-3063, 3433, 1
-3344, -344, 1
-3171, 151, 1
-3020, 3489, 1
-2700, 3837, 1
-3336, -479, 1
-3408, -817, 2
-7339, -1206, 1
-3067, -501, 1
-3319, -847, 1
-3411, 2801, 1
-3314, -331, 1
-7939, -1791, 1
-6322, -2817, 1
-7185, 4880, 1
-2922, 2479, 1
-3365, -1164, 1
-3315, 1170, 1
-3181, 3489, 1
-3006, -94, 1
-3581, -190, 1
-8167, 753, 1
-3301, 279, 1
-2915, -1324, 1
-3513, 1934, 1
-7267, 3330, 1
-2966, 2057, 1
-6880, -3605, 1
-3121, -773, 1
-2191, -1779, 1
-3439, 2149, 1
-7159, -1224, 1
-3347, -43, 1
-8284, 1587, 1
-3406, 2533, 1
-3594, 487, 1
-2661, 4240, 1
-2570, 4254, 1
-3423, 235, 1
-3225, 3264, 1
-3165, 1789, 1
-2768, -692, 1
-3091, -1294, 1
-2649, -2145, 1
-2973, -1343, 1
-3029, -1606, 1
-7860, 3597, 1
-2969, 527, 1
-3206, 2455, 1
-7219, 2909, 1
-3110, 2298, 1
-7722, -1981, 1
-7293, -1121, 1
-3048, -1217, 1
-3332, -927, 1
-3376, 2863, 1
-7310, 3004, 1
-3128, 1685, 1
-3480, 0, 1
-7508, 3326, 1
-3183, -882, 1
-7821, -1481, 1
-3461, 2517, 1
-3206, -1028, 1
-2147, 3892, 1
-7621, 3948, 1
-3306, 1832, 1
-3007, -659, 1
-3230, -409, 1
-2676, 4098, 1
-3139, 1927, 1
-7188, 4916, 1
-3187, 2648, 1
-3490, 2093, 1
-2886, 3943, 1
-7246, 3180, 1
-3410, 2429, 1
-7443, -760, 1
-3008, 322, 1
-3439, 504, 1
-7538, -1889, 1
-2699, -2231, 1
-7184, 4594, 1
-3159, 3342, 1
-8146, 893, 1
-3023, -688, 1
-7024, 5004, 1
-7321, -2119, 1
-3637, 134, 1
-7750, 3580, 1
-3138, 2010, 1
-7424, -1646, 1
-3126, -441, 1
-3329, 1468, 1
-7393, -792, 1
-7848, -1383, 1
-3088, 753, 1
-7476, 4115, 1
-3168, 1744, 1
-3009, -1802, 1
-3417, 2367, 1
-1975, -1950, 1
-7563, 2367, 1
-7467, -1941, 1
-2850, 3864, 1
-3205, 2904, 1
-2976, 2437, 1
-6048, -3426, 1
-3055, -894, 1
-2856, -734, 1
-7375, 3328, 1
-7547, 3821, 1
-3023, 2547, 1
-2813, -499, 1
-2964, 1797, 1
-3095, 3771, 1
-3022, 1382, 1
-2985, 1841, 1
-3230, 425, 1
-2205, -1641, 1
-3023, -1446, 1
-3083, -1101, 1
-2931, 3555, 1
-2981, 826, 1
-2547, 4153, 1
-3068, 262, 1
-3084, 3147, 1
-2841, -200, 1
-7122, -916, 1
-3202, 240, 1
-2995, 2547, 1
-3075, -768, 1
-3264, 607, 1
-7749, -1361, 1
-2424, -2246, 1
-3391, 2337, 1
-3326, 2214, 1
-2893, 3019, 1
-2870, -504, 1
-2776, -1820, 1
-3064, -762, 1
-6913, 5620, 1
-2783, -2001, 1
-2701, 4099, 1
-3129, 2187, 1
-7507, 4329, 1
-2999, 42, 1
-2979, -83, 1
-2768, 4274, 1
-2769, -381, 1
-7373, 5081, 1
-2946, 407, 1
-2919, 3898, 1
-3012, 236, 1
-3129, -833, 1
-3012, 2534, 1
-7722, -2135, 1
-2652, 4037, 1
-2913, -235, 1
-3532, 458, 1
-3059, -1181, 1
-3705, 1022, 1
-2898, 3697, 1
-7256, 4161, 1
-7412, 3024, 1
-2912, -689, 1
-2974, 3364, 1
-2878, -2001, 1
-2859, 2257, 1
-3302, 3186, 1
-2916, -1618, 1
-3070, 2226, 1
-2682, -1931, 1
-3695, 205, 1
-3663, 423, 1
-2927, -784, 1
-2756, -2179, 1
-8289, 935, 1
-2554, -2028, 1
-3396, 1437, 1
-3491, 2869, 1
-7730, 1014, 1
-2820, -1795, 1
-3432, -297, 1
-7305, -3043, 1
-3070, -711, 1
-2942, -1517, 1
-7593, -2032, 1
-3191, 260, 1
-1939, 4013, 1
-3340, 1636, 1
-7099, -2534, 1
-3383, 1879, 1
-3377, 3034, 1
-7765, 3255, 1
-2922, 3979, 1
-2985, 2906, 1
-3176, 2189, 1
-7290, -1674, 1
-3055, 2705, 1
-2968, 3668, 1
-3076, -1481, 1
-3250, 2368, 1
-3259, -929, 1
-2172, 3813, 1
-3321, 3278, 1
-6105, 5379, 1
-3014, -402, 2
-3089, 2675, 1
-2856, 3987, 1
-2933, 1737, 1
-3678, -138, 1
-7305, 2691, 1
-2151, 3945, 1
-2999, 2395, 1
-3047, 3244, 1
-2039, -1858, 1
-3391, 2887, 1
-7418, 4219, 1
-7098, -901, 1
-3508, 2317, 1
-2958, -143, 1
-3640, 2299, 1
-7674, 4131, 1
-3092, -1402, 1
-3636, 1821, 1
-3226, 2507, 1
-7568, 2309, 1
-3259, -586, 1
-3268, -844, 1
-3652, 1907, 1
-3060, -1747, 1
-3103, 784, 1
-3780, 1702, 1
-3188, -23, 1
-7551, 4031, 1
-6219, -3161, 1
-2940, 2215, 1
-2834, -210, 1
-3555, 1033, 1
-8437, 546, 1
-3417, 1636, 1
-2730, -813, 1
-3146, -292, 1
-6485, -2526, 1
-3235, -1215, 1
-3431, 3002, 1
-7317, 3058, 1
-6237, -3081, 1
-3349, 2858, 1
-3595, 41, 1
-3456, -496, 1
-6939, -3412, 1
-3615, 330, 1
-3195, 3315, 1
-3256, 104, 1
-3032, 1474, 1
-3357, -590, 1
-2972, -589, 1
-3588, 2411, 1
-3473, -748, 1
-7381, -1722, 1
-3036, 76, 1
-3768, 958, 1
-3312, 4, 1
-3112, 2704, 1
-3260, 1865, 1
-3113, 819, 1
-7127, -900, 1
-2943, -1602, 1
-3623, 1887, 1
-7358, 3761, 1
-2735, -2225, 1
-2735, 3860, 1
-3514, -659, 1
-3351, 2364, 1
-3628, 996, 1
-2679, -2013, 1
-2482, -2241, 1
-6981, 5391, 1
-3394, 556, 1
-7037, -1146, 1
-2614, -2366, 1
-7288, 3293, 1
-7361, 5029, 1
-3694, 1057, 1
-3035, 3384, 1
-6744, 5651, 1
-3126, 191, 1
-3218, 3105, 1
-2886, -514, 1
-2980, 1922, 1
-3098, -608, 1
-2755, 3827, 1
-3623, 1835, 1
-2923, 3744, 1
-3348, 2442, 1
-2898, 3929, 1
-3071, 2911, 1
-3093, 325, 1
-2914, 3537, 1
-3737, 541, 1
-1916, -2003, 1
-3350, 1517, 1
-3255, 483, 1
-7326, -2431, 1
-3129, 3621, 1
-7644, 4415, 1
-3661, 496, 1
-3259, 1681, 1
-3191, 3216, 1
-3072, -377, 1
-3254, 2552, 1
-2639, 4137, 1
-3017, 457, 1
-3377, -647, 1
-6186, 5194, 1
-8047, 1022, 1
-3212, 1817, 1
-2736, -1940, 1
-7429, 2737, 1
-3361, 391, 1
-7123, 2997, 1
-3247, 2437, 1
-8396, 975, 1
-3266, 2435, 1
-3202, 63, 1
-7275, -3043, 1
-3757, 950, 1
-3398, 312, 1
-2238, -1602, 1
-3696, -161, 1
-3345, 2686, 1
-2901, 2554, 1
-3057, -1078, 1
-3463, 2597, 1
-3328, -752, 1
-3189, 387, 1
-3363, 2583, 1
-3608, 2493, 1
-3672, 1530, 1
-3052, -884, 1
-3201, 174, 1
-3748, 1514, 1
-2863, 2151, 1
-3332, 2150, 1
-7143, 2894, 1
-7706, 3018, 1
-7550, 4288, 1
-3122, 1928, 1
-2944, -996, 1
-7615, 3321, 1
-3300, 3260, 1
-2496, 4236, 1
-2116, 4039, 1
-3110, -1680, 1
-3259, -1123, 1
-2813, 3620, 1
-7524, -416, 1
-3645, -384, 1
-2532, 4233, 1
-7363, 3833, 1
-3569, 1666, 1
-7222, 3300, 1
-7751, 1268, 1
-7702, -1724, 1
-3451, -350, 1
-3552, 1045, 1
-3251, 1597, 1
-7088, 5103, 1
-2744, -1741, 1
-2677, -1912, 1
-7726, -1996, 1
-6998, -3241, 1
-2796, -596, 1
-2785, 2494, 1
-3348, 2053, 1
-3076, 33, 1
-2887, 2772, 1
-3283, -1163, 1
-2474, -2168, 1
-2789, -807, 1
-3212, 3550, 1
-2740, 3938, 1
-3470, -106, 1
-2927, 2274, 1
-2897, 2011, 1
-3162, -22, 1
-2142, -1707, 1
-7597, -2413, 1
-7179, -846, 1
-3034, 2298, 1
-3256, -162, 1
-3142, 2874, 1
-2936, 2690, 1
-2667, 4275, 1
-3385, -860, 1
-7175, -2561, 1
-3392, -691, 1
-7683, 3717, 1
-7547, -1989, 1
-3120, -1655, 1
-7562, 3412, 1
-2808, 2931, 1
-3489, 2703, 1
-3232, 1688, 1
-3159, -228, 1
-2714, 3817, 1
-6974, -3202, 1
-3663, -18, 1
-7329, -2873, 1
-3594, -350, 1
-7598, 3229, 1
-3065, 688, 1
-3442, 537, 1
-3297, 1917, 1
-3141, -395, 1
-3306, 1452, 1
-2746, 3923, 1
-3051, 1259, 1
-7201, 4566, 1
-7448, -2093, 1
-2974, -1833, 1
-7863, -1430, 1
-3247, 2667, 1
-7278, -2128, 1
-3320, 3084, 1
-3088, -775, 1
-6854, 5450, 1
-3364, -73, 1
-7419, -2309, 1
-3055, 523, 1
-2912, 1874, 1
-3442, 2987, 1
-3231, -923, 1
-3220, -848, 1
-3123, 3185, 1
-2887, 3659, 1
-3337, 237, 1
-3344, 513, 1
-3437, -603, 1
-3171, -1168, 1
-3377, 2817, 1
-6095, 5257, 1
-3176, -675, 1
-2947, 1916, 1
-2949, -925, 1
-3540, 2547, 1
-3616, 2158, 1
-3043, -1660, 1
-3319, -585, 1
-7220, -2331, 1
-7303, 3111, 1
-3208, -1382, 1
-3120, 149, 1
-7459, 2922, 1
-3038, 1913, 1
-3550, -178, 1
-3693, 323, 1
-7421, 3155, 1
-7601, -1044, 1
-3204, 503, 1
-3078, -222, 1
-3439, 2672, 1
-8019, 892, 1
-2789, 2630, 1
-2432, -2231, 1
-3535, -652, 1
-7314, -2690, 1
-2701, -687, 1
-7368, 3277, 1
-6222, 5250, 1
-3496, -572, 1
-7285, -3142, 1
-3159, -736, 1
-3130, 2280, 1
-3232, -227, 1
-3289, -354, 1
-3259, 3125, 1
-3264, 3214, 1
-7787, 899, 1
-2957, -1, 1
-2996, 2968, 1
-3069, -851, 1
-3310, -768, 1
-7969, 3546, 1
-7799, -1439, 1
-2078, -1773, 1
-6222, -3021, 1
-2052, -1990, 1
-6165, -3175, 1
-2012, -2060, 1
-3139, -1012, 1
-7653, 4326, 1
-7501, 2889, 1
-3061, 2477, 1
-7677, 2939, 1
-3040, -1368, 1
-2740, -553, 1
-2827, -706, 1
-2855, -831, 1
-7696, -984, 1
-7448, 3763, 1
-3149, 2794, 1
-3221, 1461, 1
-3441, 2418, 1
-2968, 2568, 1
-2994, -427, 1
-2955, -1515, 1
-2742, -602, 1
-3309, -113, 1
-3413, -119, 1
-7132, 2848, 1
-3313, 1962, 1
-5931, -3430, 1
-3258, -318, 1
-7730, -1548, 1
-3091, 1506, 1
-3154, 2055, 1
-3358, 2235, 1
-7389, 3916, 1
-2102, 4071, 1
-7730, -821, 1
-2950, 2265, 1
-2807, 2389, 1
-3078, 1953, 1
-2125, 4023, 1
-3813, 1447, 1
-3099, 3138, 1
-7208, -1092, 1
-3392, 2808, 1
-7828, -1961, 1
-7119, 2927, 1
-7141, 3226, 1
-2721, -808, 1
-3409, 2767, 1
-2966, 1837, 1
-7322, -2372, 1
-3012, 1625, 1
-3605, 40, 1
-7631, 2442, 1
-3588, 2162, 1
-3088, 2381, 1
-3061, 240, 1
-3659, -106, 1
-2958, 2284, 1
-7655, -1672, 1
-3189, 165, 1
-1937, 4032, 1
-3344, 1536, 1
-3133, 3689, 1
-3014, 416, 1
-7255, 4748, 1
-3010, 298, 1
-3178, 1674, 1
-8294, 952, 1
-7809, -1849, 1
-7353, -794, 1
-7792, 3508, 1
-3067, -474, 1
-3206, 2578, 1
-7328, -974, 1
-2882, -296, 1
-2770, 2686, 1
-2798, 2785, 1
-2127, 3748, 1
-3091, -147, 1
-3372, -1046, 1
-7459, -1488, 1
-2890, -1979, 1
-2783, -1729, 1
-2935, -222, 1
-2895, -1805, 1
-2919, 2167, 1
-3734, 1075, 1
-3608, -288, 1
-3367, -890, 1
-2659, -2167, 1
-2968, 2005, 1
-7883, 930, 1
-7070, 5526, 1
-3421, 1620, 1
-3365, -881, 1
-7193, 4473, 1
-2984, 2108, 1
-2924, 2364, 1
-3056, 174, 1
-2872, -1584, 1
-3314, 1841, 1
-3379, 2567, 1
-7218, -1152, 1
-7254, -1975, 1
-8360, 1127, 1
-2790, 2707, 1
-2849, -108, 1
-2997, -1474, 1
-3187, 2480, 1
-3796, 1127, 1
-2696, 4368, 1
-2709, 2659, 1
-3069, 1496, 1
-7239, 3273, 1
-3613, -129, 1
-3670, 1992, 1
-2499, 4205, 1
-2757, -567, 1
-2784, -778, 1
-6428, -2560, 1
-3337, 2141, 1
-7395, 4064, 1
-7419, 3994, 1
-7362, -1216, 1
-7851, 3635, 1
-3009, 2665, 1
-3310, 3004, 1
-2030, 3899, 1
-3647, -260, 1
-3482, -14, 1
-7860, 3793, 1
-7465, 4117, 1
-3114, 1495, 1
-3254, 1495, 1
-7615, 2665, 1
-6294, -2940, 1
-6408, -2744, 1
-3107, 1750, 1
-3161, 149, 1
-7749, 3836, 1
-7612, 3743, 1
-2677, 4194, 1
-3318, 2494, 1
-3642, 1758, 1
-2024, 3970, 1
-3815, 1001, 1
-7778, 3921, 1
-7123, -811, 1
-2814, 3882, 1
-3515, 343, 1
-3131, 2137, 1
-2967, 23, 1
-2981, 2059, 1
-3035, 2838, 1
-3315, -639, 1
-3374, -618, 1
-2689, 4226, 1
-2638, -2145, 1
-2967, 2096, 1
-7935, -1528, 1
-7185, -3125, 1
-3274, -826, 1
-3595, 2560, 1
-3028, -1470, 1
-3022, 1258, 1
-7419, 4894, 1
-7342, -2411, 1
-3640, 2063, 1
-3583, 1886, 1
-7477, -2399, 1
-7693, 3640, 1
-2691, 3913, 1
-3001, 1738, 1
-3148, -417, 1
-2018, 4071, 1
-3309, -870, 1
-3159, 2291, 1
-3514, 2732, 1
-2878, -1545, 1
-3419, 1547, 1
-2135, 3975, 1
-2818, 2333, 1
-7262, 3824, 1
-3212, 351, 1
-3462, 1563, 1
-3126, -1564, 1
-3187, 551, 1
-2715, 3913, 1
-3287, -1363, 1
-3038, 1197, 1
-2978, 1581, 1
-3494, 2770, 1
-7358, -1072, 1
-3138, 1760, 1
-7084, -1055, 1
-7041, 5285, 1
-3017, 3309, 1
-3319, 3329, 1
-2820, 3915, 1
-7226, 3049, 1
-2841, 2592, 1
-3047, 1329, 1
-3532, -375, 1
-3264, 1754, 1
-3500, -608, 1
-3460, -284, 1
-2505, 4260, 1
-3550, -707, 1
-7598, 3543, 1
-3024, 1134, 1
-2912, 3531, 1
-3006, 2241, 1
-2993, 602, 1
-2997, 2308, 1
-7430, -1926, 1
-7321, 3026, 1
-2937, 53, 1
-2936, 2182, 1
-2634, -2377, 1
-3010, 2101, 1
-3594, 1928, 1
-7840, 3599, 1
-2911, 4083, 1
-2844, 2546, 1
-3620, 2071, 1
-2951, 3747, 1
-2071, 4118, 1
-3184, 2809, 1
-3170, -1294, 1
-3191, 2357, 1
-3135, 2336, 1
-3528, 392, 1
-2553, -2255, 1
-8385, 909, 1
-2990, 158, 1
-3031, -844, 1
-3552, -249, 1
-7108, -3252, 1
-2162, -1719, 1
-7218, 4316, 1
-3007, -1029, 1
-7761, -2061, 1
-2954, 317, 1
-2977, 2207, 1
-2989, -1479, 1
-3126, 178, 1
-2929, 3438, 1
-2663, 2844, 1
-7876, -1695, 1
-3432, 2405, 1
-2744, 3935, 1
-7448, -981, 1
-3419, 2575, 1
-3022, 2827, 1
-2959, -721, 1
-3588, -296, 1
-2855, 4135, 1
-3389, 2846, 1
-2870, -294, 1
-3473, 468, 1
-7539, 3124, 1
-3344, 446, 1
-2838, -146, 1
-2812, -347, 1
-7739, 3990, 1
-2952, 2719, 1
-2810, -602, 1
-7316, 4011, 1
-3371, -138, 1
-3315, 1859, 1
-3551, 2218, 1
-7512, -2238, 1
-3169, 3032, 1
-3356, 2658, 1
-3011, 3860, 1
-3455, 1930, 1
-3492, 2470, 1
-7620, -2109, 1
-3611, 408, 1
-3403, -106, 1
-3317, 2546, 1
-2813, 2752, 1
-3241, -896, 1
-7194, 3072, 1
-7179, -3126, 1
-7022, 5303, 1
-2853, -1890, 1
-3397, 553, 1
-7344, 4943, 1
-2691, 4018, 1
-7872, 3839, 1
-6108, -3218, 1
-6998, 5580, 1
-2158, -1777, 1
-3697, 1928, 1
-2069, 4084, 1
-7464, -2802, 1
-2897, 3864, 1
-2820, -2002, 1
-7133, 5169, 1
-3204, 2209, 1
-7621, 3549, 1
-3072, 2475, 1
-3579, 2245, 1
-3008, 56, 1
-3416, 449, 1
-2884, 2745, 1
-3352, 225, 1
-7405, 3148, 1
-3344, -928, 1
-3129, -793, 1
-7332, -3066, 1
-3548, -370, 1
-3288, 302, 1
-7315, 3175, 1
-2849, 3006, 1
-2636, 4273, 1
-7314, -1259, 1
-3195, 255, 1
-3365, 122, 1
-7291, 4244, 1
-3156, 3167, 1
-3079, -1413, 1
-3534, -241, 1
-2832, -502, 1
-7216, 4984, 1
-2776, -644, 1
-3522, -344, 1
-6353, 4790, 1
-2889, 2513, 1
-7607, 3210, 1
-2031, 4042, 1
-3704, 1873, 1
-3092, 360, 1
-3744, 390, 1
-3419, 523, 1
-7338, 3058, 1
-3077, 1648, 1
-3603, 504, 1
-2753, -1938, 1
-3536, 2516, 1
-3586, 1794, 1
-7476, -904, 1
-2860, -1747, 1
-3168, 560, 1
-3488, 577, 1
-3424, 399, 1
-3170, 2345, 1
-7286, -3206, 1
-2838, -137, 1
-3327, 257, 1
-3342, 570, 1
-7789, -1925, 1
-3042, -1429, 1
-2971, -1272, 1
-7097, -814, 1
-3203, 2698, 1
-3111, 413, 1
-2027, 4127, 1
-7324, 3999, 1
-3005, 213, 1
-3575, 247, 1
-2715, -637, 1
-3037, 1971, 1
-7417, 3027, 1
-2774, -687, 1
-1997, 3960, 1
-3411, 2667, 1
-8338, 584, 1
-3264, -256, 1
-7844, -1183, 1
-2942, -326, 1
-2932, 2066, 1
-3033, 1645, 1
-7639, -1018, 1
-3216, -402, 1
-7439, 4710, 1
-7204, -2264, 1
-3245, 2168, 1
-2711, -2168, 1
-3499, 2424, 1
-3444, 1629, 1
-3003, 2585, 1
-6266, 4975, 1
-3468, -875, 1
-3251, -33, 1
-2903, 2348, 1
-7429, -1820, 1
-2750, -2185, 1
-3073, 2030, 1
-3120, 1487, 1
-6381, -2709, 1
-3219, -437, 1
-7253, 5293, 1
-7385, -993, 1
-2953, 1565, 1
-3412, -616, 1
-3450, 2315, 1
-3319, -970, 1
-7120, 2983, 1
-2749, -1805, 1
-7765, -1243, 1
-3153, 144, 1
-7952, 3635, 1
-3385, 1530, 1
-2838, 4025, 1
-3444, -520, 1
-3674, 1967, 1
-3135, 2412, 1
-2629, 4005, 1
-7384, -1827, 1
-3294, 39, 1
-2939, 3952, 1
-7018, -3005, 1
-3171, 103, 1
-3208, 3101, 1
-3508, 469, 1
-2886, 3419, 1
-6352, 4824, 1
-3363, -1197, 1
-7938, -1896, 1
-2845, -464, 1
-7277, 4929, 1
-2932, -2006, 1
-6802, -3555, 1
-2755, 3740, 1
-3045, -246, 1
-7533, -990, 1
-3315, -643, 1
-3349, 2804, 1
-3574, -5, 1
-7026, -1120, 1
-3713, 2136, 1
-3161, 3445, 1
-2704, -721, 1
-7533, -1620, 1
-3139, -230, 1
-3261, 1856, 1
-2951, 354, 1
-3275, 3401, 1
-3343, 2021, 1
-7486, 3841, 1
-3193, 2819, 1
-3361, 592, 1
-7891, -1388, 1
-3355, -764, 1
-3086, 534, 1
-7342, -1326, 1
-2875, 2208, 1
-3080, 1213, 1
-2539, -2174, 1
-3029, 1687, 1
-3597, -382, 1
-3161, 3651, 1
-3192, 1641, 1
-3224, -222, 1
-3026, 84, 1
-6312, -2800, 1
-3366, -655, 1
-3095, 1356, 1
-3021, 2887, 1
-3177, 2148, 1
-2942, 3544, 1
-3060, -1552, 1
-3115, 2518, 1
-3216, 2784, 1
-7590, 2805, 1
-6137, 5219, 1
-3147, -940, 1
-6217, -2986, 1
-3276, 90, 1
-2722, 2777, 1
-3823, 1144, 1
-2914, 2321, 1
-7180, -3106, 1
-3172, -272, 1
-2880, -1901, 1
-3522, 432, 1
-3378, 2579, 1
-3306, -431, 1
-7268, 3795, 1
-3236, 1959, 1
-7221, -1136, 1
-3458, 1844, 1
-3668, 1629, 1
-3453, 1838, 1
-3202, 420, 1
-2997, -1734, 1
-7240, -1214, 1
-7200, -1096, 1
-3286, 3086, 1
-3482, 2011, 1
-6063, 5400, 1
-3613, -422, 1
-3332, 269, 1
-2878, 2478, 1
-2957, 1660, 1
-2862, -2043, 1
-2799, -660, 1
-3347, -336, 1
-6466, 4556, 1
-3428, 2517, 1
-2978, 495, 1
-2728, 4047, 1
-2937, -915, 1
-3074, -1514, 1
-3052, -566, 1
-3064, 2203, 1
-7589, 1030, 1
-2997, 3332, 1
-7229, -2825, 1
-3351, 260, 1
-3152, -1603, 1
-3349, 305, 1
-8011, -1668, 1
-3135, 2813, 1
-3361, 2192, 1
-3383, 2054, 1
-3348, 2762, 1
-7371, 2759, 1
-8039, 3705, 1
-2823, -2034, 1
-7605, -2125, 1
-2807, 2800, 1
-3599, 1747, 1
-7480, 3187, 1
-3204, 3481, 1
-2823, -1860, 1
-7391, -2383, 1
-3506, -170, 1
-3237, -449, 1
-2676, -1887, 1
-2918, 2095, 1
-8345, 716, 1
-3219, -735, 1
-3140, 401, 1
-6100, -3354, 1
-3004, 3756, 1
-2684, -1940, 1
-6829, 5584, 1
-7403, 3270, 1
-7274, -1044, 1
-3478, 487, 1
-7949, 3797, 1
-3118, 3340, 1
-3488, 2146, 1
-3155, 1875, 1
-6814, 5501, 1
-3557, -295, 1
-3528, 1938, 1
-3624, 428, 1
-7749, 3930, 1
-3346, 3142, 1
-6241, -3025, 1
-8385, 1578, 1
-7593, 4339, 1
-3583, 1028, 1
-1909, -2001, 1
-3232, 1461, 1
-3258, 3, 1
-3272, -679, 1
-3369, 2807, 1
-2014, 4021, 1
-7848, -1336, 1
-8332, 519, 1
-3146, 2996, 1
-7552, 3857, 1
-2788, 2666, 1
-3501, 2197, 1
-3082, 16, 1
-7864, 3761, 1
-3311, 2075, 1
-2593, 4237, 1
-3110, 3305, 1
-7818, 4074, 1
-3790, 983, 1
-3134, -1300, 1
-6959, -3549, 1
-7331, -685, 1
-2993, -83, 1
-2837, -832, 1
-3727, 395, 1
-7458, -2229, 1
-3026, 3472, 1
-3529, 1971, 1
-3087, -614, 1
-3047, 1995, 1
-7310, 3229, 1
-7866, 3575, 1
-2720, 3946, 1
-3209, -221, 1
-3039, 2634, 1
-3013, 3000, 1
-7352, 1024, 1
-3138, -243, 1
-2905, -1752, 1
-3794, 510, 1
-3655, 203, 1
-2956, 1695, 1
-3538, -324, 1
-7366, 3444, 1
-3365, 2104, 1
-7769, 3187, 1
-7462, -1733, 1
-6824, 5631, 1
-3553, 1522, 1
-3075, 2951, 1
-7787, 3800, 1
-2522, -2156, 1
-3451, 2826, 1
-2868, -1921, 1
-3410, 153, 1
-2985, 2481, 1
-3195, 355, 1
-3275, -1338, 1
-7110, -3137, 1
-3629, 146, 1
-3359, -1115, 1
-3066, 1742, 1
-3186, -917, 1
-2879, 3495, 1
-2776, -2062, 1
-3278, 1501, 1
-3530, -472, 1
-1984, 4094, 1
-3235, 2420, 1
-2505, -2196, 1
-7359, -1532, 1
-7263, 4563, 1
-3147, 1682, 1
-3106, -1687, 1
-3453, 2046, 1
-3729, 1808, 1
-3128, -577, 1
-3095, -1666, 1
-7470, -1305, 1
-3654, -219, 1
-2925, 2114, 1
-3541, 1861, 1
-2891, 3594, 1
-3388, -279, 1
-3209, -1343, 1
-2892, -333, 1
-3117, 3344, 1
-3258, -926, 1
-6481, -2530, 1
-2795, 2641, 1
-6026, 5300, 1
-2946, 3860, 1
-3377, -92, 1
-2838, 2707, 1
-6100, 5204, 1
-3500, 1804, 1
-2493, -2295, 1
-3639, 266, 1
-3051, -1020, 1
-3027, 2117, 1
-3276, 883, 1
-2752, -2206, 1
-2659, -2022, 1
-3100, 3187, 1
-7018, -3468, 1
-6882, 5552, 1
-3464, 1821, 1
-3078, 1568, 1
-2689, -1805, 1
-2126, 3948, 1
-3044, 1658, 1
-7687, -1872, 1
-3594, -478, 1
-3090, 3500, 1
-5967, -3429, 1
-3290, -966, 1
-2989, -624, 1
-7618, 2595, 1
-3073, -1722, 1
-2841, 2871, 1
-3262, 2197, 1
-3565, -666, 1
-3000, 1113, 1
-3472, -54, 1
-2853, 2319, 1
-2996, -1718, 1
-7519, 3003, 1
-3493, -360, 1
-2229, 3594, 1
-3250, 73, 1
-3657, 239, 1
-2977, 3535, 1
-3653, 147, 1
-6879, -3575, 1
-7191, 2914, 1
-7308, 3269, 1
-2860, 2410, 1
-7118, -889, 1
-3402, 2121, 1
-7439, -1909, 1
-8015, 1193, 1
-7607, -1993, 1
-3152, 2396, 1
-2955, 31, 1
-3022, -1556, 1
-7268, 5214, 1
-3512, 2250, 1
-3108, 1607, 1
-3244, -740, 1
-3340, 553, 1
-3405, 80, 1
-2786, 2584, 1
-3287, 2836, 1
-7298, 5003, 1
-3199, 2547, 1
-3006, 179, 1
-2636, 4242, 1
-2990, 2269, 1
-7447, -854, 1
-2731, 2609, 1
-3275, -1025, 1
-7242, -1196, 1
-3283, 2679, 1
-2548, 4372, 1
-3085, -135, 1
-7726, -1715, 1
-7581, 4060, 1
-3434, 564, 1
-2982, -1623, 1
-2689, -2336, 1
-2756, 3841, 1
-3225, 85, 1
-2857, 2292, 1
-3018, 953, 1
-2626, -2144, 1
-7596, 2872, 1
-2988, -120, 1
-3511, 215, 1
-3498, -588, 1
-2875, -430, 1
-3221, -331, 1
-3388, 526, 1
-3501, 1939, 1
-3019, -902, 1
-7452, 4453, 1
-3127, -968, 1
-2681, -799, 1
-3110, 3127, 1
-3535, 1704, 1
-2215, -1627, 1
-3038, 3535, 1
-7632, 3885, 1
-7602, -226, 1
-7353, -1006, 1
-3091, -1037, 1
-3359, 1898, 1
-7033, 5256, 1
-2712, -1914, 1
-3054, 2320, 1
-7310, -2551, 1
-2787, 3648, 1
-3617, 1583, 1
-3272, -104, 1
-7154, -2705, 1
-2954, -1297, 1
-7040, 5557, 1
-3209, -1295, 1
-3222, 2709, 1
-2744, -1974, 1
-3545, -523, 1
-3018, 2615, 1
-2854, -1830, 1
-3421, 2601, 1
-3009, 906, 1
-3705, -129, 1
-2915, -1909, 1
-3352, 416, 1
-3244, 1778, 1
-3333, 3296, 1
-2689, -645, 1
-7950, 3886, 1
-3152, 1762, 1
-3772, 985, 1
-2881, -1400, 1
-3418, 1902, 1
-3008, -782, 1
-7320, -2077, 1
-3441, 2040, 1
-7705, 3139, 1
-2925, -110, 1
-3047, 2841, 1
-3828, 882, 1
-2904, 2489, 1
-2199, 3749, 1
-2816, 3579, 1
-3511, 260, 1
-3473, 425, 1
-3371, -745, 1
-7573, 2799, 1
-3322, -951, 1
-8178, 745, 1
-2806, -651, 1
-3100, 2377, 1
-3440, 1765, 1
-7520, -1474, 1
-3456, -774, 1
-7573, 4099, 1
-3078, 453, 1
-3639, 1019, 1
-3147, -12, 1
-7443, 3943, 1
-7351, -1297, 1
-3015, 1592, 1
-7635, 3439, 1
-2982, 155, 1
-2578, 4362, 1
-7230, -930, 1
-2698, -2101, 1
-2581, -1983, 1
-2934, 2582, 1
-3034, 3348, 1
-3228, -687, 1
-2784, -401, 1
-7377, 3216, 1
-3283, 2388, 1
-7422, 3306, 1
-7747, -875, 1
-3324, 2656, 1
-7620, -860, 1
-6797, -3330, 1
-2931, -822, 1
-7669, -580, 1
-3156, -959, 1
-3063, -508, 1
-3611, 79, 1
-2967, 3778, 1
-3407, -229, 1
-3235, 1632, 1
-3655, 1904, 1
-3265, 2168, 1
-3530, 241, 1
-7534, 3780, 1
-6369, -2817, 1
-7286, -1245, 1
-3267, 3010, 1
-3290, -602, 1
-7593, 3778, 1
-2851, -1958, 1
-3541, -507, 1
-7486, -715, 1
-3452, 453, 1
-3419, 1809, 1
-3317, 2660, 1
-2083, 3867, 1
-3452, 1576, 1
-3096, -201, 1
-2223, -1602, 1
-3368, -975, 1
-7129, -1158, 1
-7460, -2598, 1
-3194, -632, 1
-3035, -1617, 1
-3078, 1664, 1
-3333, 219, 1
-2662, 2787, 1
-2999, 1141, 1
-2877, 2330, 1
-3261, -715, 1
-2654, 4239, 1
-2898, 4051, 1
-3230, 2506, 1
-3509, 555, 1
-7178, -1078, 1
-8134, 749, 1
-2866, 3025, 1
-6293, 4863, 1
-3005, 658, 1
-3236, 1856, 1
-3333, -668, 1
-2930, -119, 1
-2913, -934, 1
-3520, 219, 1
-2928, 2235, 1
-3093, 677, 1
-3013, 797, 1
-3016, -58, 1
-3312, 1884, 1
-3313, 2331, 1
-7492, -2491, 1
-3357, 2414, 1
-3342, 2863, 1
-3266, -411, 1
-3035, -1433, 1
-6936, 5478, 1
-3100, 2270, 1
-7098, 3001, 1
-2992, 1660, 1
-3362, 1676, 1
-3418, 1987, 1
-2675, 4134, 1
-8122, 1145, 1
-2909, 3720, 1
-3238, 1537, 1
-7679, 3050, 1
-7582, -640, 1
-1956, 4053, 1
-3021, 15, 1
-6457, -2550, 1
-3272, -1228, 1
-3336, 2491, 1
-7660, -895, 1
-3196, -1502, 1
-3406, 290, 1
-2969, 1368, 1
-7514, -1747, 1
-3190, 2102, 1
-3434, -349, 1
-3156, -192, 1
-7683, -1477, 1
-2947, -1980, 1
-2714, -598, 1
-3157, 851, 1
-2757, -518, 1
-2810, 2287, 1
-7364, 3128, 1
-3006, 3822, 1
-3363, 41, 1
-3701, 530, 1
-3292, 2848, 1
-3504, 1013, 1
-3220, -1149, 1
-7753, 3970, 1
-3217, 2520, 1
-3283, 2656, 1
-7151, 5427, 1
-7664, -1921, 1
-3459, -429, 1
-6433, 4674, 1
-3478, 2959, 1
-7698, -1656, 1
-3543, 1834, 1
-7198, -2576, 1
-3264, 248, 1
-7156, 5124, 1
-3498, 2680, 1
-2774, 2659, 1
-3257, 2335, 1
-2769, 2593, 1
-7537, 2645, 1
-3064, -771, 1
-3076, -267, 1
-2978, 623, 1
-3428, -236, 1
-6481, 4530, 1
-3586, 1653, 1
-6103, 5304, 1
-3750, 458, 1
-3118, 225, 1
-7514, 3135, 1
-3682, 486, 1
-2810, -850, 1
-3718, 1736, 1
-3168, 3585, 1
-2648, -2067, 1
-2984, -1682, 1
-3355, -770, 1
-2150, 3824, 1
-7995, -1590, 1
-2973, -1269, 1
-2199, 3824, 1
-3299, 2988, 1
-7853, 3724, 1
-1988, 4040, 1
-3137, 2907, 1
-7176, -970, 1
-2886, 4062, 1
-3519, 2395, 1
-3375, 2619, 1
-3456, 1977, 1
-3523, -199, 1
-2948, 2400, 1
-3083, 1223, 1
-3267, 2996, 1
-3632, -175, 1
-3107, -6, 1
-7812, 1016, 1
-2776, -872, 1
-7585, -2042, 1
-3125, 3657, 1
-2913, -2008, 1
-3183, -1469, 1
-3073, -122, 1
-7614, 4384, 1
-2980, -94, 1
-3408, 431, 1
-7692, -777, 1
-7058, -2999, 1
-3305, 2466, 1
-2773, 2592, 1
-3100, -1231, 1
-3577, -457, 1
-3114, 2064, 1
-8402, 691, 1
-3578, -556, 1
-3169, 2883, 1
-7076, -3383, 1
-7103, 4981, 1
-3349, -775, 1
-2764, 4212, 1
-3666, 1598, 1
-7367, -902, 1
-2854, -117, 1
-7526, -698, 1
-3133, 3573, 1
-2777, 4208, 1
-2988, 3461, 1
-3252, -1435, 1
-3210, -882, 1
-3109, 1560, 1
-3417, 466, 1
-2896, -337, 1
-2898, -1516, 1
-2666, -825, 1
-2853, 2744, 1
-1976, 4035, 1
-3309, 2960, 1
-3446, 601, 1
-3025, -148, 1
-7661, 3778, 1
-3336, 2813, 1
-7323, -3023, 1
-2992, -1529, 1
-3007, 550, 1
-3266, 2373, 1
-2922, -52, 1
-3239, -738, 1
-2974, -799, 1
-2960, -492, 1
-7199, 3180, 1
-3194, 3561, 1
-3032, 2885, 1
-3129, 382, 1
-2844, 2596, 1
-7490, -1606, 1
-1993, -1923, 1
-7266, 2871, 1
-3225, 1639, 1
-3091, -113, 1
-7683, 1169, 1
-3305, -1336, 1
-3317, 880, 1
-3379, -839, 1
-3221, 2117, 1
-3157, 3515, 1
-2997, 572, 1
-3457, 2060, 1
-7181, 5140, 1
-2714, 3927, 1
-3667, 2042, 1
-5974, -3328, 1
-3095, 2899, 1
-2192, 3771, 1
-2790, -818, 1
-3159, 3378, 1
-7502, 3237, 1
-3405, -660, 1
-3263, 2307, 1
-2639, -2252, 1
-3043, 1643, 1
-3794, 470, 1
-3127, 566, 1
-2903, 3457, 1
-7065, 3180, 1
-3107, -636, 1
-3075, 3293, 1
-3265, -816, 1
-7255, 4818, 1
-3350, -746, 1
-3373, 350, 1
-3106, -96, 1
-2664, 3977, 1
-2057, 4144, 1
-7520, -1487, 1
-7960, 3613, 1
-3129, 180, 1
-2774, -2230, 1
-3059, 475, 1
-3104, 2480, 1
-7835, -1776, 1
-2208, -1717, 1
-2061, -1993, 1
-2694, -784, 1
-7644, -1427, 1
-3006, 1473, 1
-7375, -1531, 1
-7708, -1401, 1
-2990, 1371, 1
-2999, 1268, 1
-3075, 2759, 1
-3532, 116, 1
-3760, 1076, 1
-3016, 528, 1
-3021, 3662, 1
-3597, 1562, 1
-3103, 1883, 1
-3494, 2368, 1
-3242, 2033, 1
-3170, 417, 1
-7288, -3144, 1
-8270, 886, 1
-3791, 1573, 1
-3735, 1889, 1
-7648, -403, 1
-7836, 3956, 1
-3033, 551, 1
-7746, -1562, 1
-2999, 2907, 1
-7898, 3620, 1
-5948, 5432, 1
-2926, -423, 1
-7168, 2977, 1
-7691, -799, 1
-7263, -2266, 1
-7615, 2545, 1
-2582, 4171, 1
-3220, -584, 1
-6154, -3226, 1
-2698, -1853, 1
-3561, 2708, 1
-2985, 550, 1
-7507, -712, 1
-2983, 1479, 1
-2526, 4222, 1
-3146, 1636, 1
-7203, 3885, 1
-2983, 1304, 1
-2959, -1321, 1
-3694, 2221, 1
-7101, 3009, 1
-7656, -654, 1
-6760, 5556, 1
-8012, 1109, 1
-3305, -1062, 1
-7450, 3589, 1
-2596, -2257, 1
-2833, 2588, 1
-2812, 3847, 1
-2419, 4324, 1
-2968, -1705, 1
-3573, -651, 1
-3308, 2460, 1
-3076, 3441, 1
-2001, -2040, 1
-3135, 3212, 1
-2940, 2009, 1
-2172, 3804, 1
-6927, -3625, 1
-2995, 3660, 1
-3679, 2297, 1
-2931, 2890, 1
-3131, 352, 1
-2966, -1734, 1
-3157, 3677, 1
-3401, 1667, 1
-3712, 234, 1
-3082, 3251, 1
-3572, 151, 1
-3141, -149, 1
-3353, 3057, 1
-3052, 3429, 1
-3043, 394, 1
-3336, 2978, 1
-3126, 2551, 1
-6394, 4672, 1
-3295, 1947, 1
-3579, 186, 1
-6955, 5179, 1
-3346, 2276, 1
-8385, 1732, 1
-2795, -322, 1
-2035, -1958, 1
-8148, 1114, 1
-3387, -1046, 1
-3032, -700, 1
-2045, 3923, 1
-2642, -1953, 1
-3357, 2099, 1
-3078, 745, 1
-2641, -1921, 1
-3462, -205, 1
-2969, -856, 1
-7483, 2512, 1
-3156, -974, 1
-3036, 2833, 1
-3166, -833, 1
-7497, -2301, 1
-1971, 3960, 1
-3114, 502, 1
-3327, -955, 1
-3667, 460, 1
-2993, 3434, 1
-3278, 1938, 1
-7321, -2967, 1
-2083, -1782, 1
-3673, 1575, 1
-2853, -227, 1
-2104, 4036, 1
-2809, -1713, 1
-7103, 5441, 1
-2975, -356, 1
-8298, 1443, 1
-3164, 2531, 1
-2961, -875, 1
-3573, 410, 1
-2094, -1802, 1
-7689, -984, 1
-3503, 203, 1
-2963, 3700, 1
-2943, 3420, 1
-3220, 3189, 1
-3589, -138, 1
-3154, -18, 1
-2069, 4117, 1
-2892, 2427, 1
-3090, 2647, 1
-7010, -3592, 1
-2950, 2251, 1
-3170, -1401, 1
-2970, 1665, 1
-2792, 2668, 1
-3046, 1632, 1
-2893, 2012, 1
-3019, 3055, 1
-3109, 1686, 1
-3194, -260, 1
-3043, 3209, 1
-6248, -2889, 1
-3183, 2389, 1
-7174, -1108, 1
-2880, -810, 1
-2804, -1937, 1
-7291, 3914, 1
-7433, 4621, 1
-2780, 2857, 1
-7461, 3167, 1
-3308, -74, 1
-3061, 114, 1
-3733, 2037, 1
-3393, 186, 1
-3261, 3282, 1
-3606, 2137, 1
-2881, -777, 1
-2900, -670, 1
-7583, 2986, 1
-3207, -522, 1
-3259, -126, 1
-2852, -451, 1
-3723, 1514, 1
-3152, -1199, 1
-3697, 232, 1
-3159, 2592, 1
-2816, 2622, 1
-3458, 2073, 1
-2792, 2663, 1
-7239, -2654, 1
-6336, 4902, 1
-6923, 5653, 1
-7165, 4568, 1
-2826, 2550, 1
-2848, -1798, 1
-7548, -1293, 1
-3692, 1792, 1
-3171, 3612, 1
-2930, 3001, 1
-3126, 2148, 1
-7493, 3416, 1
-3536, 1989, 1
-3024, 2754, 1
-7383, 4753, 1
-7297, -964, 1
-7276, 3913, 1
-2828, -478, 1
-7051, -3440, 1
-7664, 3980, 1
-7318, -1131, 1
-3034, 797, 1
-3296, -415, 1
-2764, -652, 1
-7736, 3437, 1
-2781, -2068, 1
-2928, -905, 1
-3072, 494, 1
-3291, -1107, 1
-3370, 3197, 1
-3098, -989, 1
-7642, 3347, 1
-7157, -1136, 1
-2554, 4375, 1
-7045, 3190, 1
-3248, 2202, 1
-3672, 2021, 1
-2864, 2247, 1
-3251, 3059, 1
-7182, -2828, 1
-3365, -305, 1
-2828, 2527, 1
-7439, -2089, 1
-7694, -1331, 1
-7203, 3244, 1
-2866, -574, 1
-8021, -1591, 1
-7194, -1068, 1
-3230, 584, 1
-2946, -1958, 1
-3042, 2929, 1
-3306, -921, 1
-2902, -1716, 1
-1997, 4017, 1
-3105, 3519, 1
-7449, 4751, 1
-6326, -2801, 1
-3641, 2286, 1
-3261, 3344, 1
-2868, 3868, 1
-3525, 1602, 1
-3382, 3165, 1
-2058, -1943, 1
-3426, 2012, 1
-3716, 1588, 1
-3057, 2455, 1
-3424, 1426, 1
-2922, 2992, 1
-3208, -1315, 1
-2150, -1878, 1
-3193, 2181, 1
-3070, -1149, 1
-7418, 3223, 1
-7332, 2993, 1
-7700, -881, 1
-7429, 4094, 1
-2890, 2046, 1
-3123, 1658, 1
-2190, -1718, 1
-3323, 1991, 1
-2733, 4300, 1
-7246, 3016, 1
-3664, -106, 1
-3408, -192, 1
-3108, 2628, 1
-7693, -1211, 1
-2623, 2837, 1
-3101, 1582, 1
-7162, 5219, 1
-2923, -622, 1
-3362, -617, 1
-7408, 3064, 1
-3434, 1757, 1
-6359, 4868, 1
-7793, -1621, 1
-3012, -1588, 1
-7510, 4104, 1
-7303, 804, 1
-7549, 882, 1
-7323, -3031, 1
-3564, 2203, 1
-7539, -1230, 1
-2937, -1037, 1
-3145, 38, 1
-3625, 2200, 1
-2728, -1965, 1
-2808, -901, 1
-7712, 4290, 1
-7456, 3597, 1
-7716, -1136, 1
-3749, 1048, 1
-3001, -391, 1
-3304, -527, 1
-3629, 65, 1
-7893, -1891, 1
-3569, 2202, 1
-7397, 4558, 1
-3537, 1922, 1
-3305, 1701, 1
-3634, 2347, 1
-2842, -841, 1
-2998, 744, 1
-3207, 1859, 1
-3646, -83, 1
-2867, 3920, 1
-7411, -939, 1
-3684, 314, 1
-3081, 2913, 1
-3613, 80, 1
-2012, 4075, 1
-7074, -3166, 1
-2912, 3689, 1
-2789, -800, 1
-3336, 2456, 1
-6225, -3146, 1
-1955, 4088, 1
-3489, 2391, 1
-2955, -1423, 1
-2949, 2658, 1
-3042, -1530, 1
-3122, -1589, 1
-2918, 128, 1
-2988, 3969, 1
-3234, 1994, 1
-3287, 2754, 1
-8415, 387, 1
-3182, -98, 1
-3566, 1497, 1
-3184, -1047, 1
-2532, -2226, 1
-3420, 1979, 1
-2670, 4105, 1
-3005, 3314, 1
-2876, 2476, 1
-2916, 2082, 1
-2512, 4172, 1
-7645, -1785, 1
-7250, 3272, 1
-2537, 4207, 1
-3204, -1429, 1
-3000, -1676, 1
-3567, 1990, 1
-3126, -509, 1
-3157, 2675, 1
-7488, -2033, 1
-2822, -1579, 1
-2727, -2246, 1
-2583, -2344, 1
-3332, 2247, 1
-3019, 3689, 1
-3098, 586, 1
-3018, 3802, 1
-8409, 1353, 1
-2981, -429, 1
-3487, 2355, 1
-2902, 154, 1
-7328, -1982, 1
-3588, 70, 1
-7678, -1036, 1
-3022, 1836, 1
-3071, 3632, 1
-2812, -1796, 1
-6396, 4689, 1
-3215, 369, 1
-3514, 1733, 1
-2936, 3367, 1
-3361, -951, 1
-2728, -2237, 1
-2988, 903, 1
-2792, -527, 1
-7665, 2747, 1
-2141, 3878, 1
-3056, -1638, 1
-7347, -2456, 1
-1989, 4056, 1
-3627, 1022, 1
-2875, -440, 1
-7201, 3166, 1
-7717, 1158, 1
-2045, 4075, 1
-3145, -44, 1
-1942, 4038, 1
-3730, 1862, 1
-7764, -1641, 1
-3587, 1506, 1
-3369, 1670, 1
-3475, -7, 1
-7769, 3526, 1
-7591, -1403, 1
-2999, 594, 1
-3152, 2778, 1
-3530, 2158, 1
-3230, 13, 1
-2831, -286, 1
-7726, 3758, 1
-7432, 3857, 1
-3275, -207, 1
-3559, -78, 1
-2728, -2067, 1
-7159, 3096, 1
-2920, 3622, 1
-3365, 157, 1
-2766, -393, 1
-3109, -8, 1
-2750, -1745, 1
-2486, -2198, 1
-3330, -67, 1
-2156, -1702, 1
-3446, 1712, 1
-2721, 2811, 1
-3189, 3554, 1
-3453, 98, 1
-7276, -3025, 1
-7772, -1772, 1
-3013, 1899, 1
-7478, -1277, 1
-3435, 320, 1
-7425, 4248, 1
-7348, -2480, 1
-7121, -2983, 1
-3460, 2727, 1
-3659, -154, 1
-3530, 386, 1
-2818, 2442, 1
-2948, 2288, 1
-2828, -1901, 1
-7332, -2146, 1
-2649, 4407, 1
-3692, 1788, 1
-3145, 490, 1
-3102, 1233, 1
-3256, 2213, 1
-3100, 591, 1
-3315, 2735, 1
-7444, 4615, 1
-7315, 4694, 1
-2594, -2307, 1
-3329, 2328, 1
-3609, 2501, 1
-7047, 5184, 1
-3040, 2184, 1
-3135, 2535, 1
-3434, 2837, 1
-7571, 2615, 1
-3294, 2628, 1
-7181, -914, 1
-2865, 2703, 1
-2781, -782, 1
-7955, 1128, 1
-7676, 2577, 1
-7538, 3394, 1
-3070, 3154, 1
-3466, 196, 1
-2984, 2469, 1
-2027, -1872, 1
-3266, 255, 1
-3292, 2479, 1
-7524, 3739, 1
-7126, 5161, 1
-7345, 4455, 1
-3271, 2023, 1
-3251, -758, 1
-3352, 1564, 1
-3160, 1455, 1
-3295, -601, 1
-3145, 355, 1
-7395, -1127, 1
-3322, 2222, 1
-3787, 894, 1
-7511, 4131, 1
-3363, 2837, 1
-7370, 3379, 1
-3641, 2000, 1
-7472, 2856, 1
-3030, 3339, 1
-2892, 3463, 1
-3334, 443, 1
-7135, -2882, 1
-2569, 4128, 1
-7870, 1027, 1
-3728, 1676, 1
-2014, 4077, 1
-3105, 1481, 1
-2953, 2780, 1
-3069, 3036, 1
-3277, 2666, 1
-2835, 3977, 1
-3204, -501, 1
-7102, -1068, 1
-3053, 1496, 1
-3731, 203, 1
-3034, 3087, 1
-3100, 2531, 1
-3624, 2199, 1
-7636, -643, 1
-2100, -1911, 1
-2695, -1966, 1
-3118, -1599, 1
-3484, -575, 1
-3059, -616, 1
-7965, -1618, 1
-2900, 3429, 1
-7617, -1821, 1
-2970, 3669, 1
-3024, 3260, 1
-3358, 129, 1
-3151, -723, 1
-3121, 197, 1
-2827, 3825, 1
-2862, -1937, 1
-7347, 3720, 1
-3267, 1580, 1
-8181, 1305, 1
-3310, -494, 1
-2786, -639, 1
-2910, 2370, 1
-7160, 3860, 1
-7396, -2145, 1
-7749, -1410, 1
-3336, -1165, 1
-2895, -475, 1
-3314, 478, 1
-3059, 1675, 1
-3326, -473, 1
-7326, 4673, 1
-2908, -56, 1
-3000, 689, 1
-3449, 2934, 1
-7579, 4272, 1
-3269, 3323, 1
-2513, -2220, 1
-2630, -2042, 1
-7021, 5042, 1
-3555, -43, 1
-3000, -1322, 1
-3266, 86, 1
-3055, 2514, 1
-7841, -1251, 1
-3003, 1543, 1
-2040, -1849, 1
-2983, 3509, 1
-7587, 3353, 1
-7856, 3877, 1
-7794, 3431, 1
-7456, 3490, 1
-3260, -1249, 1
-3010, 2300, 1
-6300, 4887, 1
-3079, -979, 1
-6886, 5623, 1
-3066, 1269, 1
-2946, 3665, 1
-8173, 932, 1
-7345, -1224, 1
-6255, -3134, 1
-3538, 1859, 1
-7450, 4069, 1
-7202, -764, 1
-7692, -975, 1
-2945, -139, 1
-7526, 4054, 1
-3469, 211, 1
-2890, 3971, 1
-3087, -763, 1
-2932, 125, 1
-3232, -8, 1
-3437, 1670, 1
-7472, -795, 1
-2861, 2162, 1
-7344, -2502, 1
-3699, 1588, 1
-2795, 3802, 1
-3225, -45, 1
-3334, -262, 1
-7351, -944, 1
-7107, 4731, 1
-3037, 1320, 1
-3044, -1760, 1
-3050, 1547, 1
-3065, 1995, 1
-2157, 3772, 1
-7765, 4131, 1
-3082, 3252, 1
-3285, -744, 1
-6092, -3174, 1
-2970, 3692, 1
-8413, 1014, 1
-2942, -190, 1
-3743, 1127, 1
-3334, 624, 1
-3222, -1188, 1
-2941, 53, 1
-2602, 4381, 1
-2940, -1892, 1
-8226, 750, 1
-6638, -3600, 1
-2602, -2338, 1
-2886, 2970, 1
-2715, 4112, 1
-7371, 3335, 1
-2833, 2909, 1
-2815, -2017, 1
-7425, 4434, 1
-3296, 1923, 1
-7416, 3758, 1
-7076, 5319, 1
-3436, -317, 1
-7882, -1958, 1
-7583, 3896, 1
-7611, 2777, 1
-2876, -1805, 1
-2861, -498, 1
-7508, -801, 1
-3064, 112, 1
-3064, 1899, 1
-2968, 2189, 1
-3456, 302, 1
-3135, 2144, 1
-3714, 1922, 1
-3537, 215, 1
-3410, 521, 1
-7392, 4608, 1
-3477, 1725, 1
-7387, -1089, 1
-3693, 1084, 1
-2873, 2297, 1
-2818, 2341, 1
-2839, 3693, 1
-7011, 4932, 1
-2851, -1788, 1
-3581, -386, 1
-3171, 71, 1
-6835, 5313, 1
-3011, 1626, 1
-3283, 1711, 1
-3431, 302, 1
-7496, 2825, 1
-7414, 3062, 1
-3428, -645, 1
-6360, 4817, 1
-3081, -401, 1
-3240, -263, 1
-6951, 5676, 1
-3509, -415, 1
-3222, -1391, 1
-7109, -2931, 1
-7546, 4079, 1
-3100, 702, 1
-2937, 3816, 1
-7173, -2560, 1
-7445, 4494, 1
-3432, 1852, 1
-7775, 2964, 1
-3503, -369, 1
-7628, 4435, 1
-3356, 2659, 1
-7460, -2688, 1
-3230, -406, 1
-3220, 2805, 1
-7681, -1820, 1
-3055, 2097, 1
-3068, 2459, 1
-3511, 7, 1
-2647, -2323, 1
-3485, -153, 1
-3351, 1604, 1
-2994, 2520, 1
-3208, 293, 1
-3058, 656, 1
-3110, -838, 1
-2825, 2674, 1
-3340, 2321, 1
-2743, 4013, 1
-3388, -871, 1
-7449, -1020, 1
-2743, 4319, 1
-2132, -1877, 1
-3782, 902, 1
-2935, -3, 1
-2672, -2013, 1
-5922, -3441, 1
-7357, 4679, 1
-2802, -1952, 1
-7172, -811, 1
-2010, -2042, 1
-3326, -813, 1
-3327, 2154, 1
-3063, 3119, 1
-2548, -2288, 1
-3121, 2810, 1
-3021, -636, 1
-2722, 4192, 1
-3673, 416, 1
-7549, -516, 1
-7108, -739, 1
-6195, 5118, 1
-2926, 2839, 1
-2867, 3693, 1
-7690, 3241, 1
-3031, 333, 1
-3299, 1828, 1
-2967, 2320, 1
-2915, -675, 1
-3384, -964, 1
-3003, -301, 1
-3132, 3489, 1
-3155, -1318, 1
-7660, -2275, 1
-2794, -695, 1
-3663, 330, 1
-7258, -2578, 1
-3096, -295, 1
-3223, 1692, 1
-2731, 4186, 1
-3495, -750, 1
-2216, -1687, 1
-3043, 1917, 1
-7129, 2849, 1
-3088, 810, 1
-3291, 370, 1
-3243, 1619, 1
-2991, 2622, 1
-7662, 3169, 1
-2970, 3498, 1
-2886, -218, 1
-2986, 1124, 1
-2687, 2717, 1
-2582, 4361, 1
-2876, -1494, 1
-7625, 3941, 1
-7216, -1212, 1
-7993, 3837, 1
-6023, -3330, 1
-3213, 171, 1
-3136, 2843, 1
-2750, -446, 1
-2088, -1797, 1
-7669, 3857, 1
-3576, 2573, 1
-2823, -754, 1
-3058, -1, 1
-3446, 2962, 1
-2060, 3881, 1
-3421, 2055, 1
-7236, -2881, 1
-1983, -2003, 1
-2800, 4072, 1
-7966, 896, 1
-3410, 1887, 1
-7591, 4328, 1
-7046, 5375, 1
-3442, 581, 1
-7246, -1186, 1
-7075, -3376, 1
-3518, 2663, 1
-7114, -2895, 1
-7408, 3464, 1
-3337, -1083, 1
-3588, 2398, 1
-7288, 4636, 1
-2989, -451, 1
-3076, -256, 1
-3188, 870, 1
-3200, 2783, 1
-2863, -408, 1
-7449, -2647, 1
-2266, 3537, 1
-3013, -1299, 1
-7610, -1441, 1
-7665, -1812, 1
-3596, 308, 1
-3508, 1685, 1
-2904, 2942, 1
-3376, -112, 1
-2768, -795, 1
-7337, -973, 1
-2985, 628, 1
-3375, 119, 1
-6770, 5569, 1
-7125, -1179, 1
-2706, 4268, 1
-2889, 2030, 1
-2686, 4314, 1
-7584, 4494, 1
-3179, 536, 1
-3716, 230, 1
-7500, 3708, 1
-7251, 2926, 1
-3120, 2481, 1
-2758, 2508, 1
-2992, -678, 1
-7198, 5375, 1
-7505, 2873, 1
-3477, 546, 1
-2998, -871, 1
-3072, -1739, 1
-2786, -431, 1
-7108, 5580, 1
-7469, -1103, 1
-3080, 2595, 1
-7556, 3657, 1
-7305, 4779, 1
-2930, 3350, 1
-3556, -431, 1
-3159, 1451, 1
-2997, 2680, 1
-2749, -874, 1
-2941, 1825, 1
-3002, -671, 1
-3027, -1633, 1
-3604, -215, 1
-3193, -1221, 1
-3152, -1400, 1
-3159, 1690, 1
-2999, -91, 1
-7150, 5307, 1
-7379, -1127, 1
-2906, 3642, 1
-2976, 3318, 1
-7586, 3421, 1
-3109, 1763, 1
-6303, 4882, 1
-2860, 2377, 1
-7160, -967, 1
-3626, 1710, 1
-3119, 182, 1
-3783, 300, 1
-7215, 4610, 1
-2653, 4173, 1
-7165, 5278, 1
-8388, 1563, 1
-3132, -554, 1
-8252, 553, 1
-7546, -908, 1
-7512, -2619, 1
-3431, -592, 1
-3008, 538, 1
-2842, -216, 1
-3093, -517, 1
-2927, -34, 1
-2969, 2653, 1
-3095, 2250, 1
-2861, 3774, 1
-3243, 2095, 1
-6022, 5444, 1
-3545, 2638, 1
-7632, -2357, 1
-3620, -418, 1
-2228, 3670, 1
-7057, -3587, 1
-3231, 3497, 1
-2978, -1637, 1
-3541, 2631, 1
-2665, -1972, 1
-6899, -3536, 1
-3720, 1877, 1
-2972, 2595, 1
-2869, 4030, 1
-3028, -879, 1
-3742, 950, 1
-3313, 1571, 1
-7336, -927, 1
-8422, 501, 1
-3443, -453, 1
-7600, 3177, 1
-3779, 1767, 1
-2984, 2446, 1
-7251, -1062, 1
-3078, 80, 1
-7310, 4608, 1
-2719, 3992, 1
-3083, 2716, 1
-7088, 5504, 1
-6372, 4914, 1
-2772, -801, 1
-6828, -3510, 1
-3542, 1047, 1
-3143, 1989, 1
-7424, 3247, 1
-3692, 1732, 1
-3237, 343, 1
-2798, -2017, 1
-2937, 2874, 1
-7127, -1164, 1
-2906, 2527, 1
-3307, -521, 1
-7114, 3054, 1
-3105, 781, 1
-7003, -1143, 1
-7062, 3062, 1
-7570, -600, 1
-7774, -1882, 1
-3076, 2525, 1
-3328, 3017, 1
-3235, -914, 1
-3627, 2081, 1
-6484, 4609, 1
-2998, -910, 1
-3711, 365, 1
-3443, -774, 1
-2774, 2439, 1
-3135, 24, 1
-2821, -1674, 1
-7367, 3281, 1
-3163, -371, 1
-3117, -1138, 1
-2792, -1642, 1
-3414, 260, 1
-7038, -3489, 1
-7590, 2925, 1
-3151, 2441, 1
-3706, 1002, 1
-3314, 2291, 1
-2025, -1954, 1
-7559, -2257, 1
-3235, -250, 1
-7204, 5251, 1
